[22:32:23] INFO     Running containerized command:                                                                                                                                                                                                                                       container.py:285
[20:32:23] VERBOSE  Resolved PDK variant ihp-sg13g2.                  cli.py:534
[20:32:23] INFO     Loading the design configuration file has      config.py:736
                    generated the following warnings:                           
[20:32:23] WARNING  The configuration variable 'FP_PDN_MULTILAYER' config.py:740
                    is deprecated. Please check the docs for the                
                    usage on the replacement variable                           
                    'PDN_MULTILAYER'.                                           
[20:32:23] WARNING  The configuration variable 'FP_PDN_VPITCH' is  config.py:740
                    deprecated. Please check the docs for the                   
                    usage on the replacement variable                           
                    'PDN_VPITCH'.                                               
[20:32:23] WARNING  The configuration variable 'FP_IO_VLENGTH' is  config.py:740
                    deprecated. Please check the docs for the                   
                    usage on the replacement variable                           
                    'IO_PIN_V_LENGTH'.                                          
[20:32:23] WARNING  The configuration variable 'FP_IO_HLENGTH' is  config.py:740
                    deprecated. Please check the docs for the                   
                    usage on the replacement variable                           
                    'IO_PIN_H_LENGTH'.                                          
[20:32:23] INFO     Starting a new run of the 'Classic' flow with    flow.py:654
                    the tag 'wokwi'.                                            
[20:32:23] INFO     Starting…                                  sequential.py:339
──────────────────────────────── Verilator Lint ────────────────────────────────
[20:32:23] VERBOSE  Running 'Verilator.Lint' at                     step.py:1138
                    'runs/wokwi/01-verilator-lint'…                             
[20:32:23] VERBOSE  Logging subprocess to                           step.py:1338
                    'runs/wokwi/01-verilator-lint/verilator-lint.lo             
                    g'…                                                         
%Warning-PINCONNECTEMPTY:                                                       
/Users/yuri/Documents/5_projects/swisschips-fpga/tt-fpga/src/project.sv:39:10:  
Instance pin connected by name with empty reference: 'config_sc_o'              
   39 |         .config_sc_o(),                                                 
      |          ^~~~~~~~~~~                                                    
                          ... For warning description see                       
https://verilator.org/warn/PINCONNECTEMPTY?v=5.044                              
                          ... Use "/* verilator lint_off PINCONNECTEMPTY */" and
lint_on around source to disable this message.                                  
%Warning-UNUSEDSIGNAL:                                                          
/Users/yuri/Documents/5_projects/swisschips-fpga/tt-fpga/src/project.sv:11:23:  
Signal is not used: 'uio_in'                                                    
                                                                                
                    : ... note: In instance 'tt_um_yuri_fpga'                   
   11 |     input  wire [7:0] uio_in,                                           
      |                       ^~~~~~                                            
                       ... For warning description see                          
https://verilator.org/warn/UNUSEDSIGNAL?v=5.044                                 
                       ... Use "/* verilator lint_off UNUSEDSIGNAL */" and      
lint_on around source to disable this message.                                  
%Warning-UNOPTFLAT:                                                             
/Users/yuri/Documents/5_projects/swisschips-fpga/tt-fpga/src/tt-fpga/fpga_buildi
ng_block.sv:34:11: Signal unoptimizable: Circular combinational logic:          
'tt_um_yuri_fpga.i_dut.x_grid_loop[1].y_grid_loop[0].fpga_bb_i.clb_output'      
                                                                                
                                     : ... note: In instance                    
'tt_um_yuri_fpga.i_dut.x_grid_loop[1].y_grid_loop[0].fpga_bb_i'                 
   34 |     logic clb_output;                                                   
      |           ^~~~~~~~~~                                                    
                    ... For warning description see                             
https://verilator.org/warn/UNOPTFLAT?v=5.044                                    
                    ... Use "/* verilator lint_off UNOPTFLAT */" and lint_on    
around source to disable this message.                                          
                    /Users/yuri/Documents/5_projects/swisschips-fpga/tt-fpga/src
/tt-fpga/fpga_building_block.sv:34:11:      Example path:                       
tt_um_yuri_fpga.i_dut.x_grid_loop[1].y_grid_loop[0].fpga_bb_i.clb_output        
                    /Users/yuri/Documents/5_projects/swisschips-fpga/tt-fpga/src
/tt-fpga/fpga_building_block.sv:22:36:      Example path: ASSIGNW               
                    /Users/yuri/Documents/5_projects/swisschips-fpga/tt-fpga/src
/tt-fpga/fpga_building_block.sv:22:36:      Example path:                       
tt_um_yuri_fpga.i_dut.x_grid_loop[1].y_grid_loop[0].fpga_bb_i.west_o            
                    /Users/yuri/Documents/5_projects/swisschips-fpga/tt-fpga/src
/tt-fpga/fpga_building_block.sv:22:36:      Example path: ASSIGNW               
                    /Users/yuri/Documents/5_projects/swisschips-fpga/tt-fpga/src
/tt-fpga/fpga_building_block.sv:22:36:      Example path:                       
tt_um_yuri_fpga.i_dut.__Vcellout__x_grid_loop[1].y_grid_loop[0].fpga_bb_i__west_
o                                                                               
                    /Users/yuri/Documents/5_projects/swisschips-fpga/tt-fpga/src
/tt-fpga/fpga_building_block.sv:19:35:      Example path: ASSIGNW               
                    /Users/yuri/Documents/5_projects/swisschips-fpga/tt-fpga/src
/tt-fpga/fpga_building_block.sv:19:35:      Example path:                       
tt_um_yuri_fpga.i_dut.x_grid_loop[0].y_grid_loop[0].fpga_bb_i.east_i            
                    /Users/yuri/Documents/5_projects/swisschips-fpga/tt-fpga/src
/tt-fpga/fpga_building_block.sv:19:35:      Example path: ASSIGNW               
                    /Users/yuri/Documents/5_projects/swisschips-fpga/tt-fpga/src
/tt-fpga/fpga_building_block.sv:19:35:      Example path:                       
tt_um_yuri_fpga.i_dut.x_grid_loop[1].y_grid_loop[0].fpga_bb_i.__VdfgRegularize_h
6e95ff9d_0_8                                                                    
                    /Users/yuri/Documents/5_projects/swisschips-fpga/tt-fpga/src
/tt-fpga/fpga_building_block.sv:23:36:      Example path: ASSIGNW               
                    /Users/yuri/Documents/5_projects/swisschips-fpga/tt-fpga/src
/tt-fpga/fpga_building_block.sv:23:36:      Example path:                       
tt_um_yuri_fpga.i_dut.x_grid_loop[0].y_grid_loop[0].fpga_bb_i.north_o           
                    /Users/yuri/Documents/5_projects/swisschips-fpga/tt-fpga/src
/tt-fpga/fpga_grid.sv:30:51:      Example path: ASSIGNW                         
                    /Users/yuri/Documents/5_projects/swisschips-fpga/tt-fpga/src
/tt-fpga/fpga_grid.sv:30:51:      Example path:                                 
tt_um_yuri_fpga.i_dut.north_grid[3:0]                                           
                    /Users/yuri/Documents/5_projects/swisschips-fpga/tt-fpga/src
/tt-fpga/fpga_building_block.sv:20:35:      Example path: ASSIGNW               
                    /Users/yuri/Documents/5_projects/swisschips-fpga/tt-fpga/src
/tt-fpga/fpga_building_block.sv:20:35:      Example path:                       
tt_um_yuri_fpga.i_dut.x_grid_loop[0].y_grid_loop[1].fpga_bb_i.south_i           
                    /Users/yuri/Documents/5_projects/swisschips-fpga/tt-fpga/src
/tt-fpga/fpga_building_block.sv:20:35:      Example path: ASSIGNW               
                    /Users/yuri/Documents/5_projects/swisschips-fpga/tt-fpga/src
/tt-fpga/fpga_building_block.sv:20:35:      Example path:                       
tt_um_yuri_fpga.i_dut.x_grid_loop[0].y_grid_loop[0].fpga_bb_i.__VdfgRegularize_h
6e95ff9d_0_10                                                                   
                    /Users/yuri/Documents/5_projects/swisschips-fpga/tt-fpga/src
/tt-fpga/fpga_building_block.sv:24:36:      Example path: ASSIGNW               
                    /Users/yuri/Documents/5_projects/swisschips-fpga/tt-fpga/src
/tt-fpga/fpga_building_block.sv:24:36:      Example path:                       
tt_um_yuri_fpga.i_dut.x_grid_loop[0].y_grid_loop[1].fpga_bb_i.east_o            
                    /Users/yuri/Documents/5_projects/swisschips-fpga/tt-fpga/src
/tt-fpga/fpga_building_block.sv:24:36:      Example path: ASSIGNW               
                    /Users/yuri/Documents/5_projects/swisschips-fpga/tt-fpga/src
/tt-fpga/fpga_building_block.sv:24:36:      Example path:                       
tt_um_yuri_fpga.i_dut.__Vcellout__x_grid_loop[0].y_grid_loop[1].fpga_bb_i__east_
o                                                                               
                    /Users/yuri/Documents/5_projects/swisschips-fpga/tt-fpga/src
/tt-fpga/fpga_building_block.sv:17:35:      Example path: ASSIGNW               
                    /Users/yuri/Documents/5_projects/swisschips-fpga/tt-fpga/src
/tt-fpga/fpga_building_block.sv:17:35:      Example path:                       
tt_um_yuri_fpga.i_dut.x_grid_loop[1].y_grid_loop[1].fpga_bb_i.west_i            
                    /Users/yuri/Documents/5_projects/swisschips-fpga/tt-fpga/src
/tt-fpga/fpga_building_block.sv:17:35:      Example path: ASSIGNW               
                    /Users/yuri/Documents/5_projects/swisschips-fpga/tt-fpga/src
/tt-fpga/fpga_building_block.sv:17:35:      Example path:                       
tt_um_yuri_fpga.i_dut.x_grid_loop[0].y_grid_loop[1].fpga_bb_i.__VdfgRegularize_h
6e95ff9d_0_15                                                                   
                    /Users/yuri/Documents/5_projects/swisschips-fpga/tt-fpga/src
/tt-fpga/fpga_building_block.sv:25:36:      Example path: ASSIGNW               
                    /Users/yuri/Documents/5_projects/swisschips-fpga/tt-fpga/src
/tt-fpga/fpga_building_block.sv:25:36:      Example path:                       
tt_um_yuri_fpga.i_dut.x_grid_loop[1].y_grid_loop[1].fpga_bb_i.south_o           
                    /Users/yuri/Documents/5_projects/swisschips-fpga/tt-fpga/src
/tt-fpga/fpga_building_block.sv:25:36:      Example path: ASSIGNW               
                    /Users/yuri/Documents/5_projects/swisschips-fpga/tt-fpga/src
/tt-fpga/fpga_building_block.sv:25:36:      Example path:                       
tt_um_yuri_fpga.i_dut.__Vcellout__x_grid_loop[1].y_grid_loop[1].fpga_bb_i__south
_o                                                                              
                    /Users/yuri/Documents/5_projects/swisschips-fpga/tt-fpga/src
/tt-fpga/fpga_building_block.sv:18:35:      Example path: ASSIGNW               
                    /Users/yuri/Documents/5_projects/swisschips-fpga/tt-fpga/src
/tt-fpga/fpga_building_block.sv:18:35:      Example path:                       
tt_um_yuri_fpga.i_dut.x_grid_loop[1].y_grid_loop[0].fpga_bb_i.north_i           
                    /Users/yuri/Documents/5_projects/swisschips-fpga/tt-fpga/src
/tt-fpga/fpga_building_block.sv:18:35:      Example path: ASSIGNW               
                    /Users/yuri/Documents/5_projects/swisschips-fpga/tt-fpga/src
/tt-fpga/fpga_building_block.sv:18:35:      Example path:                       
tt_um_yuri_fpga.i_dut.x_grid_loop[1].y_grid_loop[1].fpga_bb_i.__VdfgRegularize_h
6e95ff9d_0_12                                                                   
                    /Users/yuri/Documents/5_projects/swisschips-fpga/tt-fpga/src
/tt-fpga/fpga_building_block.sv:22:36:      Example path: ASSIGNW               
%Warning-UNOPTFLAT:                                                             
/Users/yuri/Documents/5_projects/swisschips-fpga/tt-fpga/src/tt-fpga/fpga_buildi
ng_block.sv:19:35: Signal unoptimizable: Circular combinational logic:          
'tt_um_yuri_fpga.i_dut.x_grid_loop[1].y_grid_loop[1].fpga_bb_i.__VdfgRegularize_
h6e95ff9d_0_11'                                                                 
                                                                                
                                     : ... note: In instance                    
'tt_um_yuri_fpga.i_dut.x_grid_loop[1].y_grid_loop[1].fpga_bb_i'                 
   19 |     input logic [ChannelSize-1:0] east_i,                               
      |                                   ^~~~~~                                
                    /Users/yuri/Documents/5_projects/swisschips-fpga/tt-fpga/src
/tt-fpga/fpga_building_block.sv:19:35:      Example path:                       
tt_um_yuri_fpga.i_dut.x_grid_loop[1].y_grid_loop[1].fpga_bb_i.__VdfgRegularize_h
6e95ff9d_0_11                                                                   
                    /Users/yuri/Documents/5_projects/swisschips-fpga/tt-fpga/src
/tt-fpga/fpga_building_block.sv:25:36:      Example path: ASSIGNW               
                    /Users/yuri/Documents/5_projects/swisschips-fpga/tt-fpga/src
/tt-fpga/fpga_building_block.sv:25:36:      Example path:                       
tt_um_yuri_fpga.i_dut.x_grid_loop[0].y_grid_loop[1].fpga_bb_i.south_o           
                    /Users/yuri/Documents/5_projects/swisschips-fpga/tt-fpga/src
/tt-fpga/fpga_building_block.sv:25:36:      Example path: ASSIGNW               
                    /Users/yuri/Documents/5_projects/swisschips-fpga/tt-fpga/src
/tt-fpga/fpga_building_block.sv:25:36:      Example path:                       
tt_um_yuri_fpga.i_dut.__Vcellout__x_grid_loop[0].y_grid_loop[1].fpga_bb_i__south
_o                                                                              
                    /Users/yuri/Documents/5_projects/swisschips-fpga/tt-fpga/src
/tt-fpga/fpga_building_block.sv:18:35:      Example path: ASSIGNW               
                    /Users/yuri/Documents/5_projects/swisschips-fpga/tt-fpga/src
/tt-fpga/fpga_building_block.sv:18:35:      Example path:                       
tt_um_yuri_fpga.i_dut.x_grid_loop[0].y_grid_loop[0].fpga_bb_i.north_i           
                    /Users/yuri/Documents/5_projects/swisschips-fpga/tt-fpga/src
/tt-fpga/fpga_building_block.sv:18:35:      Example path: ASSIGNW               
                    /Users/yuri/Documents/5_projects/swisschips-fpga/tt-fpga/src
/tt-fpga/fpga_building_block.sv:18:35:      Example path:                       
tt_um_yuri_fpga.i_dut.x_grid_loop[0].y_grid_loop[1].fpga_bb_i.__VdfgRegularize_h
6e95ff9d_0_9                                                                    
                    /Users/yuri/Documents/5_projects/swisschips-fpga/tt-fpga/src
/tt-fpga/fpga_building_block.sv:24:36:      Example path: ASSIGNW               
                    /Users/yuri/Documents/5_projects/swisschips-fpga/tt-fpga/src
/tt-fpga/fpga_building_block.sv:24:36:      Example path:                       
tt_um_yuri_fpga.i_dut.x_grid_loop[0].y_grid_loop[0].fpga_bb_i.east_o            
                    /Users/yuri/Documents/5_projects/swisschips-fpga/tt-fpga/src
/tt-fpga/fpga_grid.sv:31:51:      Example path: ASSIGNW                         
                    /Users/yuri/Documents/5_projects/swisschips-fpga/tt-fpga/src
/tt-fpga/fpga_grid.sv:31:51:      Example path:                                 
tt_um_yuri_fpga.i_dut.east_grid[3:0]                                            
                    /Users/yuri/Documents/5_projects/swisschips-fpga/tt-fpga/src
/tt-fpga/fpga_building_block.sv:17:35:      Example path: ASSIGNW               
                    /Users/yuri/Documents/5_projects/swisschips-fpga/tt-fpga/src
/tt-fpga/fpga_building_block.sv:17:35:      Example path:                       
tt_um_yuri_fpga.i_dut.x_grid_loop[1].y_grid_loop[0].fpga_bb_i.west_i            
                    /Users/yuri/Documents/5_projects/swisschips-fpga/tt-fpga/src
/tt-fpga/fpga_building_block.sv:17:35:      Example path: ASSIGNW               
                    /Users/yuri/Documents/5_projects/swisschips-fpga/tt-fpga/src
/tt-fpga/fpga_building_block.sv:17:35:      Example path:                       
tt_um_yuri_fpga.i_dut.x_grid_loop[0].y_grid_loop[0].fpga_bb_i.__VdfgRegularize_h
6e95ff9d_0_13                                                                   
                    /Users/yuri/Documents/5_projects/swisschips-fpga/tt-fpga/src
/tt-fpga/fpga_building_block.sv:23:36:      Example path: ASSIGNW               
                    /Users/yuri/Documents/5_projects/swisschips-fpga/tt-fpga/src
/tt-fpga/fpga_building_block.sv:23:36:      Example path:                       
tt_um_yuri_fpga.i_dut.x_grid_loop[1].y_grid_loop[0].fpga_bb_i.north_o           
                    /Users/yuri/Documents/5_projects/swisschips-fpga/tt-fpga/src
/tt-fpga/fpga_building_block.sv:23:36:      Example path: ASSIGNW               
                    /Users/yuri/Documents/5_projects/swisschips-fpga/tt-fpga/src
/tt-fpga/fpga_building_block.sv:23:36:      Example path:                       
tt_um_yuri_fpga.i_dut.__Vcellout__x_grid_loop[1].y_grid_loop[0].fpga_bb_i__north
_o                                                                              
                    /Users/yuri/Documents/5_projects/swisschips-fpga/tt-fpga/src
/tt-fpga/fpga_building_block.sv:20:35:      Example path: ASSIGNW               
                    /Users/yuri/Documents/5_projects/swisschips-fpga/tt-fpga/src
/tt-fpga/fpga_building_block.sv:20:35:      Example path:                       
tt_um_yuri_fpga.i_dut.x_grid_loop[1].y_grid_loop[1].fpga_bb_i.south_i           
                    /Users/yuri/Documents/5_projects/swisschips-fpga/tt-fpga/src
/tt-fpga/fpga_building_block.sv:20:35:      Example path: ASSIGNW               
                    /Users/yuri/Documents/5_projects/swisschips-fpga/tt-fpga/src
/tt-fpga/fpga_building_block.sv:20:35:      Example path:                       
tt_um_yuri_fpga.i_dut.x_grid_loop[1].y_grid_loop[0].fpga_bb_i.__VdfgRegularize_h
6e95ff9d_0_14                                                                   
                    /Users/yuri/Documents/5_projects/swisschips-fpga/tt-fpga/src
/tt-fpga/fpga_building_block.sv:22:36:      Example path: ASSIGNW               
                    /Users/yuri/Documents/5_projects/swisschips-fpga/tt-fpga/src
/tt-fpga/fpga_building_block.sv:22:36:      Example path:                       
tt_um_yuri_fpga.i_dut.x_grid_loop[1].y_grid_loop[1].fpga_bb_i.west_o            
                    /Users/yuri/Documents/5_projects/swisschips-fpga/tt-fpga/src
/tt-fpga/fpga_building_block.sv:22:36:      Example path: ASSIGNW               
                    /Users/yuri/Documents/5_projects/swisschips-fpga/tt-fpga/src
/tt-fpga/fpga_building_block.sv:22:36:      Example path:                       
tt_um_yuri_fpga.i_dut.__Vcellout__x_grid_loop[1].y_grid_loop[1].fpga_bb_i__west_
o                                                                               
                    /Users/yuri/Documents/5_projects/swisschips-fpga/tt-fpga/src
/tt-fpga/fpga_building_block.sv:19:35:      Example path: ASSIGNW               
                    /Users/yuri/Documents/5_projects/swisschips-fpga/tt-fpga/src
/tt-fpga/fpga_building_block.sv:19:35:      Example path:                       
tt_um_yuri_fpga.i_dut.x_grid_loop[0].y_grid_loop[1].fpga_bb_i.east_i            
                    /Users/yuri/Documents/5_projects/swisschips-fpga/tt-fpga/src
/tt-fpga/fpga_building_block.sv:19:35:      Example path: ASSIGNW               
                    /Users/yuri/Documents/5_projects/swisschips-fpga/tt-fpga/src
/tt-fpga/fpga_building_block.sv:19:35:      Example path:                       
tt_um_yuri_fpga.i_dut.x_grid_loop[1].y_grid_loop[1].fpga_bb_i.__VdfgRegularize_h
6e95ff9d_0_11                                                                   
%Warning-UNOPTFLAT:                                                             
/Users/yuri/Documents/5_projects/swisschips-fpga/tt-fpga/src/tt-fpga/fpga_buildi
ng_block.sv:18:35: Signal unoptimizable: Circular combinational logic:          
'tt_um_yuri_fpga.i_dut.x_grid_loop[1].y_grid_loop[1].fpga_bb_i.__VdfgRegularize_
h6e95ff9d_0_12'                                                                 
                                                                                
                                     : ... note: In instance                    
'tt_um_yuri_fpga.i_dut.x_grid_loop[1].y_grid_loop[1].fpga_bb_i'                 
   18 |     input logic [ChannelSize-1:0] north_i,                              
      |                                   ^~~~~~~                               
                    /Users/yuri/Documents/5_projects/swisschips-fpga/tt-fpga/src
/tt-fpga/fpga_building_block.sv:18:35:      Example path:                       
tt_um_yuri_fpga.i_dut.x_grid_loop[1].y_grid_loop[1].fpga_bb_i.__VdfgRegularize_h
6e95ff9d_0_12                                                                   
                    /Users/yuri/Documents/5_projects/swisschips-fpga/tt-fpga/src
/tt-fpga/fpga_building_block.sv:22:36:      Example path: ASSIGNW               
                    /Users/yuri/Documents/5_projects/swisschips-fpga/tt-fpga/src
/tt-fpga/fpga_building_block.sv:22:36:      Example path:                       
tt_um_yuri_fpga.i_dut.x_grid_loop[1].y_grid_loop[0].fpga_bb_i.west_o            
                    /Users/yuri/Documents/5_projects/swisschips-fpga/tt-fpga/src
/tt-fpga/fpga_building_block.sv:22:36:      Example path: ASSIGNW               
                    /Users/yuri/Documents/5_projects/swisschips-fpga/tt-fpga/src
/tt-fpga/fpga_building_block.sv:22:36:      Example path:                       
tt_um_yuri_fpga.i_dut.__Vcellout__x_grid_loop[1].y_grid_loop[0].fpga_bb_i__west_
o                                                                               
                    /Users/yuri/Documents/5_projects/swisschips-fpga/tt-fpga/src
/tt-fpga/fpga_building_block.sv:19:35:      Example path: ASSIGNW               
                    /Users/yuri/Documents/5_projects/swisschips-fpga/tt-fpga/src
/tt-fpga/fpga_building_block.sv:19:35:      Example path:                       
tt_um_yuri_fpga.i_dut.x_grid_loop[0].y_grid_loop[0].fpga_bb_i.east_i            
                    /Users/yuri/Documents/5_projects/swisschips-fpga/tt-fpga/src
/tt-fpga/fpga_building_block.sv:19:35:      Example path: ASSIGNW               
                    /Users/yuri/Documents/5_projects/swisschips-fpga/tt-fpga/src
/tt-fpga/fpga_building_block.sv:19:35:      Example path:                       
tt_um_yuri_fpga.i_dut.x_grid_loop[1].y_grid_loop[0].fpga_bb_i.__VdfgRegularize_h
6e95ff9d_0_8                                                                    
                    /Users/yuri/Documents/5_projects/swisschips-fpga/tt-fpga/src
/tt-fpga/fpga_building_block.sv:23:36:      Example path: ASSIGNW               
                    /Users/yuri/Documents/5_projects/swisschips-fpga/tt-fpga/src
/tt-fpga/fpga_building_block.sv:23:36:      Example path:                       
tt_um_yuri_fpga.i_dut.x_grid_loop[0].y_grid_loop[0].fpga_bb_i.north_o           
                    /Users/yuri/Documents/5_projects/swisschips-fpga/tt-fpga/src
/tt-fpga/fpga_grid.sv:30:51:      Example path: ASSIGNW                         
                    /Users/yuri/Documents/5_projects/swisschips-fpga/tt-fpga/src
/tt-fpga/fpga_grid.sv:30:51:      Example path:                                 
tt_um_yuri_fpga.i_dut.north_grid[3:0]                                           
                    /Users/yuri/Documents/5_projects/swisschips-fpga/tt-fpga/src
/tt-fpga/fpga_building_block.sv:20:35:      Example path: ASSIGNW               
                    /Users/yuri/Documents/5_projects/swisschips-fpga/tt-fpga/src
/tt-fpga/fpga_building_block.sv:20:35:      Example path:                       
tt_um_yuri_fpga.i_dut.x_grid_loop[0].y_grid_loop[1].fpga_bb_i.south_i           
                    /Users/yuri/Documents/5_projects/swisschips-fpga/tt-fpga/src
/tt-fpga/fpga_building_block.sv:20:35:      Example path: ASSIGNW               
                    /Users/yuri/Documents/5_projects/swisschips-fpga/tt-fpga/src
/tt-fpga/fpga_building_block.sv:20:35:      Example path:                       
tt_um_yuri_fpga.i_dut.x_grid_loop[0].y_grid_loop[0].fpga_bb_i.__VdfgRegularize_h
6e95ff9d_0_10                                                                   
                    /Users/yuri/Documents/5_projects/swisschips-fpga/tt-fpga/src
/tt-fpga/fpga_building_block.sv:24:36:      Example path: ASSIGNW               
                    /Users/yuri/Documents/5_projects/swisschips-fpga/tt-fpga/src
/tt-fpga/fpga_building_block.sv:24:36:      Example path:                       
tt_um_yuri_fpga.i_dut.x_grid_loop[0].y_grid_loop[1].fpga_bb_i.east_o            
                    /Users/yuri/Documents/5_projects/swisschips-fpga/tt-fpga/src
/tt-fpga/fpga_building_block.sv:24:36:      Example path: ASSIGNW               
                    /Users/yuri/Documents/5_projects/swisschips-fpga/tt-fpga/src
/tt-fpga/fpga_building_block.sv:24:36:      Example path:                       
tt_um_yuri_fpga.i_dut.__Vcellout__x_grid_loop[0].y_grid_loop[1].fpga_bb_i__east_
o                                                                               
                    /Users/yuri/Documents/5_projects/swisschips-fpga/tt-fpga/src
/tt-fpga/fpga_building_block.sv:17:35:      Example path: ASSIGNW               
                    /Users/yuri/Documents/5_projects/swisschips-fpga/tt-fpga/src
/tt-fpga/fpga_building_block.sv:17:35:      Example path:                       
tt_um_yuri_fpga.i_dut.x_grid_loop[1].y_grid_loop[1].fpga_bb_i.west_i            
                    /Users/yuri/Documents/5_projects/swisschips-fpga/tt-fpga/src
/tt-fpga/fpga_building_block.sv:17:35:      Example path: ASSIGNW               
                    /Users/yuri/Documents/5_projects/swisschips-fpga/tt-fpga/src
/tt-fpga/fpga_building_block.sv:17:35:      Example path:                       
tt_um_yuri_fpga.i_dut.x_grid_loop[0].y_grid_loop[1].fpga_bb_i.__VdfgRegularize_h
6e95ff9d_0_15                                                                   
                    /Users/yuri/Documents/5_projects/swisschips-fpga/tt-fpga/src
/tt-fpga/fpga_building_block.sv:25:36:      Example path: ASSIGNW               
                    /Users/yuri/Documents/5_projects/swisschips-fpga/tt-fpga/src
/tt-fpga/fpga_building_block.sv:25:36:      Example path:                       
tt_um_yuri_fpga.i_dut.x_grid_loop[1].y_grid_loop[1].fpga_bb_i.south_o           
                    /Users/yuri/Documents/5_projects/swisschips-fpga/tt-fpga/src
/tt-fpga/fpga_building_block.sv:25:36:      Example path: ASSIGNW               
                    /Users/yuri/Documents/5_projects/swisschips-fpga/tt-fpga/src
/tt-fpga/fpga_building_block.sv:25:36:      Example path:                       
tt_um_yuri_fpga.i_dut.__Vcellout__x_grid_loop[1].y_grid_loop[1].fpga_bb_i__south
_o                                                                              
                    /Users/yuri/Documents/5_projects/swisschips-fpga/tt-fpga/src
/tt-fpga/fpga_building_block.sv:18:35:      Example path: ASSIGNW               
                    /Users/yuri/Documents/5_projects/swisschips-fpga/tt-fpga/src
/tt-fpga/fpga_building_block.sv:18:35:      Example path:                       
tt_um_yuri_fpga.i_dut.x_grid_loop[1].y_grid_loop[0].fpga_bb_i.north_i           
                    /Users/yuri/Documents/5_projects/swisschips-fpga/tt-fpga/src
/tt-fpga/fpga_building_block.sv:18:35:      Example path: ASSIGNW               
                    /Users/yuri/Documents/5_projects/swisschips-fpga/tt-fpga/src
/tt-fpga/fpga_building_block.sv:18:35:      Example path:                       
tt_um_yuri_fpga.i_dut.x_grid_loop[1].y_grid_loop[1].fpga_bb_i.__VdfgRegularize_h
6e95ff9d_0_12                                                                   
- V e r i l a t i o n   R e p o r t: Verilator 5.044 2026-01-01 rev v5.040      
- Verilator: Built from 0.617 MB sources in 116 modules, into 0.272 MB in 5 C++ 
files needing 0.000 MB                                                          
- Verilator: Walltime 0.033 s (elab=0.003, cvt=0.019, bld=0.000); cpu 0.030 s on
1 threads; alloced 22.000 MB                                                    
────────────────────────── Lint Timing Errors Checker ──────────────────────────
[20:32:23] VERBOSE  Running 'Checker.LintTimingConstructs' at       step.py:1138
                    'runs/wokwi/02-checker-linttimingconstructs'…               
[20:32:23] INFO     Check for Lint Timing Errors clear.           checker.py:412
───────────────────────────── Lint Errors Checker ──────────────────────────────
[20:32:23] VERBOSE  Running 'Checker.LintErrors' at                 step.py:1138
                    'runs/wokwi/03-checker-linterrors'…                         
[20:32:23] INFO     Check for Lint errors clear.                  checker.py:131
──────────────────────────── Lint Warnings Checker ─────────────────────────────
[20:32:23] VERBOSE  Running 'Checker.LintWarnings' at               step.py:1138
                    'runs/wokwi/04-checker-lintwarnings'…                       
[20:32:23] WARNING  5 Lint warnings found.                        checker.py:122
───────────────────────────── Generate JSON Header ─────────────────────────────
[20:32:23] VERBOSE  Running 'Yosys.JsonHeader' at                   step.py:1138
                    'runs/wokwi/05-yosys-jsonheader'…                           
[20:32:23] VERBOSE  Logging subprocess to                           step.py:1338
                    'runs/wokwi/05-yosys-jsonheader/yosys-jsonheade             
                    r.log'…                                                     
                                                                                
 /----------------------------------------------------------------------------\ 
 |  yosys -- Yosys Open SYnthesis Suite                                       | 
 |  Copyright (C) 2012 - 2026  Claire Xenia Wolf <claire@yosyshq.com>         | 
 |  Distributed under an ISC-like license, type "license" to see terms        | 
 \----------------------------------------------------------------------------/ 
 Yosys 0.62 (git sha1 7326bb7d6641500ecb285c291a54a662cb1e76cf, clang++ 21.1.2  
-fPIC -O3)                                                                      
                                                                                
1. Executing Verilog-2005 frontend:                                             
/Users/yuri/Documents/5_projects/swisschips-fpga/tt-fpga/runs/wokwi/tmp/eed23324
8ea8453290c7d98d12d3a313.bb.v                                                   
Parsing SystemVerilog input from                                                
`/Users/yuri/Documents/5_projects/swisschips-fpga/tt-fpga/runs/wokwi/tmp/eed2332
48ea8453290c7d98d12d3a313.bb.v' to AST representation.                          
Generating RTLIL representation for module `\sg13g2_a21o_1'.                    
Generating RTLIL representation for module `\sg13g2_a21o_2'.                    
Generating RTLIL representation for module `\sg13g2_a21oi_1'.                   
Generating RTLIL representation for module `\sg13g2_a21oi_2'.                   
Generating RTLIL representation for module `\sg13g2_a221oi_1'.                  
Generating RTLIL representation for module `\sg13g2_a22oi_1'.                   
Generating RTLIL representation for module `\sg13g2_and2_1'.                    
Generating RTLIL representation for module `\sg13g2_and2_2'.                    
Generating RTLIL representation for module `\sg13g2_and3_1'.                    
Generating RTLIL representation for module `\sg13g2_and3_2'.                    
Generating RTLIL representation for module `\sg13g2_and4_1'.                    
Generating RTLIL representation for module `\sg13g2_and4_2'.                    
Generating RTLIL representation for module `\sg13g2_antennanp'.                 
Generating RTLIL representation for module `\sg13g2_buf_1'.                     
Generating RTLIL representation for module `\sg13g2_buf_16'.                    
Generating RTLIL representation for module `\sg13g2_buf_2'.                     
Generating RTLIL representation for module `\sg13g2_buf_4'.                     
Generating RTLIL representation for module `\sg13g2_buf_8'.                     
Generating RTLIL representation for module `\sg13g2_decap_4'.                   
Generating RTLIL representation for module `\sg13g2_decap_8'.                   
Generating RTLIL representation for module `\sg13g2_dfrbp_1'.                   
Generating RTLIL representation for module `\sg13g2_dfrbp_2'.                   
Generating RTLIL representation for module `\sg13g2_dfrbpq_1'.                  
Generating RTLIL representation for module `\sg13g2_dfrbpq_2'.                  
Generating RTLIL representation for module `\sg13g2_dlhq_1'.                    
Generating RTLIL representation for module `\sg13g2_dlhr_1'.                    
Generating RTLIL representation for module `\sg13g2_dlhrq_1'.                   
Generating RTLIL representation for module `\sg13g2_dllr_1'.                    
Generating RTLIL representation for module `\sg13g2_dllrq_1'.                   
Generating RTLIL representation for module `\sg13g2_dlygate4sd1_1'.             
Generating RTLIL representation for module `\sg13g2_dlygate4sd2_1'.             
Generating RTLIL representation for module `\sg13g2_dlygate4sd3_1'.             
Generating RTLIL representation for module `\sg13g2_ebufn_2'.                   
Generating RTLIL representation for module `\sg13g2_ebufn_4'.                   
Generating RTLIL representation for module `\sg13g2_ebufn_8'.                   
Generating RTLIL representation for module `\sg13g2_einvn_2'.                   
Generating RTLIL representation for module `\sg13g2_einvn_4'.                   
Generating RTLIL representation for module `\sg13g2_einvn_8'.                   
Generating RTLIL representation for module `\sg13g2_fill_1'.                    
Generating RTLIL representation for module `\sg13g2_fill_2'.                    
Generating RTLIL representation for module `\sg13g2_fill_4'.                    
Generating RTLIL representation for module `\sg13g2_fill_8'.                    
Generating RTLIL representation for module `\sg13g2_inv_1'.                     
Generating RTLIL representation for module `\sg13g2_inv_16'.                    
Generating RTLIL representation for module `\sg13g2_inv_2'.                     
Generating RTLIL representation for module `\sg13g2_inv_4'.                     
Generating RTLIL representation for module `\sg13g2_inv_8'.                     
Generating RTLIL representation for module `\sg13g2_lgcp_1'.                    
Generating RTLIL representation for module `\sg13g2_mux2_1'.                    
Generating RTLIL representation for module `\sg13g2_mux2_2'.                    
Generating RTLIL representation for module `\sg13g2_mux4_1'.                    
Generating RTLIL representation for module `\sg13g2_nand2_1'.                   
Generating RTLIL representation for module `\sg13g2_nand2_2'.                   
Generating RTLIL representation for module `\sg13g2_nand2b_1'.                  
Generating RTLIL representation for module `\sg13g2_nand2b_2'.                  
Generating RTLIL representation for module `\sg13g2_nand3_1'.                   
Generating RTLIL representation for module `\sg13g2_nand3b_1'.                  
Generating RTLIL representation for module `\sg13g2_nand4_1'.                   
Generating RTLIL representation for module `\sg13g2_nor2_1'.                    
Generating RTLIL representation for module `\sg13g2_nor2_2'.                    
Generating RTLIL representation for module `\sg13g2_nor2b_1'.                   
Generating RTLIL representation for module `\sg13g2_nor2b_2'.                   
Generating RTLIL representation for module `\sg13g2_nor3_1'.                    
Generating RTLIL representation for module `\sg13g2_nor3_2'.                    
Generating RTLIL representation for module `\sg13g2_nor4_1'.                    
Generating RTLIL representation for module `\sg13g2_nor4_2'.                    
Generating RTLIL representation for module `\sg13g2_o21ai_1'.                   
Generating RTLIL representation for module `\sg13g2_or2_1'.                     
Generating RTLIL representation for module `\sg13g2_or2_2'.                     
Generating RTLIL representation for module `\sg13g2_or3_1'.                     
Generating RTLIL representation for module `\sg13g2_or3_2'.                     
Generating RTLIL representation for module `\sg13g2_or4_1'.                     
Generating RTLIL representation for module `\sg13g2_or4_2'.                     
Generating RTLIL representation for module `\sg13g2_sdfbbp_1'.                  
Generating RTLIL representation for module `\sg13g2_sdfrbp_1'.                  
Generating RTLIL representation for module `\sg13g2_sdfrbp_2'.                  
Generating RTLIL representation for module `\sg13g2_sdfrbpq_1'.                 
Generating RTLIL representation for module `\sg13g2_sdfrbpq_2'.                 
Generating RTLIL representation for module `\sg13g2_sighold'.                   
Generating RTLIL representation for module `\sg13g2_slgcp_1'.                   
Generating RTLIL representation for module `\sg13g2_tiehi'.                     
Generating RTLIL representation for module `\sg13g2_tielo'.                     
Generating RTLIL representation for module `\sg13g2_xnor2_1'.                   
Generating RTLIL representation for module `\sg13g2_xor2_1'.                    
Successfully finished Verilog frontend.                                         
                                                                                
2. Executing Verilog-2005 frontend:                                             
/Users/yuri/Documents/5_projects/swisschips-fpga/tt-fpga/runs/wokwi/tmp/8565a154
fc8f48339412d307b1448869.bb.v                                                   
Parsing SystemVerilog input from                                                
`/Users/yuri/Documents/5_projects/swisschips-fpga/tt-fpga/runs/wokwi/tmp/8565a15
4fc8f48339412d307b1448869.bb.v' to AST representation.                          
Generating RTLIL representation for module `\sg13g2_Corner'.                    
Generating RTLIL representation for module `\sg13g2_Filler1000'.                
Generating RTLIL representation for module `\sg13g2_Filler10000'.               
Generating RTLIL representation for module `\sg13g2_Filler200'.                 
Generating RTLIL representation for module `\sg13g2_Filler2000'.                
Generating RTLIL representation for module `\sg13g2_Filler400'.                 
Generating RTLIL representation for module `\sg13g2_Filler4000'.                
Generating RTLIL representation for module `\sg13g2_IOPadAnalog'.               
Generating RTLIL representation for module `\sg13g2_IOPadIOVdd'.                
Generating RTLIL representation for module `\sg13g2_IOPadIOVss'.                
Generating RTLIL representation for module `\sg13g2_IOPadIn'.                   
Generating RTLIL representation for module `\sg13g2_IOPadInOut16mA'.            
Generating RTLIL representation for module `\sg13g2_IOPadInOut30mA'.            
Generating RTLIL representation for module `\sg13g2_IOPadInOut4mA'.             
Generating RTLIL representation for module `\sg13g2_IOPadOut16mA'.              
Generating RTLIL representation for module `\sg13g2_IOPadOut30mA'.              
Generating RTLIL representation for module `\sg13g2_IOPadOut4mA'.               
Generating RTLIL representation for module `\sg13g2_IOPadTriOut16mA'.           
Generating RTLIL representation for module `\sg13g2_IOPadTriOut30mA'.           
Generating RTLIL representation for module `\sg13g2_IOPadTriOut4mA'.            
Generating RTLIL representation for module `\sg13g2_IOPadVdd'.                  
Generating RTLIL representation for module `\sg13g2_IOPadVss'.                  
Successfully finished Verilog frontend.                                         
wtaf                                                                            
                                                                                
3. Executing Verilog-2005 frontend:                                             
/Users/yuri/Documents/5_projects/swisschips-fpga/tt-fpga/src/project.sv         
Parsing SystemVerilog input from                                                
`/Users/yuri/Documents/5_projects/swisschips-fpga/tt-fpga/src/project.sv' to AST
representation.                                                                 
Storing AST representation for module `$abstract\tt_um_yuri_fpga'.              
Successfully finished Verilog frontend.                                         
                                                                                
4. Executing Verilog-2005 frontend:                                             
/Users/yuri/Documents/5_projects/swisschips-fpga/tt-fpga/src/tt-fpga/fpga_pkg.sv
Parsing SystemVerilog input from                                                
`/Users/yuri/Documents/5_projects/swisschips-fpga/tt-fpga/src/tt-fpga/fpga_pkg.s
v' to AST representation.                                                       
Successfully finished Verilog frontend.                                         
                                                                                
5. Executing Verilog-2005 frontend:                                             
/Users/yuri/Documents/5_projects/swisschips-fpga/tt-fpga/src/tt-fpga/input_mux.s
v                                                                               
Parsing SystemVerilog input from                                                
`/Users/yuri/Documents/5_projects/swisschips-fpga/tt-fpga/src/tt-fpga/input_mux.
sv' to AST representation.                                                      
Storing AST representation for module `$abstract\input_mux'.                    
Successfully finished Verilog frontend.                                         
                                                                                
6. Executing Verilog-2005 frontend:                                             
/Users/yuri/Documents/5_projects/swisschips-fpga/tt-fpga/src/tt-fpga/lutN.sv    
Parsing SystemVerilog input from                                                
`/Users/yuri/Documents/5_projects/swisschips-fpga/tt-fpga/src/tt-fpga/lutN.sv'  
to AST representation.                                                          
Storing AST representation for module `$abstract\lutN'.                         
Successfully finished Verilog frontend.                                         
                                                                                
7. Executing Verilog-2005 frontend:                                             
/Users/yuri/Documents/5_projects/swisschips-fpga/tt-fpga/src/tt-fpga/fpga_grid.s
v                                                                               
Parsing SystemVerilog input from                                                
`/Users/yuri/Documents/5_projects/swisschips-fpga/tt-fpga/src/tt-fpga/fpga_grid.
sv' to AST representation.                                                      
Storing AST representation for module `$abstract\fpga_grid'.                    
Successfully finished Verilog frontend.                                         
                                                                                
8. Executing Verilog-2005 frontend:                                             
/Users/yuri/Documents/5_projects/swisschips-fpga/tt-fpga/src/tt-fpga/fpga_buildi
ng_block.sv                                                                     
Parsing SystemVerilog input from                                                
`/Users/yuri/Documents/5_projects/swisschips-fpga/tt-fpga/src/tt-fpga/fpga_build
ing_block.sv' to AST representation.                                            
Storing AST representation for module `$abstract\fpga_building_block'.          
Successfully finished Verilog frontend.                                         
                                                                                
9. Executing Verilog-2005 frontend:                                             
/Users/yuri/Documents/5_projects/swisschips-fpga/tt-fpga/src/tt-fpga/configurabl
e_logic_block.sv                                                                
Parsing SystemVerilog input from                                                
`/Users/yuri/Documents/5_projects/swisschips-fpga/tt-fpga/src/tt-fpga/configurab
le_logic_block.sv' to AST representation.                                       
Storing AST representation for module `$abstract\configurable_logic_block'.     
Successfully finished Verilog frontend.                                         
                                                                                
10. Executing Verilog-2005 frontend:                                            
/Users/yuri/Documents/5_projects/swisschips-fpga/tt-fpga/src/tt-fpga/fabric_swit
ch.sv                                                                           
Parsing SystemVerilog input from                                                
`/Users/yuri/Documents/5_projects/swisschips-fpga/tt-fpga/src/tt-fpga/fabric_swi
tch.sv' to AST representation.                                                  
Storing AST representation for module `$abstract\fabric_switch'.                
Successfully finished Verilog frontend.                                         
                                                                                
11. Executing Verilog-2005 frontend:                                            
/Users/yuri/Documents/5_projects/swisschips-fpga/tt-fpga/src/tt-fpga/config_sc_r
egister.sv                                                                      
Parsing SystemVerilog input from                                                
`/Users/yuri/Documents/5_projects/swisschips-fpga/tt-fpga/src/tt-fpga/config_sc_
register.sv' to AST representation.                                             
Storing AST representation for module `$abstract\config_sc_register'.           
Successfully finished Verilog frontend.                                         
                                                                                
12. Executing HIERARCHY pass (managing design hierarchy).                       
                                                                                
13. Executing AST frontend in derive mode using pre-parsed AST for module       
`\tt_um_yuri_fpga'.                                                             
Generating RTLIL representation for module `\tt_um_yuri_fpga'.                  
                                                                                
13.1. Analyzing design hierarchy..                                              
Top module:  \tt_um_yuri_fpga                                                   
Parameter \XSize = 2                                                            
Parameter \YSize = 2                                                            
Parameter \NumIoInputs = 8                                                      
Parameter \NumIoOutputs = 8                                                     
Parameter \LutN = 4                                                             
Parameter \WireLength = 2                                                       
Parameter \StartCount = 2                                                       
                                                                                
13.2. Executing AST frontend in derive mode using pre-parsed AST for module     
`\fpga_grid'.                                                                   
Parameter \XSize = 2                                                            
Parameter \YSize = 2                                                            
Parameter \NumIoInputs = 8                                                      
Parameter \NumIoOutputs = 8                                                     
Parameter \LutN = 4                                                             
Parameter \WireLength = 2                                                       
Parameter \StartCount = 2                                                       
Generating RTLIL representation for module                                      
`$paramod$45860025edd0bfa5e998be653876e0503861aca5\fpga_grid'.                  
                                                                                
13.3. Analyzing design hierarchy..                                              
Top module:  \tt_um_yuri_fpga                                                   
Used module:     $paramod$45860025edd0bfa5e998be653876e0503861aca5\fpga_grid    
Parameter \LutN = 4                                                             
Parameter \WireLength = 2                                                       
Parameter \StartCount = 2                                                       
                                                                                
13.4. Executing AST frontend in derive mode using pre-parsed AST for module     
`\fpga_building_block'.                                                         
Parameter \LutN = 4                                                             
Parameter \WireLength = 2                                                       
Parameter \StartCount = 2                                                       
Generating RTLIL representation for module                                      
`$paramod$a689d6693ab0dd8c48fb31ba32119950bfd9cb57\fpga_building_block'.        
Parameter \LutN = 4                                                             
Parameter \WireLength = 2                                                       
Parameter \StartCount = 2                                                       
Found cached RTLIL representation for module                                    
`$paramod$a689d6693ab0dd8c48fb31ba32119950bfd9cb57\fpga_building_block'.        
Parameter \LutN = 4                                                             
Parameter \WireLength = 2                                                       
Parameter \StartCount = 2                                                       
Found cached RTLIL representation for module                                    
`$paramod$a689d6693ab0dd8c48fb31ba32119950bfd9cb57\fpga_building_block'.        
Parameter \LutN = 4                                                             
Parameter \WireLength = 2                                                       
Parameter \StartCount = 2                                                       
Found cached RTLIL representation for module                                    
`$paramod$a689d6693ab0dd8c48fb31ba32119950bfd9cb57\fpga_building_block'.        
Reprocessing module $paramod$45860025edd0bfa5e998be653876e0503861aca5\fpga_grid 
because instantiated module                                                     
$paramod$a689d6693ab0dd8c48fb31ba32119950bfd9cb57\fpga_building_block has become
available.                                                                      
Generating RTLIL representation for module                                      
`$paramod$45860025edd0bfa5e998be653876e0503861aca5\fpga_grid'.                  
                                                                                
13.5. Analyzing design hierarchy..                                              
Top module:  \tt_um_yuri_fpga                                                   
Used module:     $paramod$45860025edd0bfa5e998be653876e0503861aca5\fpga_grid    
Parameter \LutN = 4                                                             
Parameter \WireLength = 2                                                       
Parameter \StartCount = 2                                                       
Found cached RTLIL representation for module                                    
`$paramod$a689d6693ab0dd8c48fb31ba32119950bfd9cb57\fpga_building_block'.        
Parameter \LutN = 4                                                             
Parameter \WireLength = 2                                                       
Parameter \StartCount = 2                                                       
Found cached RTLIL representation for module                                    
`$paramod$a689d6693ab0dd8c48fb31ba32119950bfd9cb57\fpga_building_block'.        
Parameter \LutN = 4                                                             
Parameter \WireLength = 2                                                       
Parameter \StartCount = 2                                                       
Found cached RTLIL representation for module                                    
`$paramod$a689d6693ab0dd8c48fb31ba32119950bfd9cb57\fpga_building_block'.        
Parameter \LutN = 4                                                             
Parameter \WireLength = 2                                                       
Parameter \StartCount = 2                                                       
Found cached RTLIL representation for module                                    
`$paramod$a689d6693ab0dd8c48fb31ba32119950bfd9cb57\fpga_building_block'.        
                                                                                
13.6. Analyzing design hierarchy..                                              
Top module:  \tt_um_yuri_fpga                                                   
Used module:     $paramod$45860025edd0bfa5e998be653876e0503861aca5\fpga_grid    
Used module:                                                                    
$paramod$a689d6693ab0dd8c48fb31ba32119950bfd9cb57\fpga_building_block           
Parameter \InputSize = 4                                                        
                                                                                
13.7. Executing AST frontend in derive mode using pre-parsed AST for module     
`\input_mux'.                                                                   
Parameter \InputSize = 4                                                        
Generating RTLIL representation for module                                      
`$paramod\input_mux\InputSize=s32'00000000000000000000000000000100'.            
Parameter \InputSize = 4                                                        
Found cached RTLIL representation for module                                    
`$paramod\input_mux\InputSize=s32'00000000000000000000000000000100'.            
Parameter \InputSize = 4                                                        
Found cached RTLIL representation for module                                    
`$paramod\input_mux\InputSize=s32'00000000000000000000000000000100'.            
Parameter \InputSize = 4                                                        
Found cached RTLIL representation for module                                    
`$paramod\input_mux\InputSize=s32'00000000000000000000000000000100'.            
                                                                                
13.8. Executing AST frontend in derive mode using pre-parsed AST for module     
`\fabric_switch'.                                                               
Generating RTLIL representation for module `\fabric_switch'.                    
Parameter \LutN = 4                                                             
                                                                                
13.9. Executing AST frontend in derive mode using pre-parsed AST for module     
`\configurable_logic_block'.                                                    
Parameter \LutN = 4                                                             
Generating RTLIL representation for module                                      
`$paramod\configurable_logic_block\LutN=s32'00000000000000000000000000000100'.  
                                                                                
13.10. Analyzing design hierarchy..                                             
Top module:  \tt_um_yuri_fpga                                                   
Used module:     $paramod$45860025edd0bfa5e998be653876e0503861aca5\fpga_grid    
Used module:                                                                    
$paramod$a689d6693ab0dd8c48fb31ba32119950bfd9cb57\fpga_building_block           
Used module:                                                                    
$paramod\input_mux\InputSize=s32'00000000000000000000000000000100               
Used module:             \fabric_switch                                         
Used module:                                                                    
$paramod\configurable_logic_block\LutN=s32'00000000000000000000000000000100     
Parameter \Size = 16                                                            
                                                                                
13.11. Executing AST frontend in derive mode using pre-parsed AST for module    
`\config_sc_register'.                                                          
Parameter \Size = 16                                                            
Generating RTLIL representation for module                                      
`$paramod\config_sc_register\Size=s32'00000000000000000000000000010000'.        
Parameter \Size = 4                                                             
                                                                                
13.12. Executing AST frontend in derive mode using pre-parsed AST for module    
`\config_sc_register'.                                                          
Parameter \Size = 4                                                             
Generating RTLIL representation for module                                      
`$paramod\config_sc_register\Size=s32'00000000000000000000000000000100'.        
Parameter \LutN = 3                                                             
                                                                                
13.13. Executing AST frontend in derive mode using pre-parsed AST for module    
`\lutN'.                                                                        
Parameter \LutN = 3                                                             
Generating RTLIL representation for module                                      
`$paramod\lutN\LutN=s32'00000000000000000000000000000011'.                      
Parameter \LutN = 3                                                             
Found cached RTLIL representation for module                                    
`$paramod\lutN\LutN=s32'00000000000000000000000000000011'.                      
Parameter \Size = 2                                                             
                                                                                
13.14. Executing AST frontend in derive mode using pre-parsed AST for module    
`\config_sc_register'.                                                          
Parameter \Size = 2                                                             
Generating RTLIL representation for module                                      
`$paramod\config_sc_register\Size=s32'00000000000000000000000000000010'.        
                                                                                
13.15. Analyzing design hierarchy..                                             
Top module:  \tt_um_yuri_fpga                                                   
Used module:     $paramod$45860025edd0bfa5e998be653876e0503861aca5\fpga_grid    
Used module:                                                                    
$paramod$a689d6693ab0dd8c48fb31ba32119950bfd9cb57\fpga_building_block           
Used module:                                                                    
$paramod\input_mux\InputSize=s32'00000000000000000000000000000100               
Used module:                                                                    
$paramod\config_sc_register\Size=s32'00000000000000000000000000000100           
Used module:             \fabric_switch                                         
Used module:                                                                    
$paramod\config_sc_register\Size=s32'00000000000000000000000000010000           
Used module:                                                                    
$paramod\configurable_logic_block\LutN=s32'00000000000000000000000000000100     
Used module:                                                                    
$paramod\lutN\LutN=s32'00000000000000000000000000000011                         
Used module:                                                                    
$paramod\config_sc_register\Size=s32'00000000000000000000000000000010           
Parameter \Size = 8                                                             
                                                                                
13.16. Executing AST frontend in derive mode using pre-parsed AST for module    
`\config_sc_register'.                                                          
Parameter \Size = 8                                                             
Generating RTLIL representation for module                                      
`$paramod\config_sc_register\Size=s32'00000000000000000000000000001000'.        
                                                                                
13.17. Analyzing design hierarchy..                                             
Top module:  \tt_um_yuri_fpga                                                   
Used module:     $paramod$45860025edd0bfa5e998be653876e0503861aca5\fpga_grid    
Used module:                                                                    
$paramod$a689d6693ab0dd8c48fb31ba32119950bfd9cb57\fpga_building_block           
Used module:                                                                    
$paramod\input_mux\InputSize=s32'00000000000000000000000000000100               
Used module:                                                                    
$paramod\config_sc_register\Size=s32'00000000000000000000000000000100           
Used module:             \fabric_switch                                         
Used module:                                                                    
$paramod\config_sc_register\Size=s32'00000000000000000000000000010000           
Used module:                                                                    
$paramod\configurable_logic_block\LutN=s32'00000000000000000000000000000100     
Used module:                                                                    
$paramod\lutN\LutN=s32'00000000000000000000000000000011                         
Used module:                                                                    
$paramod\config_sc_register\Size=s32'00000000000000000000000000001000           
Used module:                                                                    
$paramod\config_sc_register\Size=s32'00000000000000000000000000000010           
                                                                                
13.18. Analyzing design hierarchy..                                             
Top module:  \tt_um_yuri_fpga                                                   
Used module:     $paramod$45860025edd0bfa5e998be653876e0503861aca5\fpga_grid    
Used module:                                                                    
$paramod$a689d6693ab0dd8c48fb31ba32119950bfd9cb57\fpga_building_block           
Used module:                                                                    
$paramod\input_mux\InputSize=s32'00000000000000000000000000000100               
Used module:                                                                    
$paramod\config_sc_register\Size=s32'00000000000000000000000000000100           
Used module:             \fabric_switch                                         
Used module:                                                                    
$paramod\config_sc_register\Size=s32'00000000000000000000000000010000           
Used module:                                                                    
$paramod\configurable_logic_block\LutN=s32'00000000000000000000000000000100     
Used module:                                                                    
$paramod\lutN\LutN=s32'00000000000000000000000000000011                         
Used module:                                                                    
$paramod\config_sc_register\Size=s32'00000000000000000000000000001000           
Used module:                                                                    
$paramod\config_sc_register\Size=s32'00000000000000000000000000000010           
Removing unused module `$abstract\config_sc_register'.                          
Removing unused module `$abstract\fabric_switch'.                               
Removing unused module `$abstract\configurable_logic_block'.                    
Removing unused module `$abstract\fpga_building_block'.                         
Removing unused module `$abstract\fpga_grid'.                                   
Removing unused module `$abstract\lutN'.                                        
Removing unused module `$abstract\input_mux'.                                   
Removing unused module `$abstract\tt_um_yuri_fpga'.                             
Removed 8 unused modules.                                                       
Renaming module tt_um_yuri_fpga to tt_um_yuri_fpga.                             
                                                                                
14. Executing PROC pass (convert processes to netlists).                        
                                                                                
14.1. Executing PROC_CLEAN pass (remove empty switches from decision trees).    
Cleaned up 0 empty switches.                                                    
                                                                                
14.2. Executing PROC_RMDEAD pass (remove dead branches from decision trees).    
Marked 1 switch rules as full_case in process                                   
$proc$/Users/yuri/Documents/5_projects/swisschips-fpga/tt-fpga/src/tt-fpga/confi
g_sc_register.sv:27$97 in module                                                
$paramod\config_sc_register\Size=s32'00000000000000000000000000001000.          
Marked 1 switch rules as full_case in process                                   
$proc$/Users/yuri/Documents/5_projects/swisschips-fpga/tt-fpga/src/tt-fpga/confi
g_sc_register.sv:19$96 in module                                                
$paramod\config_sc_register\Size=s32'00000000000000000000000000001000.          
Marked 1 switch rules as full_case in process                                   
$proc$/Users/yuri/Documents/5_projects/swisschips-fpga/tt-fpga/src/tt-fpga/confi
g_sc_register.sv:27$94 in module                                                
$paramod\config_sc_register\Size=s32'00000000000000000000000000000010.          
Marked 1 switch rules as full_case in process                                   
$proc$/Users/yuri/Documents/5_projects/swisschips-fpga/tt-fpga/src/tt-fpga/confi
g_sc_register.sv:19$93 in module                                                
$paramod\config_sc_register\Size=s32'00000000000000000000000000000010.          
Marked 1 switch rules as full_case in process                                   
$proc$/Users/yuri/Documents/5_projects/swisschips-fpga/tt-fpga/src/tt-fpga/confi
g_sc_register.sv:27$90 in module                                                
$paramod\config_sc_register\Size=s32'00000000000000000000000000000100.          
Marked 1 switch rules as full_case in process                                   
$proc$/Users/yuri/Documents/5_projects/swisschips-fpga/tt-fpga/src/tt-fpga/confi
g_sc_register.sv:19$89 in module                                                
$paramod\config_sc_register\Size=s32'00000000000000000000000000000100.          
Marked 1 switch rules as full_case in process                                   
$proc$/Users/yuri/Documents/5_projects/swisschips-fpga/tt-fpga/src/tt-fpga/confi
g_sc_register.sv:27$87 in module                                                
$paramod\config_sc_register\Size=s32'00000000000000000000000000010000.          
Marked 1 switch rules as full_case in process                                   
$proc$/Users/yuri/Documents/5_projects/swisschips-fpga/tt-fpga/src/tt-fpga/confi
g_sc_register.sv:19$86 in module                                                
$paramod\config_sc_register\Size=s32'00000000000000000000000000010000.          
Marked 1 switch rules as full_case in process                                   
$proc$/Users/yuri/Documents/5_projects/swisschips-fpga/tt-fpga/src/tt-fpga/confi
gurable_logic_block.sv:83$83 in module                                          
$paramod\configurable_logic_block\LutN=s32'00000000000000000000000000000100.    
Removed 1 dead cases from process                                               
$proc$/Users/yuri/Documents/5_projects/swisschips-fpga/tt-fpga/src/tt-fpga/input
_mux.sv:45$56 in module                                                         
$paramod\input_mux\InputSize=s32'00000000000000000000000000000100.              
Marked 1 switch rules as full_case in process                                   
$proc$/Users/yuri/Documents/5_projects/swisschips-fpga/tt-fpga/src/tt-fpga/input
_mux.sv:45$56 in module                                                         
$paramod\input_mux\InputSize=s32'00000000000000000000000000000100.              
Removed a total of 1 dead cases.                                                
                                                                                
14.3. Executing PROC_PRUNE pass (remove redundant assignments in processes).    
Removed 5 redundant assignments.                                                
Promoted 5 assignments to connections.                                          
                                                                                
14.4. Executing PROC_INIT pass (extract init attributes).                       
                                                                                
14.5. Executing PROC_ARST pass (detect async resets in processes).              
Found async reset \rst_ni in                                                    
`$paramod\config_sc_register\Size=s32'00000000000000000000000000001000.$proc$/Us
ers/yuri/Documents/5_projects/swisschips-fpga/tt-fpga/src/tt-fpga/config_sc_regi
ster.sv:27$97'.                                                                 
Found async reset \rst_ni in                                                    
`$paramod\config_sc_register\Size=s32'00000000000000000000000000000010.$proc$/Us
ers/yuri/Documents/5_projects/swisschips-fpga/tt-fpga/src/tt-fpga/config_sc_regi
ster.sv:27$94'.                                                                 
Found async reset \rst_ni in                                                    
`$paramod\config_sc_register\Size=s32'00000000000000000000000000000100.$proc$/Us
ers/yuri/Documents/5_projects/swisschips-fpga/tt-fpga/src/tt-fpga/config_sc_regi
ster.sv:27$90'.                                                                 
Found async reset \rst_ni in                                                    
`$paramod\config_sc_register\Size=s32'00000000000000000000000000010000.$proc$/Us
ers/yuri/Documents/5_projects/swisschips-fpga/tt-fpga/src/tt-fpga/config_sc_regi
ster.sv:27$87'.                                                                 
Found async reset \rst_ni in                                                    
`$paramod\configurable_logic_block\LutN=s32'00000000000000000000000000000100.$pr
oc$/Users/yuri/Documents/5_projects/swisschips-fpga/tt-fpga/src/tt-fpga/configur
able_logic_block.sv:83$83'.                                                     
                                                                                
14.6. Executing PROC_ROM pass (convert switches to ROMs).                       
Converted 0 switches.                                                           
<suppressed ~5 debug messages>                                                  
                                                                                
14.7. Executing PROC_MUX pass (convert decision trees to multiplexers).         
Creating decoders for process                                                   
`$paramod\config_sc_register\Size=s32'00000000000000000000000000001000.$proc$/Us
ers/yuri/Documents/5_projects/swisschips-fpga/tt-fpga/src/tt-fpga/config_sc_regi
ster.sv:27$97'.                                                                 
     1/1: $0\config_q[7:0]                                                      
Creating decoders for process                                                   
`$paramod\config_sc_register\Size=s32'00000000000000000000000000001000.$proc$/Us
ers/yuri/Documents/5_projects/swisschips-fpga/tt-fpga/src/tt-fpga/config_sc_regi
ster.sv:19$96'.                                                                 
     1/1: $1\config_d[7:0]                                                      
Creating decoders for process                                                   
`$paramod\config_sc_register\Size=s32'00000000000000000000000000000010.$proc$/Us
ers/yuri/Documents/5_projects/swisschips-fpga/tt-fpga/src/tt-fpga/config_sc_regi
ster.sv:27$94'.                                                                 
     1/1: $0\config_q[1:0]                                                      
Creating decoders for process                                                   
`$paramod\config_sc_register\Size=s32'00000000000000000000000000000010.$proc$/Us
ers/yuri/Documents/5_projects/swisschips-fpga/tt-fpga/src/tt-fpga/config_sc_regi
ster.sv:19$93'.                                                                 
     1/1: $1\config_d[1:0]                                                      
Creating decoders for process                                                   
`$paramod\config_sc_register\Size=s32'00000000000000000000000000000100.$proc$/Us
ers/yuri/Documents/5_projects/swisschips-fpga/tt-fpga/src/tt-fpga/config_sc_regi
ster.sv:27$90'.                                                                 
     1/1: $0\config_q[3:0]                                                      
Creating decoders for process                                                   
`$paramod\config_sc_register\Size=s32'00000000000000000000000000000100.$proc$/Us
ers/yuri/Documents/5_projects/swisschips-fpga/tt-fpga/src/tt-fpga/config_sc_regi
ster.sv:19$89'.                                                                 
     1/1: $1\config_d[3:0]                                                      
Creating decoders for process                                                   
`$paramod\config_sc_register\Size=s32'00000000000000000000000000010000.$proc$/Us
ers/yuri/Documents/5_projects/swisschips-fpga/tt-fpga/src/tt-fpga/config_sc_regi
ster.sv:27$87'.                                                                 
     1/1: $0\config_q[15:0]                                                     
Creating decoders for process                                                   
`$paramod\config_sc_register\Size=s32'00000000000000000000000000010000.$proc$/Us
ers/yuri/Documents/5_projects/swisschips-fpga/tt-fpga/src/tt-fpga/config_sc_regi
ster.sv:19$86'.                                                                 
     1/1: $1\config_d[15:0]                                                     
Creating decoders for process                                                   
`$paramod\configurable_logic_block\LutN=s32'00000000000000000000000000000100.$pr
oc$/Users/yuri/Documents/5_projects/swisschips-fpga/tt-fpga/src/tt-fpga/configur
able_logic_block.sv:83$83'.                                                     
     1/1: $0\reg_q[0:0]                                                         
Creating decoders for process                                                   
`$paramod\input_mux\InputSize=s32'00000000000000000000000000000100.$proc$/Users/
yuri/Documents/5_projects/swisschips-fpga/tt-fpga/src/tt-fpga/input_mux.sv:45$56
'.                                                                              
     1/1: $1\selected_heading[3:0]                                              
                                                                                
14.8. Executing PROC_DLATCH pass (convert process syncs to latches).            
No latch inferred for signal                                                    
`$paramod\config_sc_register\Size=s32'00000000000000000000000000001000.\config_d
' from process                                                                  
`$paramod\config_sc_register\Size=s32'00000000000000000000000000001000.$proc$/Us
ers/yuri/Documents/5_projects/swisschips-fpga/tt-fpga/src/tt-fpga/config_sc_regi
ster.sv:19$96'.                                                                 
No latch inferred for signal                                                    
`$paramod\config_sc_register\Size=s32'00000000000000000000000000000010.\config_d
' from process                                                                  
`$paramod\config_sc_register\Size=s32'00000000000000000000000000000010.$proc$/Us
ers/yuri/Documents/5_projects/swisschips-fpga/tt-fpga/src/tt-fpga/config_sc_regi
ster.sv:19$93'.                                                                 
No latch inferred for signal                                                    
`$paramod\config_sc_register\Size=s32'00000000000000000000000000000100.\config_d
' from process                                                                  
`$paramod\config_sc_register\Size=s32'00000000000000000000000000000100.$proc$/Us
ers/yuri/Documents/5_projects/swisschips-fpga/tt-fpga/src/tt-fpga/config_sc_regi
ster.sv:19$89'.                                                                 
No latch inferred for signal                                                    
`$paramod\config_sc_register\Size=s32'00000000000000000000000000010000.\config_d
' from process                                                                  
`$paramod\config_sc_register\Size=s32'00000000000000000000000000010000.$proc$/Us
ers/yuri/Documents/5_projects/swisschips-fpga/tt-fpga/src/tt-fpga/config_sc_regi
ster.sv:19$86'.                                                                 
No latch inferred for signal                                                    
`$paramod\input_mux\InputSize=s32'00000000000000000000000000000100.\selected_hea
ding' from process                                                              
`$paramod\input_mux\InputSize=s32'00000000000000000000000000000100.$proc$/Users/
yuri/Documents/5_projects/swisschips-fpga/tt-fpga/src/tt-fpga/input_mux.sv:45$56
'.                                                                              
                                                                                
14.9. Executing PROC_DFF pass (convert process syncs to FFs).                   
Creating register for signal                                                    
`$paramod\config_sc_register\Size=s32'00000000000000000000000000001000.\config_q
' using process                                                                 
`$paramod\config_sc_register\Size=s32'00000000000000000000000000001000.$proc$/Us
ers/yuri/Documents/5_projects/swisschips-fpga/tt-fpga/src/tt-fpga/config_sc_regi
ster.sv:27$97'.                                                                 
  created $adff cell `$procdff$120' with positive edge clock and positive level 
reset.                                                                          
Creating register for signal                                                    
`$paramod\config_sc_register\Size=s32'00000000000000000000000000000010.\config_q
' using process                                                                 
`$paramod\config_sc_register\Size=s32'00000000000000000000000000000010.$proc$/Us
ers/yuri/Documents/5_projects/swisschips-fpga/tt-fpga/src/tt-fpga/config_sc_regi
ster.sv:27$94'.                                                                 
  created $adff cell `$procdff$125' with positive edge clock and positive level 
reset.                                                                          
Creating register for signal                                                    
`$paramod\config_sc_register\Size=s32'00000000000000000000000000000100.\config_q
' using process                                                                 
`$paramod\config_sc_register\Size=s32'00000000000000000000000000000100.$proc$/Us
ers/yuri/Documents/5_projects/swisschips-fpga/tt-fpga/src/tt-fpga/config_sc_regi
ster.sv:27$90'.                                                                 
  created $adff cell `$procdff$130' with positive edge clock and positive level 
reset.                                                                          
Creating register for signal                                                    
`$paramod\config_sc_register\Size=s32'00000000000000000000000000010000.\config_q
' using process                                                                 
`$paramod\config_sc_register\Size=s32'00000000000000000000000000010000.$proc$/Us
ers/yuri/Documents/5_projects/swisschips-fpga/tt-fpga/src/tt-fpga/config_sc_regi
ster.sv:27$87'.                                                                 
  created $adff cell `$procdff$135' with positive edge clock and positive level 
reset.                                                                          
Creating register for signal                                                    
`$paramod\configurable_logic_block\LutN=s32'00000000000000000000000000000100.\re
g_q' using process                                                              
`$paramod\configurable_logic_block\LutN=s32'00000000000000000000000000000100.$pr
oc$/Users/yuri/Documents/5_projects/swisschips-fpga/tt-fpga/src/tt-fpga/configur
able_logic_block.sv:83$83'.                                                     
  created $adff cell `$procdff$140' with positive edge clock and positive level 
reset.                                                                          
                                                                                
14.10. Executing PROC_MEMWR pass (convert process memory writes to cells).      
                                                                                
14.11. Executing PROC_CLEAN pass (remove empty switches from decision trees).   
Removing empty process                                                          
`$paramod\config_sc_register\Size=s32'00000000000000000000000000001000.$proc$/Us
ers/yuri/Documents/5_projects/swisschips-fpga/tt-fpga/src/tt-fpga/config_sc_regi
ster.sv:27$97'.                                                                 
Found and cleaned up 1 empty switch in                                          
`$paramod\config_sc_register\Size=s32'00000000000000000000000000001000.$proc$/Us
ers/yuri/Documents/5_projects/swisschips-fpga/tt-fpga/src/tt-fpga/config_sc_regi
ster.sv:19$96'.                                                                 
Removing empty process                                                          
`$paramod\config_sc_register\Size=s32'00000000000000000000000000001000.$proc$/Us
ers/yuri/Documents/5_projects/swisschips-fpga/tt-fpga/src/tt-fpga/config_sc_regi
ster.sv:19$96'.                                                                 
Removing empty process                                                          
`$paramod\config_sc_register\Size=s32'00000000000000000000000000000010.$proc$/Us
ers/yuri/Documents/5_projects/swisschips-fpga/tt-fpga/src/tt-fpga/config_sc_regi
ster.sv:27$94'.                                                                 
Found and cleaned up 1 empty switch in                                          
`$paramod\config_sc_register\Size=s32'00000000000000000000000000000010.$proc$/Us
ers/yuri/Documents/5_projects/swisschips-fpga/tt-fpga/src/tt-fpga/config_sc_regi
ster.sv:19$93'.                                                                 
Removing empty process                                                          
`$paramod\config_sc_register\Size=s32'00000000000000000000000000000010.$proc$/Us
ers/yuri/Documents/5_projects/swisschips-fpga/tt-fpga/src/tt-fpga/config_sc_regi
ster.sv:19$93'.                                                                 
Removing empty process                                                          
`$paramod\config_sc_register\Size=s32'00000000000000000000000000000100.$proc$/Us
ers/yuri/Documents/5_projects/swisschips-fpga/tt-fpga/src/tt-fpga/config_sc_regi
ster.sv:27$90'.                                                                 
Found and cleaned up 1 empty switch in                                          
`$paramod\config_sc_register\Size=s32'00000000000000000000000000000100.$proc$/Us
ers/yuri/Documents/5_projects/swisschips-fpga/tt-fpga/src/tt-fpga/config_sc_regi
ster.sv:19$89'.                                                                 
Removing empty process                                                          
`$paramod\config_sc_register\Size=s32'00000000000000000000000000000100.$proc$/Us
ers/yuri/Documents/5_projects/swisschips-fpga/tt-fpga/src/tt-fpga/config_sc_regi
ster.sv:19$89'.                                                                 
Removing empty process                                                          
`$paramod\config_sc_register\Size=s32'00000000000000000000000000010000.$proc$/Us
ers/yuri/Documents/5_projects/swisschips-fpga/tt-fpga/src/tt-fpga/config_sc_regi
ster.sv:27$87'.                                                                 
Found and cleaned up 1 empty switch in                                          
`$paramod\config_sc_register\Size=s32'00000000000000000000000000010000.$proc$/Us
ers/yuri/Documents/5_projects/swisschips-fpga/tt-fpga/src/tt-fpga/config_sc_regi
ster.sv:19$86'.                                                                 
Removing empty process                                                          
`$paramod\config_sc_register\Size=s32'00000000000000000000000000010000.$proc$/Us
ers/yuri/Documents/5_projects/swisschips-fpga/tt-fpga/src/tt-fpga/config_sc_regi
ster.sv:19$86'.                                                                 
Removing empty process                                                          
`$paramod\configurable_logic_block\LutN=s32'00000000000000000000000000000100.$pr
oc$/Users/yuri/Documents/5_projects/swisschips-fpga/tt-fpga/src/tt-fpga/configur
able_logic_block.sv:83$83'.                                                     
Found and cleaned up 1 empty switch in                                          
`$paramod\input_mux\InputSize=s32'00000000000000000000000000000100.$proc$/Users/
yuri/Documents/5_projects/swisschips-fpga/tt-fpga/src/tt-fpga/input_mux.sv:45$56
'.                                                                              
Removing empty process                                                          
`$paramod\input_mux\InputSize=s32'00000000000000000000000000000100.$proc$/Users/
yuri/Documents/5_projects/swisschips-fpga/tt-fpga/src/tt-fpga/input_mux.sv:45$56
'.                                                                              
Cleaned up 5 empty switches.                                                    
                                                                                
14.12. Executing OPT_EXPR pass (perform const folding).                         
Optimizing module tt_um_yuri_fpga.                                              
<suppressed ~1 debug messages>                                                  
Optimizing module                                                               
$paramod$a689d6693ab0dd8c48fb31ba32119950bfd9cb57\fpga_building_block.          
Optimizing module $paramod$45860025edd0bfa5e998be653876e0503861aca5\fpga_grid.  
Optimizing module                                                               
$paramod\config_sc_register\Size=s32'00000000000000000000000000001000.          
<suppressed ~2 debug messages>                                                  
Optimizing module                                                               
$paramod\config_sc_register\Size=s32'00000000000000000000000000000010.          
<suppressed ~2 debug messages>                                                  
Optimizing module $paramod\lutN\LutN=s32'00000000000000000000000000000011.      
Optimizing module                                                               
$paramod\config_sc_register\Size=s32'00000000000000000000000000000100.          
<suppressed ~2 debug messages>                                                  
Optimizing module                                                               
$paramod\config_sc_register\Size=s32'00000000000000000000000000010000.          
<suppressed ~2 debug messages>                                                  
Optimizing module                                                               
$paramod\configurable_logic_block\LutN=s32'00000000000000000000000000000100.    
<suppressed ~2 debug messages>                                                  
Optimizing module fabric_switch.                                                
Optimizing module                                                               
$paramod\input_mux\InputSize=s32'00000000000000000000000000000100.              
<suppressed ~1 debug messages>                                                  
                                                                                
15. Executing FLATTEN pass (flatten design).                                    
Deleting now unused module                                                      
$paramod$a689d6693ab0dd8c48fb31ba32119950bfd9cb57\fpga_building_block.          
Deleting now unused module                                                      
$paramod$45860025edd0bfa5e998be653876e0503861aca5\fpga_grid.                    
Deleting now unused module                                                      
$paramod\config_sc_register\Size=s32'00000000000000000000000000001000.          
Deleting now unused module                                                      
$paramod\config_sc_register\Size=s32'00000000000000000000000000000010.          
Deleting now unused module                                                      
$paramod\lutN\LutN=s32'00000000000000000000000000000011.                        
Deleting now unused module                                                      
$paramod\config_sc_register\Size=s32'00000000000000000000000000000100.          
Deleting now unused module                                                      
$paramod\config_sc_register\Size=s32'00000000000000000000000000010000.          
Deleting now unused module                                                      
$paramod\configurable_logic_block\LutN=s32'00000000000000000000000000000100.    
Deleting now unused module fabric_switch.                                       
Deleting now unused module                                                      
$paramod\input_mux\InputSize=s32'00000000000000000000000000000100.              
<suppressed ~17 debug messages>                                                 
                                                                                
16. Executing OPT_CLEAN pass (remove unused cells and wires).                   
Finding unused cells or wires in module \tt_um_yuri_fpga..                      
Removed 175 unused cells and 1109 unused wires.                                 
<suppressed ~820 debug messages>                                                
────────────────────────────────── Synthesis ───────────────────────────────────
[20:32:24] VERBOSE  Running 'Yosys.Synthesis' at                    step.py:1138
                    'runs/wokwi/06-yosys-synthesis'…                            
[20:32:24] VERBOSE  Logging subprocess to                           step.py:1338
                    'runs/wokwi/06-yosys-synthesis/yosys-synthesis.             
                    log'…                                                       
                                                                                
 /----------------------------------------------------------------------------\ 
 |  yosys -- Yosys Open SYnthesis Suite                                       | 
 |  Copyright (C) 2012 - 2026  Claire Xenia Wolf <claire@yosyshq.com>         | 
 |  Distributed under an ISC-like license, type "license" to see terms        | 
 \----------------------------------------------------------------------------/ 
 Yosys 0.62 (git sha1 7326bb7d6641500ecb285c291a54a662cb1e76cf, clang++ 21.1.2  
-fPIC -O3)                                                                      
                                                                                
1. Executing Liberty frontend:                                                  
/Users/yuri/ttsetup/pdk/ciel/ihp-sg13g2/versions/c4b8b4e5e7a05f375cca3815d51b3a3
7721fbf5c/ihp-sg13g2/libs.ref/sg13g2_stdcell/lib/sg13g2_stdcell_typ_1p20V_25C.li
b                                                                               
Imported 84 cell types from liberty file.                                       
                                                                                
2. Executing Liberty frontend:                                                  
/Users/yuri/ttsetup/pdk/ciel/ihp-sg13g2/versions/c4b8b4e5e7a05f375cca3815d51b3a3
7721fbf5c/ihp-sg13g2/libs.ref/sg13g2_io/lib/sg13g2_io_typ_1p2V_3p3V_25C.lib     
Imported 15 cell types from liberty file.                                       
[INFO] Using SDC file                                                           
'/Users/yuri/Documents/5_projects/swisschips-fpga/tt-fpga/runs/wokwi/06-yosys-sy
nthesis/synthesis.abc.sdc' for ABC…wtaf                                         
                                                                                
3. Executing Verilog-2005 frontend:                                             
/Users/yuri/Documents/5_projects/swisschips-fpga/tt-fpga/src/project.sv         
Parsing SystemVerilog input from                                                
`/Users/yuri/Documents/5_projects/swisschips-fpga/tt-fpga/src/project.sv' to AST
representation.                                                                 
Storing AST representation for module `$abstract\tt_um_yuri_fpga'.              
Successfully finished Verilog frontend.                                         
                                                                                
4. Executing Verilog-2005 frontend:                                             
/Users/yuri/Documents/5_projects/swisschips-fpga/tt-fpga/src/tt-fpga/fpga_pkg.sv
Parsing SystemVerilog input from                                                
`/Users/yuri/Documents/5_projects/swisschips-fpga/tt-fpga/src/tt-fpga/fpga_pkg.s
v' to AST representation.                                                       
Successfully finished Verilog frontend.                                         
                                                                                
5. Executing Verilog-2005 frontend:                                             
/Users/yuri/Documents/5_projects/swisschips-fpga/tt-fpga/src/tt-fpga/input_mux.s
v                                                                               
Parsing SystemVerilog input from                                                
`/Users/yuri/Documents/5_projects/swisschips-fpga/tt-fpga/src/tt-fpga/input_mux.
sv' to AST representation.                                                      
Storing AST representation for module `$abstract\input_mux'.                    
Successfully finished Verilog frontend.                                         
                                                                                
6. Executing Verilog-2005 frontend:                                             
/Users/yuri/Documents/5_projects/swisschips-fpga/tt-fpga/src/tt-fpga/lutN.sv    
Parsing SystemVerilog input from                                                
`/Users/yuri/Documents/5_projects/swisschips-fpga/tt-fpga/src/tt-fpga/lutN.sv'  
to AST representation.                                                          
Storing AST representation for module `$abstract\lutN'.                         
Successfully finished Verilog frontend.                                         
                                                                                
7. Executing Verilog-2005 frontend:                                             
/Users/yuri/Documents/5_projects/swisschips-fpga/tt-fpga/src/tt-fpga/fpga_grid.s
v                                                                               
Parsing SystemVerilog input from                                                
`/Users/yuri/Documents/5_projects/swisschips-fpga/tt-fpga/src/tt-fpga/fpga_grid.
sv' to AST representation.                                                      
Storing AST representation for module `$abstract\fpga_grid'.                    
Successfully finished Verilog frontend.                                         
                                                                                
8. Executing Verilog-2005 frontend:                                             
/Users/yuri/Documents/5_projects/swisschips-fpga/tt-fpga/src/tt-fpga/fpga_buildi
ng_block.sv                                                                     
Parsing SystemVerilog input from                                                
`/Users/yuri/Documents/5_projects/swisschips-fpga/tt-fpga/src/tt-fpga/fpga_build
ing_block.sv' to AST representation.                                            
Storing AST representation for module `$abstract\fpga_building_block'.          
Successfully finished Verilog frontend.                                         
                                                                                
9. Executing Verilog-2005 frontend:                                             
/Users/yuri/Documents/5_projects/swisschips-fpga/tt-fpga/src/tt-fpga/configurabl
e_logic_block.sv                                                                
Parsing SystemVerilog input from                                                
`/Users/yuri/Documents/5_projects/swisschips-fpga/tt-fpga/src/tt-fpga/configurab
le_logic_block.sv' to AST representation.                                       
Storing AST representation for module `$abstract\configurable_logic_block'.     
Successfully finished Verilog frontend.                                         
                                                                                
10. Executing Verilog-2005 frontend:                                            
/Users/yuri/Documents/5_projects/swisschips-fpga/tt-fpga/src/tt-fpga/fabric_swit
ch.sv                                                                           
Parsing SystemVerilog input from                                                
`/Users/yuri/Documents/5_projects/swisschips-fpga/tt-fpga/src/tt-fpga/fabric_swi
tch.sv' to AST representation.                                                  
Storing AST representation for module `$abstract\fabric_switch'.                
Successfully finished Verilog frontend.                                         
                                                                                
11. Executing Verilog-2005 frontend:                                            
/Users/yuri/Documents/5_projects/swisschips-fpga/tt-fpga/src/tt-fpga/config_sc_r
egister.sv                                                                      
Parsing SystemVerilog input from                                                
`/Users/yuri/Documents/5_projects/swisschips-fpga/tt-fpga/src/tt-fpga/config_sc_
register.sv' to AST representation.                                             
Storing AST representation for module `$abstract\config_sc_register'.           
Successfully finished Verilog frontend.                                         
                                                                                
12. Executing HIERARCHY pass (managing design hierarchy).                       
                                                                                
13. Executing AST frontend in derive mode using pre-parsed AST for module       
`\tt_um_yuri_fpga'.                                                             
Generating RTLIL representation for module `\tt_um_yuri_fpga'.                  
                                                                                
13.1. Analyzing design hierarchy..                                              
Top module:  \tt_um_yuri_fpga                                                   
Parameter \XSize = 2                                                            
Parameter \YSize = 2                                                            
Parameter \NumIoInputs = 8                                                      
Parameter \NumIoOutputs = 8                                                     
Parameter \LutN = 4                                                             
Parameter \WireLength = 2                                                       
Parameter \StartCount = 2                                                       
                                                                                
13.2. Executing AST frontend in derive mode using pre-parsed AST for module     
`\fpga_grid'.                                                                   
Parameter \XSize = 2                                                            
Parameter \YSize = 2                                                            
Parameter \NumIoInputs = 8                                                      
Parameter \NumIoOutputs = 8                                                     
Parameter \LutN = 4                                                             
Parameter \WireLength = 2                                                       
Parameter \StartCount = 2                                                       
Generating RTLIL representation for module                                      
`$paramod$45860025edd0bfa5e998be653876e0503861aca5\fpga_grid'.                  
                                                                                
13.3. Analyzing design hierarchy..                                              
Top module:  \tt_um_yuri_fpga                                                   
Used module:     $paramod$45860025edd0bfa5e998be653876e0503861aca5\fpga_grid    
Parameter \LutN = 4                                                             
Parameter \WireLength = 2                                                       
Parameter \StartCount = 2                                                       
                                                                                
13.4. Executing AST frontend in derive mode using pre-parsed AST for module     
`\fpga_building_block'.                                                         
Parameter \LutN = 4                                                             
Parameter \WireLength = 2                                                       
Parameter \StartCount = 2                                                       
Generating RTLIL representation for module                                      
`$paramod$a689d6693ab0dd8c48fb31ba32119950bfd9cb57\fpga_building_block'.        
Parameter \LutN = 4                                                             
Parameter \WireLength = 2                                                       
Parameter \StartCount = 2                                                       
Found cached RTLIL representation for module                                    
`$paramod$a689d6693ab0dd8c48fb31ba32119950bfd9cb57\fpga_building_block'.        
Parameter \LutN = 4                                                             
Parameter \WireLength = 2                                                       
Parameter \StartCount = 2                                                       
Found cached RTLIL representation for module                                    
`$paramod$a689d6693ab0dd8c48fb31ba32119950bfd9cb57\fpga_building_block'.        
Parameter \LutN = 4                                                             
Parameter \WireLength = 2                                                       
Parameter \StartCount = 2                                                       
Found cached RTLIL representation for module                                    
`$paramod$a689d6693ab0dd8c48fb31ba32119950bfd9cb57\fpga_building_block'.        
Reprocessing module $paramod$45860025edd0bfa5e998be653876e0503861aca5\fpga_grid 
because instantiated module                                                     
$paramod$a689d6693ab0dd8c48fb31ba32119950bfd9cb57\fpga_building_block has become
available.                                                                      
Generating RTLIL representation for module                                      
`$paramod$45860025edd0bfa5e998be653876e0503861aca5\fpga_grid'.                  
                                                                                
13.5. Analyzing design hierarchy..                                              
Top module:  \tt_um_yuri_fpga                                                   
Used module:     $paramod$45860025edd0bfa5e998be653876e0503861aca5\fpga_grid    
Parameter \LutN = 4                                                             
Parameter \WireLength = 2                                                       
Parameter \StartCount = 2                                                       
Found cached RTLIL representation for module                                    
`$paramod$a689d6693ab0dd8c48fb31ba32119950bfd9cb57\fpga_building_block'.        
Parameter \LutN = 4                                                             
Parameter \WireLength = 2                                                       
Parameter \StartCount = 2                                                       
Found cached RTLIL representation for module                                    
`$paramod$a689d6693ab0dd8c48fb31ba32119950bfd9cb57\fpga_building_block'.        
Parameter \LutN = 4                                                             
Parameter \WireLength = 2                                                       
Parameter \StartCount = 2                                                       
Found cached RTLIL representation for module                                    
`$paramod$a689d6693ab0dd8c48fb31ba32119950bfd9cb57\fpga_building_block'.        
Parameter \LutN = 4                                                             
Parameter \WireLength = 2                                                       
Parameter \StartCount = 2                                                       
Found cached RTLIL representation for module                                    
`$paramod$a689d6693ab0dd8c48fb31ba32119950bfd9cb57\fpga_building_block'.        
                                                                                
13.6. Analyzing design hierarchy..                                              
Top module:  \tt_um_yuri_fpga                                                   
Used module:     $paramod$45860025edd0bfa5e998be653876e0503861aca5\fpga_grid    
Used module:                                                                    
$paramod$a689d6693ab0dd8c48fb31ba32119950bfd9cb57\fpga_building_block           
Parameter \InputSize = 4                                                        
                                                                                
13.7. Executing AST frontend in derive mode using pre-parsed AST for module     
`\input_mux'.                                                                   
Parameter \InputSize = 4                                                        
Generating RTLIL representation for module                                      
`$paramod\input_mux\InputSize=s32'00000000000000000000000000000100'.            
Parameter \InputSize = 4                                                        
Found cached RTLIL representation for module                                    
`$paramod\input_mux\InputSize=s32'00000000000000000000000000000100'.            
Parameter \InputSize = 4                                                        
Found cached RTLIL representation for module                                    
`$paramod\input_mux\InputSize=s32'00000000000000000000000000000100'.            
Parameter \InputSize = 4                                                        
Found cached RTLIL representation for module                                    
`$paramod\input_mux\InputSize=s32'00000000000000000000000000000100'.            
                                                                                
13.8. Executing AST frontend in derive mode using pre-parsed AST for module     
`\fabric_switch'.                                                               
Generating RTLIL representation for module `\fabric_switch'.                    
Parameter \LutN = 4                                                             
                                                                                
13.9. Executing AST frontend in derive mode using pre-parsed AST for module     
`\configurable_logic_block'.                                                    
Parameter \LutN = 4                                                             
Generating RTLIL representation for module                                      
`$paramod\configurable_logic_block\LutN=s32'00000000000000000000000000000100'.  
                                                                                
13.10. Analyzing design hierarchy..                                             
Top module:  \tt_um_yuri_fpga                                                   
Used module:     $paramod$45860025edd0bfa5e998be653876e0503861aca5\fpga_grid    
Used module:                                                                    
$paramod$a689d6693ab0dd8c48fb31ba32119950bfd9cb57\fpga_building_block           
Used module:                                                                    
$paramod\input_mux\InputSize=s32'00000000000000000000000000000100               
Used module:             \fabric_switch                                         
Used module:                                                                    
$paramod\configurable_logic_block\LutN=s32'00000000000000000000000000000100     
Parameter \Size = 16                                                            
                                                                                
13.11. Executing AST frontend in derive mode using pre-parsed AST for module    
`\config_sc_register'.                                                          
Parameter \Size = 16                                                            
Generating RTLIL representation for module                                      
`$paramod\config_sc_register\Size=s32'00000000000000000000000000010000'.        
Parameter \Size = 4                                                             
                                                                                
13.12. Executing AST frontend in derive mode using pre-parsed AST for module    
`\config_sc_register'.                                                          
Parameter \Size = 4                                                             
Generating RTLIL representation for module                                      
`$paramod\config_sc_register\Size=s32'00000000000000000000000000000100'.        
Parameter \LutN = 3                                                             
                                                                                
13.13. Executing AST frontend in derive mode using pre-parsed AST for module    
`\lutN'.                                                                        
Parameter \LutN = 3                                                             
Generating RTLIL representation for module                                      
`$paramod\lutN\LutN=s32'00000000000000000000000000000011'.                      
Parameter \LutN = 3                                                             
Found cached RTLIL representation for module                                    
`$paramod\lutN\LutN=s32'00000000000000000000000000000011'.                      
Parameter \Size = 2                                                             
                                                                                
13.14. Executing AST frontend in derive mode using pre-parsed AST for module    
`\config_sc_register'.                                                          
Parameter \Size = 2                                                             
Generating RTLIL representation for module                                      
`$paramod\config_sc_register\Size=s32'00000000000000000000000000000010'.        
                                                                                
13.15. Analyzing design hierarchy..                                             
Top module:  \tt_um_yuri_fpga                                                   
Used module:     $paramod$45860025edd0bfa5e998be653876e0503861aca5\fpga_grid    
Used module:                                                                    
$paramod$a689d6693ab0dd8c48fb31ba32119950bfd9cb57\fpga_building_block           
Used module:                                                                    
$paramod\input_mux\InputSize=s32'00000000000000000000000000000100               
Used module:                                                                    
$paramod\config_sc_register\Size=s32'00000000000000000000000000000100           
Used module:             \fabric_switch                                         
Used module:                                                                    
$paramod\config_sc_register\Size=s32'00000000000000000000000000010000           
Used module:                                                                    
$paramod\configurable_logic_block\LutN=s32'00000000000000000000000000000100     
Used module:                                                                    
$paramod\lutN\LutN=s32'00000000000000000000000000000011                         
Used module:                                                                    
$paramod\config_sc_register\Size=s32'00000000000000000000000000000010           
Parameter \Size = 8                                                             
                                                                                
13.16. Executing AST frontend in derive mode using pre-parsed AST for module    
`\config_sc_register'.                                                          
Parameter \Size = 8                                                             
Generating RTLIL representation for module                                      
`$paramod\config_sc_register\Size=s32'00000000000000000000000000001000'.        
                                                                                
13.17. Analyzing design hierarchy..                                             
Top module:  \tt_um_yuri_fpga                                                   
Used module:     $paramod$45860025edd0bfa5e998be653876e0503861aca5\fpga_grid    
Used module:                                                                    
$paramod$a689d6693ab0dd8c48fb31ba32119950bfd9cb57\fpga_building_block           
Used module:                                                                    
$paramod\input_mux\InputSize=s32'00000000000000000000000000000100               
Used module:                                                                    
$paramod\config_sc_register\Size=s32'00000000000000000000000000000100           
Used module:             \fabric_switch                                         
Used module:                                                                    
$paramod\config_sc_register\Size=s32'00000000000000000000000000010000           
Used module:                                                                    
$paramod\configurable_logic_block\LutN=s32'00000000000000000000000000000100     
Used module:                                                                    
$paramod\lutN\LutN=s32'00000000000000000000000000000011                         
Used module:                                                                    
$paramod\config_sc_register\Size=s32'00000000000000000000000000001000           
Used module:                                                                    
$paramod\config_sc_register\Size=s32'00000000000000000000000000000010           
                                                                                
13.18. Analyzing design hierarchy..                                             
Top module:  \tt_um_yuri_fpga                                                   
Used module:     $paramod$45860025edd0bfa5e998be653876e0503861aca5\fpga_grid    
Used module:                                                                    
$paramod$a689d6693ab0dd8c48fb31ba32119950bfd9cb57\fpga_building_block           
Used module:                                                                    
$paramod\input_mux\InputSize=s32'00000000000000000000000000000100               
Used module:                                                                    
$paramod\config_sc_register\Size=s32'00000000000000000000000000000100           
Used module:             \fabric_switch                                         
Used module:                                                                    
$paramod\config_sc_register\Size=s32'00000000000000000000000000010000           
Used module:                                                                    
$paramod\configurable_logic_block\LutN=s32'00000000000000000000000000000100     
Used module:                                                                    
$paramod\lutN\LutN=s32'00000000000000000000000000000011                         
Used module:                                                                    
$paramod\config_sc_register\Size=s32'00000000000000000000000000001000           
Used module:                                                                    
$paramod\config_sc_register\Size=s32'00000000000000000000000000000010           
Removing unused module `$abstract\config_sc_register'.                          
Removing unused module `$abstract\fabric_switch'.                               
Removing unused module `$abstract\configurable_logic_block'.                    
Removing unused module `$abstract\fpga_building_block'.                         
Removing unused module `$abstract\fpga_grid'.                                   
Removing unused module `$abstract\lutN'.                                        
Removing unused module `$abstract\input_mux'.                                   
Removing unused module `$abstract\tt_um_yuri_fpga'.                             
Removed 8 unused modules.                                                       
Renaming module tt_um_yuri_fpga to tt_um_yuri_fpga.                             
                                                                                
14. Executing ATTRMAP pass (move or copy attributes).                           
                                                                                
15. Executing TRIBUF pass.                                                      
                                                                                
16. Executing HIERARCHY pass (managing design hierarchy).                       
                                                                                
16.1. Analyzing design hierarchy..                                              
Top module:  \tt_um_yuri_fpga                                                   
Used module:     $paramod$45860025edd0bfa5e998be653876e0503861aca5\fpga_grid    
Used module:                                                                    
$paramod$a689d6693ab0dd8c48fb31ba32119950bfd9cb57\fpga_building_block           
Used module:                                                                    
$paramod\input_mux\InputSize=s32'00000000000000000000000000000100               
Used module:                                                                    
$paramod\config_sc_register\Size=s32'00000000000000000000000000000100           
Used module:             \fabric_switch                                         
Used module:                                                                    
$paramod\config_sc_register\Size=s32'00000000000000000000000000010000           
Used module:                                                                    
$paramod\configurable_logic_block\LutN=s32'00000000000000000000000000000100     
Used module:                                                                    
$paramod\lutN\LutN=s32'00000000000000000000000000000011                         
Used module:                                                                    
$paramod\config_sc_register\Size=s32'00000000000000000000000000001000           
Used module:                                                                    
$paramod\config_sc_register\Size=s32'00000000000000000000000000000010           
                                                                                
16.2. Analyzing design hierarchy..                                              
Top module:  \tt_um_yuri_fpga                                                   
Used module:     $paramod$45860025edd0bfa5e998be653876e0503861aca5\fpga_grid    
Used module:                                                                    
$paramod$a689d6693ab0dd8c48fb31ba32119950bfd9cb57\fpga_building_block           
Used module:                                                                    
$paramod\input_mux\InputSize=s32'00000000000000000000000000000100               
Used module:                                                                    
$paramod\config_sc_register\Size=s32'00000000000000000000000000000100           
Used module:             \fabric_switch                                         
Used module:                                                                    
$paramod\config_sc_register\Size=s32'00000000000000000000000000010000           
Used module:                                                                    
$paramod\configurable_logic_block\LutN=s32'00000000000000000000000000000100     
Used module:                                                                    
$paramod\lutN\LutN=s32'00000000000000000000000000000011                         
Used module:                                                                    
$paramod\config_sc_register\Size=s32'00000000000000000000000000001000           
Used module:                                                                    
$paramod\config_sc_register\Size=s32'00000000000000000000000000000010           
Removed 0 unused modules.                                                       
                                                                                
17. Executing PROC_CLEAN pass (remove empty switches from decision trees).      
Cleaned up 0 empty switches.                                                    
                                                                                
18. Executing PROC_RMDEAD pass (remove dead branches from decision trees).      
Marked 1 switch rules as full_case in process                                   
$proc$/Users/yuri/Documents/5_projects/swisschips-fpga/tt-fpga/src/tt-fpga/confi
g_sc_register.sv:27$97 in module                                                
$paramod\config_sc_register\Size=s32'00000000000000000000000000001000.          
Marked 1 switch rules as full_case in process                                   
$proc$/Users/yuri/Documents/5_projects/swisschips-fpga/tt-fpga/src/tt-fpga/confi
g_sc_register.sv:19$96 in module                                                
$paramod\config_sc_register\Size=s32'00000000000000000000000000001000.          
Marked 1 switch rules as full_case in process                                   
$proc$/Users/yuri/Documents/5_projects/swisschips-fpga/tt-fpga/src/tt-fpga/confi
g_sc_register.sv:27$94 in module                                                
$paramod\config_sc_register\Size=s32'00000000000000000000000000000010.          
Marked 1 switch rules as full_case in process                                   
$proc$/Users/yuri/Documents/5_projects/swisschips-fpga/tt-fpga/src/tt-fpga/confi
g_sc_register.sv:19$93 in module                                                
$paramod\config_sc_register\Size=s32'00000000000000000000000000000010.          
Marked 1 switch rules as full_case in process                                   
$proc$/Users/yuri/Documents/5_projects/swisschips-fpga/tt-fpga/src/tt-fpga/confi
g_sc_register.sv:27$90 in module                                                
$paramod\config_sc_register\Size=s32'00000000000000000000000000000100.          
Marked 1 switch rules as full_case in process                                   
$proc$/Users/yuri/Documents/5_projects/swisschips-fpga/tt-fpga/src/tt-fpga/confi
g_sc_register.sv:19$89 in module                                                
$paramod\config_sc_register\Size=s32'00000000000000000000000000000100.          
Marked 1 switch rules as full_case in process                                   
$proc$/Users/yuri/Documents/5_projects/swisschips-fpga/tt-fpga/src/tt-fpga/confi
g_sc_register.sv:27$87 in module                                                
$paramod\config_sc_register\Size=s32'00000000000000000000000000010000.          
Marked 1 switch rules as full_case in process                                   
$proc$/Users/yuri/Documents/5_projects/swisschips-fpga/tt-fpga/src/tt-fpga/confi
g_sc_register.sv:19$86 in module                                                
$paramod\config_sc_register\Size=s32'00000000000000000000000000010000.          
Marked 1 switch rules as full_case in process                                   
$proc$/Users/yuri/Documents/5_projects/swisschips-fpga/tt-fpga/src/tt-fpga/confi
gurable_logic_block.sv:83$83 in module                                          
$paramod\configurable_logic_block\LutN=s32'00000000000000000000000000000100.    
Removed 1 dead cases from process                                               
$proc$/Users/yuri/Documents/5_projects/swisschips-fpga/tt-fpga/src/tt-fpga/input
_mux.sv:45$56 in module                                                         
$paramod\input_mux\InputSize=s32'00000000000000000000000000000100.              
Marked 1 switch rules as full_case in process                                   
$proc$/Users/yuri/Documents/5_projects/swisschips-fpga/tt-fpga/src/tt-fpga/input
_mux.sv:45$56 in module                                                         
$paramod\input_mux\InputSize=s32'00000000000000000000000000000100.              
Removed a total of 1 dead cases.                                                
                                                                                
19. Executing PROC_PRUNE pass (remove redundant assignments in processes).      
Removed 5 redundant assignments.                                                
Promoted 5 assignments to connections.                                          
                                                                                
20. Executing PROC_INIT pass (extract init attributes).                         
                                                                                
21. Executing PROC_ARST pass (detect async resets in processes).                
Found async reset \rst_ni in                                                    
`$paramod\config_sc_register\Size=s32'00000000000000000000000000001000.$proc$/Us
ers/yuri/Documents/5_projects/swisschips-fpga/tt-fpga/src/tt-fpga/config_sc_regi
ster.sv:27$97'.                                                                 
Found async reset \rst_ni in                                                    
`$paramod\config_sc_register\Size=s32'00000000000000000000000000000010.$proc$/Us
ers/yuri/Documents/5_projects/swisschips-fpga/tt-fpga/src/tt-fpga/config_sc_regi
ster.sv:27$94'.                                                                 
Found async reset \rst_ni in                                                    
`$paramod\config_sc_register\Size=s32'00000000000000000000000000000100.$proc$/Us
ers/yuri/Documents/5_projects/swisschips-fpga/tt-fpga/src/tt-fpga/config_sc_regi
ster.sv:27$90'.                                                                 
Found async reset \rst_ni in                                                    
`$paramod\config_sc_register\Size=s32'00000000000000000000000000010000.$proc$/Us
ers/yuri/Documents/5_projects/swisschips-fpga/tt-fpga/src/tt-fpga/config_sc_regi
ster.sv:27$87'.                                                                 
Found async reset \rst_ni in                                                    
`$paramod\configurable_logic_block\LutN=s32'00000000000000000000000000000100.$pr
oc$/Users/yuri/Documents/5_projects/swisschips-fpga/tt-fpga/src/tt-fpga/configur
able_logic_block.sv:83$83'.                                                     
                                                                                
22. Executing PROC_ROM pass (convert switches to ROMs).                         
Converted 0 switches.                                                           
<suppressed ~5 debug messages>                                                  
                                                                                
23. Executing PROC_MUX pass (convert decision trees to multiplexers).           
Creating decoders for process                                                   
`$paramod\config_sc_register\Size=s32'00000000000000000000000000001000.$proc$/Us
ers/yuri/Documents/5_projects/swisschips-fpga/tt-fpga/src/tt-fpga/config_sc_regi
ster.sv:27$97'.                                                                 
     1/1: $0\config_q[7:0]                                                      
Creating decoders for process                                                   
`$paramod\config_sc_register\Size=s32'00000000000000000000000000001000.$proc$/Us
ers/yuri/Documents/5_projects/swisschips-fpga/tt-fpga/src/tt-fpga/config_sc_regi
ster.sv:19$96'.                                                                 
     1/1: $1\config_d[7:0]                                                      
Creating decoders for process                                                   
`$paramod\config_sc_register\Size=s32'00000000000000000000000000000010.$proc$/Us
ers/yuri/Documents/5_projects/swisschips-fpga/tt-fpga/src/tt-fpga/config_sc_regi
ster.sv:27$94'.                                                                 
     1/1: $0\config_q[1:0]                                                      
Creating decoders for process                                                   
`$paramod\config_sc_register\Size=s32'00000000000000000000000000000010.$proc$/Us
ers/yuri/Documents/5_projects/swisschips-fpga/tt-fpga/src/tt-fpga/config_sc_regi
ster.sv:19$93'.                                                                 
     1/1: $1\config_d[1:0]                                                      
Creating decoders for process                                                   
`$paramod\config_sc_register\Size=s32'00000000000000000000000000000100.$proc$/Us
ers/yuri/Documents/5_projects/swisschips-fpga/tt-fpga/src/tt-fpga/config_sc_regi
ster.sv:27$90'.                                                                 
     1/1: $0\config_q[3:0]                                                      
Creating decoders for process                                                   
`$paramod\config_sc_register\Size=s32'00000000000000000000000000000100.$proc$/Us
ers/yuri/Documents/5_projects/swisschips-fpga/tt-fpga/src/tt-fpga/config_sc_regi
ster.sv:19$89'.                                                                 
     1/1: $1\config_d[3:0]                                                      
Creating decoders for process                                                   
`$paramod\config_sc_register\Size=s32'00000000000000000000000000010000.$proc$/Us
ers/yuri/Documents/5_projects/swisschips-fpga/tt-fpga/src/tt-fpga/config_sc_regi
ster.sv:27$87'.                                                                 
     1/1: $0\config_q[15:0]                                                     
Creating decoders for process                                                   
`$paramod\config_sc_register\Size=s32'00000000000000000000000000010000.$proc$/Us
ers/yuri/Documents/5_projects/swisschips-fpga/tt-fpga/src/tt-fpga/config_sc_regi
ster.sv:19$86'.                                                                 
     1/1: $1\config_d[15:0]                                                     
Creating decoders for process                                                   
`$paramod\configurable_logic_block\LutN=s32'00000000000000000000000000000100.$pr
oc$/Users/yuri/Documents/5_projects/swisschips-fpga/tt-fpga/src/tt-fpga/configur
able_logic_block.sv:83$83'.                                                     
     1/1: $0\reg_q[0:0]                                                         
Creating decoders for process                                                   
`$paramod\input_mux\InputSize=s32'00000000000000000000000000000100.$proc$/Users/
yuri/Documents/5_projects/swisschips-fpga/tt-fpga/src/tt-fpga/input_mux.sv:45$56
'.                                                                              
     1/1: $1\selected_heading[3:0]                                              
                                                                                
24. Executing PROC_DLATCH pass (convert process syncs to latches).              
No latch inferred for signal                                                    
`$paramod\config_sc_register\Size=s32'00000000000000000000000000001000.\config_d
' from process                                                                  
`$paramod\config_sc_register\Size=s32'00000000000000000000000000001000.$proc$/Us
ers/yuri/Documents/5_projects/swisschips-fpga/tt-fpga/src/tt-fpga/config_sc_regi
ster.sv:19$96'.                                                                 
No latch inferred for signal                                                    
`$paramod\config_sc_register\Size=s32'00000000000000000000000000000010.\config_d
' from process                                                                  
`$paramod\config_sc_register\Size=s32'00000000000000000000000000000010.$proc$/Us
ers/yuri/Documents/5_projects/swisschips-fpga/tt-fpga/src/tt-fpga/config_sc_regi
ster.sv:19$93'.                                                                 
No latch inferred for signal                                                    
`$paramod\config_sc_register\Size=s32'00000000000000000000000000000100.\config_d
' from process                                                                  
`$paramod\config_sc_register\Size=s32'00000000000000000000000000000100.$proc$/Us
ers/yuri/Documents/5_projects/swisschips-fpga/tt-fpga/src/tt-fpga/config_sc_regi
ster.sv:19$89'.                                                                 
No latch inferred for signal                                                    
`$paramod\config_sc_register\Size=s32'00000000000000000000000000010000.\config_d
' from process                                                                  
`$paramod\config_sc_register\Size=s32'00000000000000000000000000010000.$proc$/Us
ers/yuri/Documents/5_projects/swisschips-fpga/tt-fpga/src/tt-fpga/config_sc_regi
ster.sv:19$86'.                                                                 
No latch inferred for signal                                                    
`$paramod\input_mux\InputSize=s32'00000000000000000000000000000100.\selected_hea
ding' from process                                                              
`$paramod\input_mux\InputSize=s32'00000000000000000000000000000100.$proc$/Users/
yuri/Documents/5_projects/swisschips-fpga/tt-fpga/src/tt-fpga/input_mux.sv:45$56
'.                                                                              
                                                                                
25. Executing PROC_DFF pass (convert process syncs to FFs).                     
Creating register for signal                                                    
`$paramod\config_sc_register\Size=s32'00000000000000000000000000001000.\config_q
' using process                                                                 
`$paramod\config_sc_register\Size=s32'00000000000000000000000000001000.$proc$/Us
ers/yuri/Documents/5_projects/swisschips-fpga/tt-fpga/src/tt-fpga/config_sc_regi
ster.sv:27$97'.                                                                 
  created $adff cell `$procdff$120' with positive edge clock and positive level 
reset.                                                                          
Creating register for signal                                                    
`$paramod\config_sc_register\Size=s32'00000000000000000000000000000010.\config_q
' using process                                                                 
`$paramod\config_sc_register\Size=s32'00000000000000000000000000000010.$proc$/Us
ers/yuri/Documents/5_projects/swisschips-fpga/tt-fpga/src/tt-fpga/config_sc_regi
ster.sv:27$94'.                                                                 
  created $adff cell `$procdff$125' with positive edge clock and positive level 
reset.                                                                          
Creating register for signal                                                    
`$paramod\config_sc_register\Size=s32'00000000000000000000000000000100.\config_q
' using process                                                                 
`$paramod\config_sc_register\Size=s32'00000000000000000000000000000100.$proc$/Us
ers/yuri/Documents/5_projects/swisschips-fpga/tt-fpga/src/tt-fpga/config_sc_regi
ster.sv:27$90'.                                                                 
  created $adff cell `$procdff$130' with positive edge clock and positive level 
reset.                                                                          
Creating register for signal                                                    
`$paramod\config_sc_register\Size=s32'00000000000000000000000000010000.\config_q
' using process                                                                 
`$paramod\config_sc_register\Size=s32'00000000000000000000000000010000.$proc$/Us
ers/yuri/Documents/5_projects/swisschips-fpga/tt-fpga/src/tt-fpga/config_sc_regi
ster.sv:27$87'.                                                                 
  created $adff cell `$procdff$135' with positive edge clock and positive level 
reset.                                                                          
Creating register for signal                                                    
`$paramod\configurable_logic_block\LutN=s32'00000000000000000000000000000100.\re
g_q' using process                                                              
`$paramod\configurable_logic_block\LutN=s32'00000000000000000000000000000100.$pr
oc$/Users/yuri/Documents/5_projects/swisschips-fpga/tt-fpga/src/tt-fpga/configur
able_logic_block.sv:83$83'.                                                     
  created $adff cell `$procdff$140' with positive edge clock and positive level 
reset.                                                                          
                                                                                
26. Executing PROC_MEMWR pass (convert process memory writes to cells).         
                                                                                
27. Executing PROC_CLEAN pass (remove empty switches from decision trees).      
Removing empty process                                                          
`$paramod\config_sc_register\Size=s32'00000000000000000000000000001000.$proc$/Us
ers/yuri/Documents/5_projects/swisschips-fpga/tt-fpga/src/tt-fpga/config_sc_regi
ster.sv:27$97'.                                                                 
Found and cleaned up 1 empty switch in                                          
`$paramod\config_sc_register\Size=s32'00000000000000000000000000001000.$proc$/Us
ers/yuri/Documents/5_projects/swisschips-fpga/tt-fpga/src/tt-fpga/config_sc_regi
ster.sv:19$96'.                                                                 
Removing empty process                                                          
`$paramod\config_sc_register\Size=s32'00000000000000000000000000001000.$proc$/Us
ers/yuri/Documents/5_projects/swisschips-fpga/tt-fpga/src/tt-fpga/config_sc_regi
ster.sv:19$96'.                                                                 
Removing empty process                                                          
`$paramod\config_sc_register\Size=s32'00000000000000000000000000000010.$proc$/Us
ers/yuri/Documents/5_projects/swisschips-fpga/tt-fpga/src/tt-fpga/config_sc_regi
ster.sv:27$94'.                                                                 
Found and cleaned up 1 empty switch in                                          
`$paramod\config_sc_register\Size=s32'00000000000000000000000000000010.$proc$/Us
ers/yuri/Documents/5_projects/swisschips-fpga/tt-fpga/src/tt-fpga/config_sc_regi
ster.sv:19$93'.                                                                 
Removing empty process                                                          
`$paramod\config_sc_register\Size=s32'00000000000000000000000000000010.$proc$/Us
ers/yuri/Documents/5_projects/swisschips-fpga/tt-fpga/src/tt-fpga/config_sc_regi
ster.sv:19$93'.                                                                 
Removing empty process                                                          
`$paramod\config_sc_register\Size=s32'00000000000000000000000000000100.$proc$/Us
ers/yuri/Documents/5_projects/swisschips-fpga/tt-fpga/src/tt-fpga/config_sc_regi
ster.sv:27$90'.                                                                 
Found and cleaned up 1 empty switch in                                          
`$paramod\config_sc_register\Size=s32'00000000000000000000000000000100.$proc$/Us
ers/yuri/Documents/5_projects/swisschips-fpga/tt-fpga/src/tt-fpga/config_sc_regi
ster.sv:19$89'.                                                                 
Removing empty process                                                          
`$paramod\config_sc_register\Size=s32'00000000000000000000000000000100.$proc$/Us
ers/yuri/Documents/5_projects/swisschips-fpga/tt-fpga/src/tt-fpga/config_sc_regi
ster.sv:19$89'.                                                                 
Removing empty process                                                          
`$paramod\config_sc_register\Size=s32'00000000000000000000000000010000.$proc$/Us
ers/yuri/Documents/5_projects/swisschips-fpga/tt-fpga/src/tt-fpga/config_sc_regi
ster.sv:27$87'.                                                                 
Found and cleaned up 1 empty switch in                                          
`$paramod\config_sc_register\Size=s32'00000000000000000000000000010000.$proc$/Us
ers/yuri/Documents/5_projects/swisschips-fpga/tt-fpga/src/tt-fpga/config_sc_regi
ster.sv:19$86'.                                                                 
Removing empty process                                                          
`$paramod\config_sc_register\Size=s32'00000000000000000000000000010000.$proc$/Us
ers/yuri/Documents/5_projects/swisschips-fpga/tt-fpga/src/tt-fpga/config_sc_regi
ster.sv:19$86'.                                                                 
Removing empty process                                                          
`$paramod\configurable_logic_block\LutN=s32'00000000000000000000000000000100.$pr
oc$/Users/yuri/Documents/5_projects/swisschips-fpga/tt-fpga/src/tt-fpga/configur
able_logic_block.sv:83$83'.                                                     
Found and cleaned up 1 empty switch in                                          
`$paramod\input_mux\InputSize=s32'00000000000000000000000000000100.$proc$/Users/
yuri/Documents/5_projects/swisschips-fpga/tt-fpga/src/tt-fpga/input_mux.sv:45$56
'.                                                                              
Removing empty process                                                          
`$paramod\input_mux\InputSize=s32'00000000000000000000000000000100.$proc$/Users/
yuri/Documents/5_projects/swisschips-fpga/tt-fpga/src/tt-fpga/input_mux.sv:45$56
'.                                                                              
Cleaned up 5 empty switches.                                                    
                                                                                
28. Executing CHECK pass (checking for obvious problems).                       
Checking module tt_um_yuri_fpga...                                              
Checking module                                                                 
$paramod$a689d6693ab0dd8c48fb31ba32119950bfd9cb57\fpga_building_block...        
Checking module $paramod$45860025edd0bfa5e998be653876e0503861aca5\fpga_grid...  
Checking module                                                                 
$paramod\config_sc_register\Size=s32'00000000000000000000000000001000...        
Checking module                                                                 
$paramod\config_sc_register\Size=s32'00000000000000000000000000000010...        
Checking module $paramod\lutN\LutN=s32'00000000000000000000000000000011...      
Checking module                                                                 
$paramod\config_sc_register\Size=s32'00000000000000000000000000000100...        
Checking module                                                                 
$paramod\config_sc_register\Size=s32'00000000000000000000000000010000...        
Checking module                                                                 
$paramod\configurable_logic_block\LutN=s32'00000000000000000000000000000100...  
Checking module fabric_switch...                                                
Checking module                                                                 
$paramod\input_mux\InputSize=s32'00000000000000000000000000000100...            
Found and reported 0 problems.                                                  
                                                                                
29. Executing OPT_EXPR pass (perform const folding).                            
Optimizing module tt_um_yuri_fpga.                                              
<suppressed ~1 debug messages>                                                  
Optimizing module                                                               
$paramod$a689d6693ab0dd8c48fb31ba32119950bfd9cb57\fpga_building_block.          
Optimizing module $paramod$45860025edd0bfa5e998be653876e0503861aca5\fpga_grid.  
Optimizing module                                                               
$paramod\config_sc_register\Size=s32'00000000000000000000000000001000.          
<suppressed ~2 debug messages>                                                  
Optimizing module                                                               
$paramod\config_sc_register\Size=s32'00000000000000000000000000000010.          
<suppressed ~2 debug messages>                                                  
Optimizing module $paramod\lutN\LutN=s32'00000000000000000000000000000011.      
Optimizing module                                                               
$paramod\config_sc_register\Size=s32'00000000000000000000000000000100.          
<suppressed ~2 debug messages>                                                  
Optimizing module                                                               
$paramod\config_sc_register\Size=s32'00000000000000000000000000010000.          
<suppressed ~2 debug messages>                                                  
Optimizing module                                                               
$paramod\configurable_logic_block\LutN=s32'00000000000000000000000000000100.    
<suppressed ~2 debug messages>                                                  
Optimizing module fabric_switch.                                                
Optimizing module                                                               
$paramod\input_mux\InputSize=s32'00000000000000000000000000000100.              
<suppressed ~1 debug messages>                                                  
                                                                                
30. Executing FLATTEN pass (flatten design).                                    
Deleting now unused module                                                      
$paramod$a689d6693ab0dd8c48fb31ba32119950bfd9cb57\fpga_building_block.          
Deleting now unused module                                                      
$paramod$45860025edd0bfa5e998be653876e0503861aca5\fpga_grid.                    
Deleting now unused module                                                      
$paramod\config_sc_register\Size=s32'00000000000000000000000000001000.          
Deleting now unused module                                                      
$paramod\config_sc_register\Size=s32'00000000000000000000000000000010.          
Deleting now unused module                                                      
$paramod\lutN\LutN=s32'00000000000000000000000000000011.                        
Deleting now unused module                                                      
$paramod\config_sc_register\Size=s32'00000000000000000000000000000100.          
Deleting now unused module                                                      
$paramod\config_sc_register\Size=s32'00000000000000000000000000010000.          
Deleting now unused module                                                      
$paramod\configurable_logic_block\LutN=s32'00000000000000000000000000000100.    
Deleting now unused module fabric_switch.                                       
Deleting now unused module                                                      
$paramod\input_mux\InputSize=s32'00000000000000000000000000000100.              
<suppressed ~17 debug messages>                                                 
                                                                                
31. Executing OPT_EXPR pass (perform const folding).                            
Optimizing module tt_um_yuri_fpga.                                              
Couldn't topologically sort cells, optimizing module tt_um_yuri_fpga may take a 
longer time.                                                                    
Couldn't topologically sort cells, optimizing module tt_um_yuri_fpga may take a 
longer time.                                                                    
Couldn't topologically sort cells, optimizing module tt_um_yuri_fpga may take a 
longer time.                                                                    
<suppressed ~10 debug messages>                                                 
                                                                                
32. Executing OPT_CLEAN pass (remove unused cells and wires).                   
Finding unused cells or wires in module \tt_um_yuri_fpga..                      
Removed 106 unused cells and 475 unused wires.                                  
<suppressed ~107 debug messages>                                                
                                                                                
33. Executing OPT_EXPR pass (perform const folding).                            
Optimizing module tt_um_yuri_fpga.                                              
Couldn't topologically sort cells, optimizing module tt_um_yuri_fpga may take a 
longer time.                                                                    
Couldn't topologically sort cells, optimizing module tt_um_yuri_fpga may take a 
longer time.                                                                    
                                                                                
34. Executing OPT_MERGE pass (detect identical cells).                          
Finding identical cells in module `\tt_um_yuri_fpga'.                           
Computing hashes of 301 cells of `\tt_um_yuri_fpga'.                            
Finding duplicate cells in `\tt_um_yuri_fpga'.                                  
Removed a total of 0 cells.                                                     
                                                                                
35. Executing OPT_MUXTREE pass (detect dead branches in mux trees).             
Running muxtree optimizer on module \tt_um_yuri_fpga..                          
  Creating internal representation of mux trees.                                
  Evaluating internal representation of mux trees.                              
  Analyzing evaluation results.                                                 
Removed 0 multiplexer ports.                                                    
<suppressed ~488 debug messages>                                                
                                                                                
36. Executing OPT_REDUCE pass (consolidate $*mux and $reduce_* inputs).         
  Optimizing cells in module \tt_um_yuri_fpga.                                  
    New ctrl vector for $pmux cell                                              
$flatten\i_dut.\x_grid_loop[0].y_grid_loop[1].fpga_bb_i.\clb_input_mux[0].i_clb_
input_mux.$procmux$111: { $auto$opt_reduce.cc:137:opt_pmux$159                  
$flatten\i_dut.\x_grid_loop[0].y_grid_loop[1].fpga_bb_i.\clb_input_mux[0].i_clb_
input_mux.$procmux$113_CMP                                                      
$flatten\i_dut.\x_grid_loop[0].y_grid_loop[1].fpga_bb_i.\clb_input_mux[0].i_clb_
input_mux.$procmux$112_CMP }                                                    
    New ctrl vector for $pmux cell                                              
$flatten\i_dut.\x_grid_loop[0].y_grid_loop[1].fpga_bb_i.\clb_input_mux[1].i_clb_
input_mux.$procmux$111: { $auto$opt_reduce.cc:137:opt_pmux$161                  
$flatten\i_dut.\x_grid_loop[0].y_grid_loop[1].fpga_bb_i.\clb_input_mux[1].i_clb_
input_mux.$procmux$113_CMP                                                      
$flatten\i_dut.\x_grid_loop[0].y_grid_loop[1].fpga_bb_i.\clb_input_mux[1].i_clb_
input_mux.$procmux$112_CMP }                                                    
    New ctrl vector for $pmux cell                                              
$flatten\i_dut.\x_grid_loop[0].y_grid_loop[1].fpga_bb_i.\clb_input_mux[2].i_clb_
input_mux.$procmux$111: { $auto$opt_reduce.cc:137:opt_pmux$163                  
$flatten\i_dut.\x_grid_loop[0].y_grid_loop[1].fpga_bb_i.\clb_input_mux[2].i_clb_
input_mux.$procmux$113_CMP                                                      
$flatten\i_dut.\x_grid_loop[0].y_grid_loop[1].fpga_bb_i.\clb_input_mux[2].i_clb_
input_mux.$procmux$112_CMP }                                                    
    New ctrl vector for $pmux cell                                              
$flatten\i_dut.\x_grid_loop[0].y_grid_loop[1].fpga_bb_i.\clb_input_mux[3].i_clb_
input_mux.$procmux$111: { $auto$opt_reduce.cc:137:opt_pmux$165                  
$flatten\i_dut.\x_grid_loop[0].y_grid_loop[1].fpga_bb_i.\clb_input_mux[3].i_clb_
input_mux.$procmux$113_CMP                                                      
$flatten\i_dut.\x_grid_loop[0].y_grid_loop[1].fpga_bb_i.\clb_input_mux[3].i_clb_
input_mux.$procmux$112_CMP }                                                    
    New ctrl vector for $pmux cell                                              
$flatten\i_dut.\x_grid_loop[1].y_grid_loop[1].fpga_bb_i.\clb_input_mux[0].i_clb_
input_mux.$procmux$111: {                                                       
$flatten\i_dut.\x_grid_loop[1].y_grid_loop[1].fpga_bb_i.\clb_input_mux[0].i_clb_
input_mux.$procmux$115_CMP $auto$opt_reduce.cc:137:opt_pmux$167                 
$flatten\i_dut.\x_grid_loop[1].y_grid_loop[1].fpga_bb_i.\clb_input_mux[0].i_clb_
input_mux.$procmux$112_CMP }                                                    
    New ctrl vector for $pmux cell                                              
$flatten\i_dut.\x_grid_loop[1].y_grid_loop[1].fpga_bb_i.\clb_input_mux[1].i_clb_
input_mux.$procmux$111: {                                                       
$flatten\i_dut.\x_grid_loop[1].y_grid_loop[1].fpga_bb_i.\clb_input_mux[1].i_clb_
input_mux.$procmux$115_CMP $auto$opt_reduce.cc:137:opt_pmux$169                 
$flatten\i_dut.\x_grid_loop[1].y_grid_loop[1].fpga_bb_i.\clb_input_mux[1].i_clb_
input_mux.$procmux$112_CMP }                                                    
    New ctrl vector for $pmux cell                                              
$flatten\i_dut.\x_grid_loop[1].y_grid_loop[1].fpga_bb_i.\clb_input_mux[2].i_clb_
input_mux.$procmux$111: {                                                       
$flatten\i_dut.\x_grid_loop[1].y_grid_loop[1].fpga_bb_i.\clb_input_mux[2].i_clb_
input_mux.$procmux$115_CMP $auto$opt_reduce.cc:137:opt_pmux$171                 
$flatten\i_dut.\x_grid_loop[1].y_grid_loop[1].fpga_bb_i.\clb_input_mux[2].i_clb_
input_mux.$procmux$112_CMP }                                                    
    New ctrl vector for $pmux cell                                              
$flatten\i_dut.\x_grid_loop[1].y_grid_loop[1].fpga_bb_i.\clb_input_mux[3].i_clb_
input_mux.$procmux$111: {                                                       
$flatten\i_dut.\x_grid_loop[1].y_grid_loop[1].fpga_bb_i.\clb_input_mux[3].i_clb_
input_mux.$procmux$115_CMP $auto$opt_reduce.cc:137:opt_pmux$173                 
$flatten\i_dut.\x_grid_loop[1].y_grid_loop[1].fpga_bb_i.\clb_input_mux[3].i_clb_
input_mux.$procmux$112_CMP }                                                    
  Optimizing cells in module \tt_um_yuri_fpga.                                  
Performed a total of 8 changes.                                                 
                                                                                
37. Executing OPT_MERGE pass (detect identical cells).                          
Finding identical cells in module `\tt_um_yuri_fpga'.                           
Computing hashes of 309 cells of `\tt_um_yuri_fpga'.                            
Finding duplicate cells in `\tt_um_yuri_fpga'.                                  
Removed a total of 0 cells.                                                     
                                                                                
38. Executing OPT_DFF pass (perform DFF optimizations).                         
                                                                                
39. Executing OPT_CLEAN pass (remove unused cells and wires).                   
Finding unused cells or wires in module \tt_um_yuri_fpga..                      
                                                                                
40. Executing OPT_EXPR pass (perform const folding).                            
Optimizing module tt_um_yuri_fpga.                                              
Couldn't topologically sort cells, optimizing module tt_um_yuri_fpga may take a 
longer time.                                                                    
Couldn't topologically sort cells, optimizing module tt_um_yuri_fpga may take a 
longer time.                                                                    
                                                                                
41. Rerunning OPT passes. (Maybe there is more to do…)                          
                                                                                
42. Executing OPT_MUXTREE pass (detect dead branches in mux trees).             
Running muxtree optimizer on module \tt_um_yuri_fpga..                          
  Creating internal representation of mux trees.                                
  Evaluating internal representation of mux trees.                              
  Analyzing evaluation results.                                                 
Removed 0 multiplexer ports.                                                    
<suppressed ~488 debug messages>                                                
                                                                                
43. Executing OPT_REDUCE pass (consolidate $*mux and $reduce_* inputs).         
  Optimizing cells in module \tt_um_yuri_fpga.                                  
Performed a total of 0 changes.                                                 
                                                                                
44. Executing OPT_MERGE pass (detect identical cells).                          
Finding identical cells in module `\tt_um_yuri_fpga'.                           
Computing hashes of 309 cells of `\tt_um_yuri_fpga'.                            
Finding duplicate cells in `\tt_um_yuri_fpga'.                                  
Removed a total of 0 cells.                                                     
                                                                                
45. Executing OPT_DFF pass (perform DFF optimizations).                         
                                                                                
46. Executing OPT_CLEAN pass (remove unused cells and wires).                   
Finding unused cells or wires in module \tt_um_yuri_fpga..                      
                                                                                
47. Executing OPT_EXPR pass (perform const folding).                            
Optimizing module tt_um_yuri_fpga.                                              
Couldn't topologically sort cells, optimizing module tt_um_yuri_fpga may take a 
longer time.                                                                    
Couldn't topologically sort cells, optimizing module tt_um_yuri_fpga may take a 
longer time.                                                                    
                                                                                
48. Executing FSM pass (extract and optimize FSM).                              
                                                                                
48.1. Executing FSM_DETECT pass (finding FSMs in design).                       
                                                                                
48.2. Executing FSM_EXTRACT pass (extracting FSM from design).                  
                                                                                
48.3. Executing FSM_OPT pass (simple optimizations of FSMs).                    
                                                                                
48.4. Executing OPT_CLEAN pass (remove unused cells and wires).                 
Finding unused cells or wires in module \tt_um_yuri_fpga..                      
                                                                                
48.5. Executing FSM_OPT pass (simple optimizations of FSMs).                    
                                                                                
48.6. Executing FSM_RECODE pass (re-assigning FSM state encoding).              
                                                                                
48.7. Executing FSM_INFO pass (dumping all available information on FSM cells). 
                                                                                
48.8. Executing FSM_MAP pass (mapping FSMs to basic logic).                     
                                                                                
49. Executing OPT_EXPR pass (perform const folding).                            
Optimizing module tt_um_yuri_fpga.                                              
Couldn't topologically sort cells, optimizing module tt_um_yuri_fpga may take a 
longer time.                                                                    
Couldn't topologically sort cells, optimizing module tt_um_yuri_fpga may take a 
longer time.                                                                    
                                                                                
50. Executing OPT_MERGE pass (detect identical cells).                          
Finding identical cells in module `\tt_um_yuri_fpga'.                           
Computing hashes of 309 cells of `\tt_um_yuri_fpga'.                            
Finding duplicate cells in `\tt_um_yuri_fpga'.                                  
Removed a total of 0 cells.                                                     
                                                                                
51. Executing OPT_MUXTREE pass (detect dead branches in mux trees).             
Running muxtree optimizer on module \tt_um_yuri_fpga..                          
  Creating internal representation of mux trees.                                
  Evaluating internal representation of mux trees.                              
  Analyzing evaluation results.                                                 
Removed 0 multiplexer ports.                                                    
<suppressed ~488 debug messages>                                                
                                                                                
52. Executing OPT_REDUCE pass (consolidate $*mux and $reduce_* inputs).         
  Optimizing cells in module \tt_um_yuri_fpga.                                  
Performed a total of 0 changes.                                                 
                                                                                
53. Executing OPT_MERGE pass (detect identical cells).                          
Finding identical cells in module `\tt_um_yuri_fpga'.                           
Computing hashes of 309 cells of `\tt_um_yuri_fpga'.                            
Finding duplicate cells in `\tt_um_yuri_fpga'.                                  
Removed a total of 0 cells.                                                     
                                                                                
54. Executing OPT_DFF pass (perform DFF optimizations).                         
Adding EN signal on                                                             
$flatten\i_dut.\x_grid_loop[1].y_grid_loop[1].fpga_bb_i.\i_fabric_switch.\i_swit
ch_config_register.$procdff$135 ($adff) from module tt_um_yuri_fpga (D = {      
\i_dut.x_grid_loop[1].y_grid_loop[1].fpga_bb_i.i_fabric_switch.i_switch_config_r
egister.config_q [14:0]                                                         
\i_dut.x_grid_loop[1].y_grid_loop[1].fpga_bb_i.clb_input_mux[3].i_clb_input_mux.
i_input_mux_config.config_q [3] }, Q =                                          
\i_dut.x_grid_loop[1].y_grid_loop[1].fpga_bb_i.i_fabric_switch.i_switch_config_r
egister.config_q).                                                              
Adding EN signal on                                                             
$flatten\i_dut.\x_grid_loop[1].y_grid_loop[1].fpga_bb_i.\i_clb.\i_dual_lut_1.\i_
lut_config.$procdff$120 ($adff) from module tt_um_yuri_fpga (D = {              
\i_dut.x_grid_loop[1].y_grid_loop[1].fpga_bb_i.i_clb.i_dual_lut_1.i_lut_config.c
onfig_q [6:0]                                                                   
\i_dut.x_grid_loop[1].y_grid_loop[1].fpga_bb_i.i_clb.i_dual_lut_0.i_lut_config.c
onfig_q [7] }, Q =                                                              
\i_dut.x_grid_loop[1].y_grid_loop[1].fpga_bb_i.i_clb.i_dual_lut_1.i_lut_config.c
onfig_q).                                                                       
Adding EN signal on                                                             
$flatten\i_dut.\x_grid_loop[1].y_grid_loop[1].fpga_bb_i.\i_clb.\i_dual_lut_0.\i_
lut_config.$procdff$120 ($adff) from module tt_um_yuri_fpga (D = {              
\i_dut.x_grid_loop[1].y_grid_loop[1].fpga_bb_i.i_clb.i_dual_lut_0.i_lut_config.c
onfig_q [6:0]                                                                   
\i_dut.x_grid_loop[1].y_grid_loop[1].fpga_bb_i.i_clb.i_clb_config.config_q [1]  
}, Q =                                                                          
\i_dut.x_grid_loop[1].y_grid_loop[1].fpga_bb_i.i_clb.i_dual_lut_0.i_lut_config.c
onfig_q).                                                                       
Adding EN signal on                                                             
$flatten\i_dut.\x_grid_loop[1].y_grid_loop[1].fpga_bb_i.\i_clb.\i_clb_config.$pr
ocdff$125 ($adff) from module tt_um_yuri_fpga (D = {                            
\i_dut.x_grid_loop[1].y_grid_loop[1].fpga_bb_i.i_clb.i_clb_config.config_q [0]  
\i_dut.x_grid_loop[0].y_grid_loop[1].fpga_bb_i.i_fabric_switch.i_switch_config_r
egister.config_q [15] }, Q =                                                    
\i_dut.x_grid_loop[1].y_grid_loop[1].fpga_bb_i.i_clb.i_clb_config.config_q).    
Adding EN signal on                                                             
$flatten\i_dut.\x_grid_loop[1].y_grid_loop[1].fpga_bb_i.\clb_input_mux[3].i_clb_
input_mux.\i_input_mux_config.$procdff$130 ($adff) from module tt_um_yuri_fpga  
(D = {                                                                          
\i_dut.x_grid_loop[1].y_grid_loop[1].fpga_bb_i.clb_input_mux[3].i_clb_input_mux.
i_input_mux_config.config_q [2:0]                                               
\i_dut.x_grid_loop[1].y_grid_loop[1].fpga_bb_i.clb_input_mux[2].i_clb_input_mux.
i_input_mux_config.config_q [3] }, Q =                                          
\i_dut.x_grid_loop[1].y_grid_loop[1].fpga_bb_i.clb_input_mux[3].i_clb_input_mux.
i_input_mux_config.config_q).                                                   
Adding EN signal on                                                             
$flatten\i_dut.\x_grid_loop[1].y_grid_loop[1].fpga_bb_i.\clb_input_mux[2].i_clb_
input_mux.\i_input_mux_config.$procdff$130 ($adff) from module tt_um_yuri_fpga  
(D = {                                                                          
\i_dut.x_grid_loop[1].y_grid_loop[1].fpga_bb_i.clb_input_mux[2].i_clb_input_mux.
i_input_mux_config.config_q [2:0]                                               
\i_dut.x_grid_loop[1].y_grid_loop[1].fpga_bb_i.clb_input_mux[1].i_clb_input_mux.
i_input_mux_config.config_q [3] }, Q =                                          
\i_dut.x_grid_loop[1].y_grid_loop[1].fpga_bb_i.clb_input_mux[2].i_clb_input_mux.
i_input_mux_config.config_q).                                                   
Adding EN signal on                                                             
$flatten\i_dut.\x_grid_loop[1].y_grid_loop[1].fpga_bb_i.\clb_input_mux[1].i_clb_
input_mux.\i_input_mux_config.$procdff$130 ($adff) from module tt_um_yuri_fpga  
(D = {                                                                          
\i_dut.x_grid_loop[1].y_grid_loop[1].fpga_bb_i.clb_input_mux[1].i_clb_input_mux.
i_input_mux_config.config_q [2:0]                                               
\i_dut.x_grid_loop[1].y_grid_loop[1].fpga_bb_i.clb_input_mux[0].i_clb_input_mux.
i_input_mux_config.config_q [3] }, Q =                                          
\i_dut.x_grid_loop[1].y_grid_loop[1].fpga_bb_i.clb_input_mux[1].i_clb_input_mux.
i_input_mux_config.config_q).                                                   
Adding EN signal on                                                             
$flatten\i_dut.\x_grid_loop[1].y_grid_loop[1].fpga_bb_i.\clb_input_mux[0].i_clb_
input_mux.\i_input_mux_config.$procdff$130 ($adff) from module tt_um_yuri_fpga  
(D = {                                                                          
\i_dut.x_grid_loop[1].y_grid_loop[1].fpga_bb_i.clb_input_mux[0].i_clb_input_mux.
i_input_mux_config.config_q [2:0]                                               
\i_dut.x_grid_loop[1].y_grid_loop[1].fpga_bb_i.i_clb.i_dual_lut_1.i_lut_config.c
onfig_q [7] }, Q =                                                              
\i_dut.x_grid_loop[1].y_grid_loop[1].fpga_bb_i.clb_input_mux[0].i_clb_input_mux.
i_input_mux_config.config_q).                                                   
Adding EN signal on                                                             
$flatten\i_dut.\x_grid_loop[1].y_grid_loop[0].fpga_bb_i.\i_fabric_switch.\i_swit
ch_config_register.$procdff$135 ($adff) from module tt_um_yuri_fpga (D = {      
\i_dut.x_grid_loop[1].y_grid_loop[0].fpga_bb_i.i_fabric_switch.i_switch_config_r
egister.config_q [14:0]                                                         
\i_dut.x_grid_loop[1].y_grid_loop[0].fpga_bb_i.clb_input_mux[3].i_clb_input_mux.
i_input_mux_config.config_q [3] }, Q =                                          
\i_dut.x_grid_loop[1].y_grid_loop[0].fpga_bb_i.i_fabric_switch.i_switch_config_r
egister.config_q).                                                              
Adding EN signal on                                                             
$flatten\i_dut.\x_grid_loop[1].y_grid_loop[0].fpga_bb_i.\i_clb.\i_dual_lut_1.\i_
lut_config.$procdff$120 ($adff) from module tt_um_yuri_fpga (D = {              
\i_dut.x_grid_loop[1].y_grid_loop[0].fpga_bb_i.i_clb.i_dual_lut_1.i_lut_config.c
onfig_q [6:0]                                                                   
\i_dut.x_grid_loop[1].y_grid_loop[0].fpga_bb_i.i_clb.i_dual_lut_0.i_lut_config.c
onfig_q [7] }, Q =                                                              
\i_dut.x_grid_loop[1].y_grid_loop[0].fpga_bb_i.i_clb.i_dual_lut_1.i_lut_config.c
onfig_q).                                                                       
Adding EN signal on                                                             
$flatten\i_dut.\x_grid_loop[1].y_grid_loop[0].fpga_bb_i.\i_clb.\i_dual_lut_0.\i_
lut_config.$procdff$120 ($adff) from module tt_um_yuri_fpga (D = {              
\i_dut.x_grid_loop[1].y_grid_loop[0].fpga_bb_i.i_clb.i_dual_lut_0.i_lut_config.c
onfig_q [6:0]                                                                   
\i_dut.x_grid_loop[1].y_grid_loop[0].fpga_bb_i.i_clb.i_clb_config.config_q [1]  
}, Q =                                                                          
\i_dut.x_grid_loop[1].y_grid_loop[0].fpga_bb_i.i_clb.i_dual_lut_0.i_lut_config.c
onfig_q).                                                                       
Adding EN signal on                                                             
$flatten\i_dut.\x_grid_loop[1].y_grid_loop[0].fpga_bb_i.\i_clb.\i_clb_config.$pr
ocdff$125 ($adff) from module tt_um_yuri_fpga (D = {                            
\i_dut.x_grid_loop[1].y_grid_loop[0].fpga_bb_i.i_clb.i_clb_config.config_q [0]  
\i_dut.x_grid_loop[0].y_grid_loop[0].fpga_bb_i.i_fabric_switch.i_switch_config_r
egister.config_q [15] }, Q =                                                    
\i_dut.x_grid_loop[1].y_grid_loop[0].fpga_bb_i.i_clb.i_clb_config.config_q).    
Adding EN signal on                                                             
$flatten\i_dut.\x_grid_loop[1].y_grid_loop[0].fpga_bb_i.\clb_input_mux[3].i_clb_
input_mux.\i_input_mux_config.$procdff$130 ($adff) from module tt_um_yuri_fpga  
(D = {                                                                          
\i_dut.x_grid_loop[1].y_grid_loop[0].fpga_bb_i.clb_input_mux[3].i_clb_input_mux.
i_input_mux_config.config_q [2:0]                                               
\i_dut.x_grid_loop[1].y_grid_loop[0].fpga_bb_i.clb_input_mux[2].i_clb_input_mux.
i_input_mux_config.config_q [3] }, Q =                                          
\i_dut.x_grid_loop[1].y_grid_loop[0].fpga_bb_i.clb_input_mux[3].i_clb_input_mux.
i_input_mux_config.config_q).                                                   
Adding EN signal on                                                             
$flatten\i_dut.\x_grid_loop[1].y_grid_loop[0].fpga_bb_i.\clb_input_mux[2].i_clb_
input_mux.\i_input_mux_config.$procdff$130 ($adff) from module tt_um_yuri_fpga  
(D = {                                                                          
\i_dut.x_grid_loop[1].y_grid_loop[0].fpga_bb_i.clb_input_mux[2].i_clb_input_mux.
i_input_mux_config.config_q [2:0]                                               
\i_dut.x_grid_loop[1].y_grid_loop[0].fpga_bb_i.clb_input_mux[1].i_clb_input_mux.
i_input_mux_config.config_q [3] }, Q =                                          
\i_dut.x_grid_loop[1].y_grid_loop[0].fpga_bb_i.clb_input_mux[2].i_clb_input_mux.
i_input_mux_config.config_q).                                                   
Adding EN signal on                                                             
$flatten\i_dut.\x_grid_loop[1].y_grid_loop[0].fpga_bb_i.\clb_input_mux[1].i_clb_
input_mux.\i_input_mux_config.$procdff$130 ($adff) from module tt_um_yuri_fpga  
(D = {                                                                          
\i_dut.x_grid_loop[1].y_grid_loop[0].fpga_bb_i.clb_input_mux[1].i_clb_input_mux.
i_input_mux_config.config_q [2:0]                                               
\i_dut.x_grid_loop[1].y_grid_loop[0].fpga_bb_i.clb_input_mux[0].i_clb_input_mux.
i_input_mux_config.config_q [3] }, Q =                                          
\i_dut.x_grid_loop[1].y_grid_loop[0].fpga_bb_i.clb_input_mux[1].i_clb_input_mux.
i_input_mux_config.config_q).                                                   
Adding EN signal on                                                             
$flatten\i_dut.\x_grid_loop[1].y_grid_loop[0].fpga_bb_i.\clb_input_mux[0].i_clb_
input_mux.\i_input_mux_config.$procdff$130 ($adff) from module tt_um_yuri_fpga  
(D = {                                                                          
\i_dut.x_grid_loop[1].y_grid_loop[0].fpga_bb_i.clb_input_mux[0].i_clb_input_mux.
i_input_mux_config.config_q [2:0]                                               
\i_dut.x_grid_loop[1].y_grid_loop[0].fpga_bb_i.i_clb.i_dual_lut_1.i_lut_config.c
onfig_q [7] }, Q =                                                              
\i_dut.x_grid_loop[1].y_grid_loop[0].fpga_bb_i.clb_input_mux[0].i_clb_input_mux.
i_input_mux_config.config_q).                                                   
Adding EN signal on                                                             
$flatten\i_dut.\x_grid_loop[0].y_grid_loop[1].fpga_bb_i.\i_fabric_switch.\i_swit
ch_config_register.$procdff$135 ($adff) from module tt_um_yuri_fpga (D = {      
\i_dut.x_grid_loop[0].y_grid_loop[1].fpga_bb_i.i_fabric_switch.i_switch_config_r
egister.config_q [14:0]                                                         
\i_dut.x_grid_loop[0].y_grid_loop[1].fpga_bb_i.clb_input_mux[3].i_clb_input_mux.
i_input_mux_config.config_q [3] }, Q =                                          
\i_dut.x_grid_loop[0].y_grid_loop[1].fpga_bb_i.i_fabric_switch.i_switch_config_r
egister.config_q).                                                              
Adding EN signal on                                                             
$flatten\i_dut.\x_grid_loop[0].y_grid_loop[1].fpga_bb_i.\i_clb.\i_dual_lut_1.\i_
lut_config.$procdff$120 ($adff) from module tt_um_yuri_fpga (D = {              
\i_dut.x_grid_loop[0].y_grid_loop[1].fpga_bb_i.i_clb.i_dual_lut_1.i_lut_config.c
onfig_q [6:0]                                                                   
\i_dut.x_grid_loop[0].y_grid_loop[1].fpga_bb_i.i_clb.i_dual_lut_0.i_lut_config.c
onfig_q [7] }, Q =                                                              
\i_dut.x_grid_loop[0].y_grid_loop[1].fpga_bb_i.i_clb.i_dual_lut_1.i_lut_config.c
onfig_q).                                                                       
Adding EN signal on                                                             
$flatten\i_dut.\x_grid_loop[0].y_grid_loop[1].fpga_bb_i.\i_clb.\i_dual_lut_0.\i_
lut_config.$procdff$120 ($adff) from module tt_um_yuri_fpga (D = {              
\i_dut.x_grid_loop[0].y_grid_loop[1].fpga_bb_i.i_clb.i_dual_lut_0.i_lut_config.c
onfig_q [6:0]                                                                   
\i_dut.x_grid_loop[0].y_grid_loop[1].fpga_bb_i.i_clb.i_clb_config.config_q [1]  
}, Q =                                                                          
\i_dut.x_grid_loop[0].y_grid_loop[1].fpga_bb_i.i_clb.i_dual_lut_0.i_lut_config.c
onfig_q).                                                                       
Adding EN signal on                                                             
$flatten\i_dut.\x_grid_loop[0].y_grid_loop[1].fpga_bb_i.\i_clb.\i_clb_config.$pr
ocdff$125 ($adff) from module tt_um_yuri_fpga (D = {                            
\i_dut.x_grid_loop[0].y_grid_loop[1].fpga_bb_i.i_clb.i_clb_config.config_q [0]  
\i_dut.x_grid_loop[1].y_grid_loop[0].fpga_bb_i.i_fabric_switch.i_switch_config_r
egister.config_q [15] }, Q =                                                    
\i_dut.x_grid_loop[0].y_grid_loop[1].fpga_bb_i.i_clb.i_clb_config.config_q).    
Adding EN signal on                                                             
$flatten\i_dut.\x_grid_loop[0].y_grid_loop[1].fpga_bb_i.\clb_input_mux[3].i_clb_
input_mux.\i_input_mux_config.$procdff$130 ($adff) from module tt_um_yuri_fpga  
(D = {                                                                          
\i_dut.x_grid_loop[0].y_grid_loop[1].fpga_bb_i.clb_input_mux[3].i_clb_input_mux.
i_input_mux_config.config_q [2:0]                                               
\i_dut.x_grid_loop[0].y_grid_loop[1].fpga_bb_i.clb_input_mux[2].i_clb_input_mux.
i_input_mux_config.config_q [3] }, Q =                                          
\i_dut.x_grid_loop[0].y_grid_loop[1].fpga_bb_i.clb_input_mux[3].i_clb_input_mux.
i_input_mux_config.config_q).                                                   
Adding EN signal on                                                             
$flatten\i_dut.\x_grid_loop[0].y_grid_loop[1].fpga_bb_i.\clb_input_mux[2].i_clb_
input_mux.\i_input_mux_config.$procdff$130 ($adff) from module tt_um_yuri_fpga  
(D = {                                                                          
\i_dut.x_grid_loop[0].y_grid_loop[1].fpga_bb_i.clb_input_mux[2].i_clb_input_mux.
i_input_mux_config.config_q [2:0]                                               
\i_dut.x_grid_loop[0].y_grid_loop[1].fpga_bb_i.clb_input_mux[1].i_clb_input_mux.
i_input_mux_config.config_q [3] }, Q =                                          
\i_dut.x_grid_loop[0].y_grid_loop[1].fpga_bb_i.clb_input_mux[2].i_clb_input_mux.
i_input_mux_config.config_q).                                                   
Adding EN signal on                                                             
$flatten\i_dut.\x_grid_loop[0].y_grid_loop[1].fpga_bb_i.\clb_input_mux[1].i_clb_
input_mux.\i_input_mux_config.$procdff$130 ($adff) from module tt_um_yuri_fpga  
(D = {                                                                          
\i_dut.x_grid_loop[0].y_grid_loop[1].fpga_bb_i.clb_input_mux[1].i_clb_input_mux.
i_input_mux_config.config_q [2:0]                                               
\i_dut.x_grid_loop[0].y_grid_loop[1].fpga_bb_i.clb_input_mux[0].i_clb_input_mux.
i_input_mux_config.config_q [3] }, Q =                                          
\i_dut.x_grid_loop[0].y_grid_loop[1].fpga_bb_i.clb_input_mux[1].i_clb_input_mux.
i_input_mux_config.config_q).                                                   
Adding EN signal on                                                             
$flatten\i_dut.\x_grid_loop[0].y_grid_loop[1].fpga_bb_i.\clb_input_mux[0].i_clb_
input_mux.\i_input_mux_config.$procdff$130 ($adff) from module tt_um_yuri_fpga  
(D = {                                                                          
\i_dut.x_grid_loop[0].y_grid_loop[1].fpga_bb_i.clb_input_mux[0].i_clb_input_mux.
i_input_mux_config.config_q [2:0]                                               
\i_dut.x_grid_loop[0].y_grid_loop[1].fpga_bb_i.i_clb.i_dual_lut_1.i_lut_config.c
onfig_q [7] }, Q =                                                              
\i_dut.x_grid_loop[0].y_grid_loop[1].fpga_bb_i.clb_input_mux[0].i_clb_input_mux.
i_input_mux_config.config_q).                                                   
Adding EN signal on                                                             
$flatten\i_dut.\x_grid_loop[0].y_grid_loop[0].fpga_bb_i.\i_fabric_switch.\i_swit
ch_config_register.$procdff$135 ($adff) from module tt_um_yuri_fpga (D = {      
\i_dut.x_grid_loop[0].y_grid_loop[0].fpga_bb_i.i_fabric_switch.i_switch_config_r
egister.config_q [14:0]                                                         
\i_dut.x_grid_loop[0].y_grid_loop[0].fpga_bb_i.clb_input_mux[3].i_clb_input_mux.
i_input_mux_config.config_q [3] }, Q =                                          
\i_dut.x_grid_loop[0].y_grid_loop[0].fpga_bb_i.i_fabric_switch.i_switch_config_r
egister.config_q).                                                              
Adding EN signal on                                                             
$flatten\i_dut.\x_grid_loop[0].y_grid_loop[0].fpga_bb_i.\i_clb.\i_dual_lut_1.\i_
lut_config.$procdff$120 ($adff) from module tt_um_yuri_fpga (D = {              
\i_dut.x_grid_loop[0].y_grid_loop[0].fpga_bb_i.i_clb.i_dual_lut_1.i_lut_config.c
onfig_q [6:0]                                                                   
\i_dut.x_grid_loop[0].y_grid_loop[0].fpga_bb_i.i_clb.i_dual_lut_0.i_lut_config.c
onfig_q [7] }, Q =                                                              
\i_dut.x_grid_loop[0].y_grid_loop[0].fpga_bb_i.i_clb.i_dual_lut_1.i_lut_config.c
onfig_q).                                                                       
Adding EN signal on                                                             
$flatten\i_dut.\x_grid_loop[0].y_grid_loop[0].fpga_bb_i.\i_clb.\i_dual_lut_0.\i_
lut_config.$procdff$120 ($adff) from module tt_um_yuri_fpga (D = {              
\i_dut.x_grid_loop[0].y_grid_loop[0].fpga_bb_i.i_clb.i_dual_lut_0.i_lut_config.c
onfig_q [6:0]                                                                   
\i_dut.x_grid_loop[0].y_grid_loop[0].fpga_bb_i.i_clb.i_clb_config.config_q [1]  
}, Q =                                                                          
\i_dut.x_grid_loop[0].y_grid_loop[0].fpga_bb_i.i_clb.i_dual_lut_0.i_lut_config.c
onfig_q).                                                                       
Adding EN signal on                                                             
$flatten\i_dut.\x_grid_loop[0].y_grid_loop[0].fpga_bb_i.\i_clb.\i_clb_config.$pr
ocdff$125 ($adff) from module tt_um_yuri_fpga (D = {                            
\i_dut.x_grid_loop[0].y_grid_loop[0].fpga_bb_i.i_clb.i_clb_config.config_q [0]  
\ui_in [1] }, Q =                                                               
\i_dut.x_grid_loop[0].y_grid_loop[0].fpga_bb_i.i_clb.i_clb_config.config_q).    
Adding EN signal on                                                             
$flatten\i_dut.\x_grid_loop[0].y_grid_loop[0].fpga_bb_i.\clb_input_mux[3].i_clb_
input_mux.\i_input_mux_config.$procdff$130 ($adff) from module tt_um_yuri_fpga  
(D = {                                                                          
\i_dut.x_grid_loop[0].y_grid_loop[0].fpga_bb_i.clb_input_mux[3].i_clb_input_mux.
i_input_mux_config.config_q [2:0]                                               
\i_dut.x_grid_loop[0].y_grid_loop[0].fpga_bb_i.clb_input_mux[2].i_clb_input_mux.
i_input_mux_config.config_q [3] }, Q =                                          
\i_dut.x_grid_loop[0].y_grid_loop[0].fpga_bb_i.clb_input_mux[3].i_clb_input_mux.
i_input_mux_config.config_q).                                                   
Adding EN signal on                                                             
$flatten\i_dut.\x_grid_loop[0].y_grid_loop[0].fpga_bb_i.\clb_input_mux[2].i_clb_
input_mux.\i_input_mux_config.$procdff$130 ($adff) from module tt_um_yuri_fpga  
(D = {                                                                          
\i_dut.x_grid_loop[0].y_grid_loop[0].fpga_bb_i.clb_input_mux[2].i_clb_input_mux.
i_input_mux_config.config_q [2:0]                                               
\i_dut.x_grid_loop[0].y_grid_loop[0].fpga_bb_i.clb_input_mux[1].i_clb_input_mux.
i_input_mux_config.config_q [3] }, Q =                                          
\i_dut.x_grid_loop[0].y_grid_loop[0].fpga_bb_i.clb_input_mux[2].i_clb_input_mux.
i_input_mux_config.config_q).                                                   
Adding EN signal on                                                             
$flatten\i_dut.\x_grid_loop[0].y_grid_loop[0].fpga_bb_i.\clb_input_mux[1].i_clb_
input_mux.\i_input_mux_config.$procdff$130 ($adff) from module tt_um_yuri_fpga  
(D = {                                                                          
\i_dut.x_grid_loop[0].y_grid_loop[0].fpga_bb_i.clb_input_mux[1].i_clb_input_mux.
i_input_mux_config.config_q [2:0]                                               
\i_dut.x_grid_loop[0].y_grid_loop[0].fpga_bb_i.clb_input_mux[0].i_clb_input_mux.
i_input_mux_config.config_q [3] }, Q =                                          
\i_dut.x_grid_loop[0].y_grid_loop[0].fpga_bb_i.clb_input_mux[1].i_clb_input_mux.
i_input_mux_config.config_q).                                                   
Adding EN signal on                                                             
$flatten\i_dut.\x_grid_loop[0].y_grid_loop[0].fpga_bb_i.\clb_input_mux[0].i_clb_
input_mux.\i_input_mux_config.$procdff$130 ($adff) from module tt_um_yuri_fpga  
(D = {                                                                          
\i_dut.x_grid_loop[0].y_grid_loop[0].fpga_bb_i.clb_input_mux[0].i_clb_input_mux.
i_input_mux_config.config_q [2:0]                                               
\i_dut.x_grid_loop[0].y_grid_loop[0].fpga_bb_i.i_clb.i_dual_lut_1.i_lut_config.c
onfig_q [7] }, Q =                                                              
\i_dut.x_grid_loop[0].y_grid_loop[0].fpga_bb_i.clb_input_mux[0].i_clb_input_mux.
i_input_mux_config.config_q).                                                   
                                                                                
55. Executing OPT_CLEAN pass (remove unused cells and wires).                   
Finding unused cells or wires in module \tt_um_yuri_fpga..                      
Removed 32 unused cells and 32 unused wires.                                    
<suppressed ~64 debug messages>                                                 
                                                                                
56. Executing OPT_EXPR pass (perform const folding).                            
Optimizing module tt_um_yuri_fpga.                                              
Couldn't topologically sort cells, optimizing module tt_um_yuri_fpga may take a 
longer time.                                                                    
Couldn't topologically sort cells, optimizing module tt_um_yuri_fpga may take a 
longer time.                                                                    
                                                                                
57. Rerunning OPT passes. (Maybe there is more to do…)                          
                                                                                
58. Executing OPT_MUXTREE pass (detect dead branches in mux trees).             
Running muxtree optimizer on module \tt_um_yuri_fpga..                          
  Creating internal representation of mux trees.                                
  Evaluating internal representation of mux trees.                              
  Analyzing evaluation results.                                                 
Removed 0 multiplexer ports.                                                    
<suppressed ~424 debug messages>                                                
                                                                                
59. Executing OPT_REDUCE pass (consolidate $*mux and $reduce_* inputs).         
  Optimizing cells in module \tt_um_yuri_fpga.                                  
Performed a total of 0 changes.                                                 
                                                                                
60. Executing OPT_MERGE pass (detect identical cells).                          
Finding identical cells in module `\tt_um_yuri_fpga'.                           
Computing hashes of 277 cells of `\tt_um_yuri_fpga'.                            
Finding duplicate cells in `\tt_um_yuri_fpga'.                                  
Removed a total of 0 cells.                                                     
                                                                                
61. Executing OPT_DFF pass (perform DFF optimizations).                         
                                                                                
62. Executing OPT_CLEAN pass (remove unused cells and wires).                   
Finding unused cells or wires in module \tt_um_yuri_fpga..                      
                                                                                
63. Executing OPT_EXPR pass (perform const folding).                            
Optimizing module tt_um_yuri_fpga.                                              
Couldn't topologically sort cells, optimizing module tt_um_yuri_fpga may take a 
longer time.                                                                    
Couldn't topologically sort cells, optimizing module tt_um_yuri_fpga may take a 
longer time.                                                                    
                                                                                
64. Executing WREDUCE pass (reducing word size of cells).                       
Removed top 1 bits (of 2) from port B of cell                                   
tt_um_yuri_fpga.$flatten\i_dut.\x_grid_loop[1].y_grid_loop[1].fpga_bb_i.\clb_inp
ut_mux[0].i_clb_input_mux.$procmux$114_CMP0 ($eq).                              
Removed top 1 bits (of 2) from port B of cell                                   
tt_um_yuri_fpga.$flatten\i_dut.\x_grid_loop[1].y_grid_loop[1].fpga_bb_i.\clb_inp
ut_mux[1].i_clb_input_mux.$procmux$114_CMP0 ($eq).                              
Removed top 1 bits (of 2) from port B of cell                                   
tt_um_yuri_fpga.$flatten\i_dut.\x_grid_loop[1].y_grid_loop[1].fpga_bb_i.\clb_inp
ut_mux[2].i_clb_input_mux.$procmux$114_CMP0 ($eq).                              
Removed top 1 bits (of 2) from port B of cell                                   
tt_um_yuri_fpga.$flatten\i_dut.\x_grid_loop[1].y_grid_loop[1].fpga_bb_i.\clb_inp
ut_mux[3].i_clb_input_mux.$procmux$114_CMP0 ($eq).                              
Removed top 1 bits (of 2) from port B of cell                                   
tt_um_yuri_fpga.$flatten\i_dut.\x_grid_loop[1].y_grid_loop[0].fpga_bb_i.\clb_inp
ut_mux[0].i_clb_input_mux.$procmux$114_CMP0 ($eq).                              
Removed top 1 bits (of 2) from port B of cell                                   
tt_um_yuri_fpga.$flatten\i_dut.\x_grid_loop[1].y_grid_loop[0].fpga_bb_i.\clb_inp
ut_mux[1].i_clb_input_mux.$procmux$114_CMP0 ($eq).                              
Removed top 1 bits (of 2) from port B of cell                                   
tt_um_yuri_fpga.$flatten\i_dut.\x_grid_loop[1].y_grid_loop[0].fpga_bb_i.\clb_inp
ut_mux[2].i_clb_input_mux.$procmux$114_CMP0 ($eq).                              
Removed top 1 bits (of 2) from port B of cell                                   
tt_um_yuri_fpga.$flatten\i_dut.\x_grid_loop[1].y_grid_loop[0].fpga_bb_i.\clb_inp
ut_mux[3].i_clb_input_mux.$procmux$114_CMP0 ($eq).                              
Removed top 1 bits (of 2) from port B of cell                                   
tt_um_yuri_fpga.$flatten\i_dut.\x_grid_loop[0].y_grid_loop[1].fpga_bb_i.\clb_inp
ut_mux[0].i_clb_input_mux.$procmux$114_CMP0 ($eq).                              
Removed top 1 bits (of 2) from port B of cell                                   
tt_um_yuri_fpga.$flatten\i_dut.\x_grid_loop[0].y_grid_loop[1].fpga_bb_i.\clb_inp
ut_mux[1].i_clb_input_mux.$procmux$114_CMP0 ($eq).                              
Removed top 1 bits (of 2) from port B of cell                                   
tt_um_yuri_fpga.$flatten\i_dut.\x_grid_loop[0].y_grid_loop[1].fpga_bb_i.\clb_inp
ut_mux[2].i_clb_input_mux.$procmux$114_CMP0 ($eq).                              
Removed top 1 bits (of 2) from port B of cell                                   
tt_um_yuri_fpga.$flatten\i_dut.\x_grid_loop[0].y_grid_loop[1].fpga_bb_i.\clb_inp
ut_mux[3].i_clb_input_mux.$procmux$114_CMP0 ($eq).                              
Removed top 1 bits (of 2) from port B of cell                                   
tt_um_yuri_fpga.$flatten\i_dut.\x_grid_loop[0].y_grid_loop[0].fpga_bb_i.\clb_inp
ut_mux[0].i_clb_input_mux.$procmux$114_CMP0 ($eq).                              
Removed top 1 bits (of 2) from port B of cell                                   
tt_um_yuri_fpga.$flatten\i_dut.\x_grid_loop[0].y_grid_loop[0].fpga_bb_i.\clb_inp
ut_mux[1].i_clb_input_mux.$procmux$114_CMP0 ($eq).                              
Removed top 1 bits (of 2) from port B of cell                                   
tt_um_yuri_fpga.$flatten\i_dut.\x_grid_loop[0].y_grid_loop[0].fpga_bb_i.\clb_inp
ut_mux[2].i_clb_input_mux.$procmux$114_CMP0 ($eq).                              
Removed top 1 bits (of 2) from port B of cell                                   
tt_um_yuri_fpga.$flatten\i_dut.\x_grid_loop[0].y_grid_loop[0].fpga_bb_i.\clb_inp
ut_mux[3].i_clb_input_mux.$procmux$114_CMP0 ($eq).                              
                                                                                
65. Executing PEEPOPT pass (run peephole optimizers).                           
                                                                                
66. Executing OPT_CLEAN pass (remove unused cells and wires).                   
Finding unused cells or wires in module \tt_um_yuri_fpga..                      
                                                                                
67. Executing ALUMACC pass (create $alu and $macc cells).                       
Extracting $alu and $macc cells in module tt_um_yuri_fpga:                      
  created 0 $alu and 0 $macc cells.                                             
                                                                                
68. Executing SHARE pass (SAT-based resource sharing).                          
                                                                                
69. Executing OPT_EXPR pass (perform const folding).                            
Optimizing module tt_um_yuri_fpga.                                              
Couldn't topologically sort cells, optimizing module tt_um_yuri_fpga may take a 
longer time.                                                                    
Couldn't topologically sort cells, optimizing module tt_um_yuri_fpga may take a 
longer time.                                                                    
                                                                                
70. Executing OPT_MERGE pass (detect identical cells).                          
Finding identical cells in module `\tt_um_yuri_fpga'.                           
Computing hashes of 277 cells of `\tt_um_yuri_fpga'.                            
Finding duplicate cells in `\tt_um_yuri_fpga'.                                  
Removed a total of 0 cells.                                                     
                                                                                
71. Executing OPT_MUXTREE pass (detect dead branches in mux trees).             
Running muxtree optimizer on module \tt_um_yuri_fpga..                          
  Creating internal representation of mux trees.                                
  Evaluating internal representation of mux trees.                              
  Analyzing evaluation results.                                                 
Removed 0 multiplexer ports.                                                    
<suppressed ~424 debug messages>                                                
                                                                                
72. Executing OPT_REDUCE pass (consolidate $*mux and $reduce_* inputs).         
  Optimizing cells in module \tt_um_yuri_fpga.                                  
Performed a total of 0 changes.                                                 
                                                                                
73. Executing OPT_MERGE pass (detect identical cells).                          
Finding identical cells in module `\tt_um_yuri_fpga'.                           
Computing hashes of 277 cells of `\tt_um_yuri_fpga'.                            
Finding duplicate cells in `\tt_um_yuri_fpga'.                                  
Removed a total of 0 cells.                                                     
                                                                                
74. Executing OPT_DFF pass (perform DFF optimizations).                         
                                                                                
75. Executing OPT_CLEAN pass (remove unused cells and wires).                   
Finding unused cells or wires in module \tt_um_yuri_fpga..                      
                                                                                
76. Executing OPT_EXPR pass (perform const folding).                            
Optimizing module tt_um_yuri_fpga.                                              
Couldn't topologically sort cells, optimizing module tt_um_yuri_fpga may take a 
longer time.                                                                    
Couldn't topologically sort cells, optimizing module tt_um_yuri_fpga may take a 
longer time.                                                                    
                                                                                
77. Executing MEMORY pass.                                                      
                                                                                
77.1. Executing OPT_MEM pass (optimize memories).                               
Performed a total of 0 transformations.                                         
                                                                                
77.2. Executing OPT_MEM_PRIORITY pass (removing unnecessary memory write        
priority relations).                                                            
Performed a total of 0 transformations.                                         
                                                                                
77.3. Executing OPT_MEM_FEEDBACK pass (finding memory read-to-write feedback    
paths).                                                                         
                                                                                
77.4. Executing MEMORY_BMUX2ROM pass (converting muxes to ROMs).                
                                                                                
77.5. Executing MEMORY_DFF pass (merging $dff cells to $memrd).                 
                                                                                
77.6. Executing OPT_CLEAN pass (remove unused cells and wires).                 
Finding unused cells or wires in module \tt_um_yuri_fpga..                      
                                                                                
77.7. Executing MEMORY_SHARE pass (consolidating $memrd/$memwr cells).          
                                                                                
77.8. Executing OPT_MEM_WIDEN pass (optimize memories where all ports are wide).
Performed a total of 0 transformations.                                         
                                                                                
77.9. Executing OPT_CLEAN pass (remove unused cells and wires).                 
Finding unused cells or wires in module \tt_um_yuri_fpga..                      
                                                                                
77.10. Executing MEMORY_COLLECT pass (generating $mem cells).                   
                                                                                
78. Executing OPT_CLEAN pass (remove unused cells and wires).                   
Finding unused cells or wires in module \tt_um_yuri_fpga..                      
                                                                                
79. Executing OPT_EXPR pass (perform const folding).                            
Optimizing module tt_um_yuri_fpga.                                              
Couldn't topologically sort cells, optimizing module tt_um_yuri_fpga may take a 
longer time.                                                                    
Couldn't topologically sort cells, optimizing module tt_um_yuri_fpga may take a 
longer time.                                                                    
Couldn't topologically sort cells, optimizing module tt_um_yuri_fpga may take a 
longer time.                                                                    
Couldn't topologically sort cells, optimizing module tt_um_yuri_fpga may take a 
longer time.                                                                    
Couldn't topologically sort cells, optimizing module tt_um_yuri_fpga may take a 
longer time.                                                                    
<suppressed ~38 debug messages>                                                 
                                                                                
80. Executing OPT_MERGE pass (detect identical cells).                          
Finding identical cells in module `\tt_um_yuri_fpga'.                           
Computing hashes of 277 cells of `\tt_um_yuri_fpga'.                            
Finding duplicate cells in `\tt_um_yuri_fpga'.                                  
Removed a total of 0 cells.                                                     
                                                                                
81. Executing OPT_DFF pass (perform DFF optimizations).                         
                                                                                
82. Executing OPT_CLEAN pass (remove unused cells and wires).                   
Finding unused cells or wires in module \tt_um_yuri_fpga..                      
Removed 24 unused cells and 24 unused wires.                                    
<suppressed ~25 debug messages>                                                 
                                                                                
83. Executing MEMORY_MAP pass (converting memories to logic and flip-flops).    
                                                                                
84. Executing OPT_EXPR pass (perform const folding).                            
Optimizing module tt_um_yuri_fpga.                                              
Couldn't topologically sort cells, optimizing module tt_um_yuri_fpga may take a 
longer time.                                                                    
Couldn't topologically sort cells, optimizing module tt_um_yuri_fpga may take a 
longer time.                                                                    
                                                                                
85. Executing OPT_MERGE pass (detect identical cells).                          
Finding identical cells in module `\tt_um_yuri_fpga'.                           
Computing hashes of 253 cells of `\tt_um_yuri_fpga'.                            
Finding duplicate cells in `\tt_um_yuri_fpga'.                                  
Removed a total of 0 cells.                                                     
                                                                                
86. Executing OPT_MUXTREE pass (detect dead branches in mux trees).             
Running muxtree optimizer on module \tt_um_yuri_fpga..                          
  Creating internal representation of mux trees.                                
  Evaluating internal representation of mux trees.                              
  Analyzing evaluation results.                                                 
Removed 0 multiplexer ports.                                                    
<suppressed ~289 debug messages>                                                
                                                                                
87. Executing OPT_REDUCE pass (consolidate $*mux and $reduce_* inputs).         
  Optimizing cells in module \tt_um_yuri_fpga.                                  
Performed a total of 0 changes.                                                 
                                                                                
88. Executing OPT_MERGE pass (detect identical cells).                          
Finding identical cells in module `\tt_um_yuri_fpga'.                           
Computing hashes of 253 cells of `\tt_um_yuri_fpga'.                            
Finding duplicate cells in `\tt_um_yuri_fpga'.                                  
Removed a total of 0 cells.                                                     
                                                                                
89. Executing OPT_SHARE pass.                                                   
                                                                                
90. Executing OPT_DFF pass (perform DFF optimizations).                         
                                                                                
91. Executing OPT_CLEAN pass (remove unused cells and wires).                   
Finding unused cells or wires in module \tt_um_yuri_fpga..                      
                                                                                
92. Executing OPT_EXPR pass (perform const folding).                            
Optimizing module tt_um_yuri_fpga.                                              
Couldn't topologically sort cells, optimizing module tt_um_yuri_fpga may take a 
longer time.                                                                    
Couldn't topologically sort cells, optimizing module tt_um_yuri_fpga may take a 
longer time.                                                                    
                                                                                
93. Executing TECHMAP pass (map to technology primitives).                      
                                                                                
93.1. Executing Verilog-2005 frontend:                                          
/nix/store/4mjds051vd8w85hclkghhb9avl38l2k0-yosys-0.62/bin/../share/yosys/techma
p.v                                                                             
Parsing Verilog input from                                                      
`/nix/store/4mjds051vd8w85hclkghhb9avl38l2k0-yosys-0.62/bin/../share/yosys/techm
ap.v' to AST representation.                                                    
Generating RTLIL representation for module `\_90_simplemap_bool_ops'.           
Generating RTLIL representation for module `\_90_simplemap_reduce_ops'.         
Generating RTLIL representation for module `\_90_simplemap_logic_ops'.          
Generating RTLIL representation for module `\_90_simplemap_compare_ops'.        
Generating RTLIL representation for module `\_90_simplemap_various'.            
Generating RTLIL representation for module `\_90_simplemap_registers'.          
Generating RTLIL representation for module `\_90_shift_ops_shr_shl_sshl_sshr'.  
Generating RTLIL representation for module `\_90_shift_shiftx'.                 
Generating RTLIL representation for module `\_90_fa'.                           
Generating RTLIL representation for module `\_90_lcu_brent_kung'.               
Generating RTLIL representation for module `\_90_alu'.                          
Generating RTLIL representation for module `\_90_macc'.                         
Generating RTLIL representation for module `\_90_alumacc'.                      
Generating RTLIL representation for module `$__div_mod_u'.                      
Generating RTLIL representation for module `$__div_mod_trunc'.                  
Generating RTLIL representation for module `\_90_div'.                          
Generating RTLIL representation for module `\_90_mod'.                          
Generating RTLIL representation for module `$__div_mod_floor'.                  
Generating RTLIL representation for module `\_90_divfloor'.                     
Generating RTLIL representation for module `\_90_modfloor'.                     
Generating RTLIL representation for module `\_90_pow'.                          
Generating RTLIL representation for module `\_90_pmux'.                         
Generating RTLIL representation for module `\_90_demux'.                        
Generating RTLIL representation for module `\_90_lut'.                          
Generating RTLIL representation for module `$connect'.                          
Generating RTLIL representation for module `$input_port'.                       
Successfully finished Verilog frontend.                                         
                                                                                
93.2. Continuing TECHMAP pass.                                                  
Using extmapper simplemap for cells of type $adffe.                             
Using extmapper simplemap for cells of type $reduce_or.                         
Using template $paramod$bf2533632d512eac76dd186c0da49367e29b8e98\_90_pmux for   
cells of type $pmux.                                                            
Using template                                                                  
$paramod$constmap:1ef046be63c9541309f2f19c4ef998a798f64488$paramod$7fe1424d9d826
b3a6286885bc851fafa5143be2b\_90_shift_shiftx for cells of type $shiftx.         
Using template                                                                  
$paramod$constmap:ee5af906ae0d3d414c6a0471604c553ef70c8e09$paramod$92adee9538f23
81d8e5006822c900eb986d754e8\_90_shift_shiftx for cells of type $shiftx.         
Using extmapper simplemap for cells of type $adff.                              
Using extmapper simplemap for cells of type $mux.                               
Using extmapper simplemap for cells of type $xor.                               
Using extmapper simplemap for cells of type $and.                               
Using extmapper simplemap for cells of type $eq.                                
Using template $paramod$c2e415ef15bc3ccd2723772353a6b450d3d76206\_90_pmux for   
cells of type $pmux.                                                            
Using extmapper simplemap for cells of type $logic_and.                         
No more expansions possible.                                                    
<suppressed ~788 debug messages>                                                
                                                                                
94. Executing OPT_EXPR pass (perform const folding).                            
Optimizing module tt_um_yuri_fpga.                                              
Couldn't topologically sort cells, optimizing module tt_um_yuri_fpga may take a 
longer time.                                                                    
Couldn't topologically sort cells, optimizing module tt_um_yuri_fpga may take a 
longer time.                                                                    
Couldn't topologically sort cells, optimizing module tt_um_yuri_fpga may take a 
longer time.                                                                    
<suppressed ~216 debug messages>                                                
                                                                                
95. Executing OPT_MERGE pass (detect identical cells).                          
Finding identical cells in module `\tt_um_yuri_fpga'.                           
Computing hashes of 1021 cells of `\tt_um_yuri_fpga'.                           
Finding duplicate cells in `\tt_um_yuri_fpga'.                                  
Computing hashes of 993 cells of `\tt_um_yuri_fpga'.                            
Finding duplicate cells in `\tt_um_yuri_fpga'.                                  
<suppressed ~84 debug messages>                                                 
Removed a total of 28 cells.                                                    
                                                                                
96. Executing OPT_DFF pass (perform DFF optimizations).                         
                                                                                
97. Executing OPT_CLEAN pass (remove unused cells and wires).                   
Finding unused cells or wires in module \tt_um_yuri_fpga..                      
Removed 216 unused cells and 644 unused wires.                                  
<suppressed ~217 debug messages>                                                
                                                                                
98. Executing OPT_EXPR pass (perform const folding).                            
Optimizing module tt_um_yuri_fpga.                                              
Couldn't topologically sort cells, optimizing module tt_um_yuri_fpga may take a 
longer time.                                                                    
Couldn't topologically sort cells, optimizing module tt_um_yuri_fpga may take a 
longer time.                                                                    
                                                                                
99. Executing OPT_MERGE pass (detect identical cells).                          
Finding identical cells in module `\tt_um_yuri_fpga'.                           
Computing hashes of 777 cells of `\tt_um_yuri_fpga'.                            
Finding duplicate cells in `\tt_um_yuri_fpga'.                                  
Removed a total of 0 cells.                                                     
                                                                                
100. Executing OPT_DFF pass (perform DFF optimizations).                        
                                                                                
101. Executing OPT_CLEAN pass (remove unused cells and wires).                  
Finding unused cells or wires in module \tt_um_yuri_fpga..                      
                                                                                
102. Executing ABC pass (technology mapping using ABC).                         
                                                                                
102.1. Extracting gate netlist of module `\tt_um_yuri_fpga' to                  
`<abc-temp-dir>/input.blif'..                                                   
Breaking loop using new signal $abcloop$1959:                                   
\i_dut.x_grid_loop[0].y_grid_loop[0].fpga_bb_i.clb_input_mux[0].i_clb_input_mux.
output_o ->                                                                     
$techmap$flatten\i_dut.\x_grid_loop[0].y_grid_loop[0].fpga_bb_i.\i_clb.\i_dual_l
ut_1.$shiftx$/Users/yuri/Documents/5_projects/swisschips-fpga/tt-fpga/src/tt-fpg
a/lutN.sv:35$92.$2\buffer[7:0] [6]                                              
                                              \i_dut.x_grid_loop[0].y_grid_loop[
0].fpga_bb_i.clb_input_mux[0].i_clb_input_mux.output_o ->                       
$techmap$flatten\i_dut.\x_grid_loop[0].y_grid_loop[0].fpga_bb_i.\i_clb.\i_dual_l
ut_1.$shiftx$/Users/yuri/Documents/5_projects/swisschips-fpga/tt-fpga/src/tt-fpg
a/lutN.sv:35$92.$2\buffer[7:0] [4]                                              
                                              \i_dut.x_grid_loop[0].y_grid_loop[
0].fpga_bb_i.clb_input_mux[0].i_clb_input_mux.output_o ->                       
$techmap$flatten\i_dut.\x_grid_loop[0].y_grid_loop[0].fpga_bb_i.\i_clb.\i_dual_l
ut_1.$shiftx$/Users/yuri/Documents/5_projects/swisschips-fpga/tt-fpga/src/tt-fpg
a/lutN.sv:35$92.$2\buffer[7:0] [2]                                              
                                              \i_dut.x_grid_loop[0].y_grid_loop[
0].fpga_bb_i.clb_input_mux[0].i_clb_input_mux.output_o ->                       
$techmap$flatten\i_dut.\x_grid_loop[0].y_grid_loop[0].fpga_bb_i.\i_clb.\i_dual_l
ut_1.$shiftx$/Users/yuri/Documents/5_projects/swisschips-fpga/tt-fpga/src/tt-fpg
a/lutN.sv:35$92.$2\buffer[7:0] [0]                                              
                                              \i_dut.x_grid_loop[0].y_grid_loop[
0].fpga_bb_i.clb_input_mux[0].i_clb_input_mux.output_o ->                       
$techmap$flatten\i_dut.\x_grid_loop[0].y_grid_loop[0].fpga_bb_i.\i_clb.\i_dual_l
ut_0.$shiftx$/Users/yuri/Documents/5_projects/swisschips-fpga/tt-fpga/src/tt-fpg
a/lutN.sv:35$92.$2\buffer[7:0] [6]                                              
                                              \i_dut.x_grid_loop[0].y_grid_loop[
0].fpga_bb_i.clb_input_mux[0].i_clb_input_mux.output_o ->                       
$techmap$flatten\i_dut.\x_grid_loop[0].y_grid_loop[0].fpga_bb_i.\i_clb.\i_dual_l
ut_0.$shiftx$/Users/yuri/Documents/5_projects/swisschips-fpga/tt-fpga/src/tt-fpg
a/lutN.sv:35$92.$2\buffer[7:0] [4]                                              
                                              \i_dut.x_grid_loop[0].y_grid_loop[
0].fpga_bb_i.clb_input_mux[0].i_clb_input_mux.output_o ->                       
$techmap$flatten\i_dut.\x_grid_loop[0].y_grid_loop[0].fpga_bb_i.\i_clb.\i_dual_l
ut_0.$shiftx$/Users/yuri/Documents/5_projects/swisschips-fpga/tt-fpga/src/tt-fpg
a/lutN.sv:35$92.$2\buffer[7:0] [2]                                              
                                              \i_dut.x_grid_loop[0].y_grid_loop[
0].fpga_bb_i.clb_input_mux[0].i_clb_input_mux.output_o ->                       
$techmap$flatten\i_dut.\x_grid_loop[0].y_grid_loop[0].fpga_bb_i.\i_clb.\i_dual_l
ut_0.$shiftx$/Users/yuri/Documents/5_projects/swisschips-fpga/tt-fpga/src/tt-fpg
a/lutN.sv:35$92.$2\buffer[7:0] [0]                                              
Breaking loop using new signal $abcloop$1960:                                   
\i_dut.x_grid_loop[0].y_grid_loop[1].fpga_bb_i.clb_input_mux[0].i_clb_input_mux.
output_o ->                                                                     
$techmap$flatten\i_dut.\x_grid_loop[0].y_grid_loop[1].fpga_bb_i.\i_clb.\i_dual_l
ut_1.$shiftx$/Users/yuri/Documents/5_projects/swisschips-fpga/tt-fpga/src/tt-fpg
a/lutN.sv:35$92.$2\buffer[7:0] [6]                                              
                                              \i_dut.x_grid_loop[0].y_grid_loop[
1].fpga_bb_i.clb_input_mux[0].i_clb_input_mux.output_o ->                       
$techmap$flatten\i_dut.\x_grid_loop[0].y_grid_loop[1].fpga_bb_i.\i_clb.\i_dual_l
ut_1.$shiftx$/Users/yuri/Documents/5_projects/swisschips-fpga/tt-fpga/src/tt-fpg
a/lutN.sv:35$92.$2\buffer[7:0] [4]                                              
                                              \i_dut.x_grid_loop[0].y_grid_loop[
1].fpga_bb_i.clb_input_mux[0].i_clb_input_mux.output_o ->                       
$techmap$flatten\i_dut.\x_grid_loop[0].y_grid_loop[1].fpga_bb_i.\i_clb.\i_dual_l
ut_1.$shiftx$/Users/yuri/Documents/5_projects/swisschips-fpga/tt-fpga/src/tt-fpg
a/lutN.sv:35$92.$2\buffer[7:0] [2]                                              
                                              \i_dut.x_grid_loop[0].y_grid_loop[
1].fpga_bb_i.clb_input_mux[0].i_clb_input_mux.output_o ->                       
$techmap$flatten\i_dut.\x_grid_loop[0].y_grid_loop[1].fpga_bb_i.\i_clb.\i_dual_l
ut_1.$shiftx$/Users/yuri/Documents/5_projects/swisschips-fpga/tt-fpga/src/tt-fpg
a/lutN.sv:35$92.$2\buffer[7:0] [0]                                              
                                              \i_dut.x_grid_loop[0].y_grid_loop[
1].fpga_bb_i.clb_input_mux[0].i_clb_input_mux.output_o ->                       
$techmap$flatten\i_dut.\x_grid_loop[0].y_grid_loop[1].fpga_bb_i.\i_clb.\i_dual_l
ut_0.$shiftx$/Users/yuri/Documents/5_projects/swisschips-fpga/tt-fpga/src/tt-fpg
a/lutN.sv:35$92.$2\buffer[7:0] [6]                                              
                                              \i_dut.x_grid_loop[0].y_grid_loop[
1].fpga_bb_i.clb_input_mux[0].i_clb_input_mux.output_o ->                       
$techmap$flatten\i_dut.\x_grid_loop[0].y_grid_loop[1].fpga_bb_i.\i_clb.\i_dual_l
ut_0.$shiftx$/Users/yuri/Documents/5_projects/swisschips-fpga/tt-fpga/src/tt-fpg
a/lutN.sv:35$92.$2\buffer[7:0] [4]                                              
                                              \i_dut.x_grid_loop[0].y_grid_loop[
1].fpga_bb_i.clb_input_mux[0].i_clb_input_mux.output_o ->                       
$techmap$flatten\i_dut.\x_grid_loop[0].y_grid_loop[1].fpga_bb_i.\i_clb.\i_dual_l
ut_0.$shiftx$/Users/yuri/Documents/5_projects/swisschips-fpga/tt-fpga/src/tt-fpg
a/lutN.sv:35$92.$2\buffer[7:0] [2]                                              
                                              \i_dut.x_grid_loop[0].y_grid_loop[
1].fpga_bb_i.clb_input_mux[0].i_clb_input_mux.output_o ->                       
$techmap$flatten\i_dut.\x_grid_loop[0].y_grid_loop[1].fpga_bb_i.\i_clb.\i_dual_l
ut_0.$shiftx$/Users/yuri/Documents/5_projects/swisschips-fpga/tt-fpga/src/tt-fpg
a/lutN.sv:35$92.$2\buffer[7:0] [0]                                              
Breaking loop using new signal $abcloop$1961:                                   
\i_dut.x_grid_loop[1].y_grid_loop[0].fpga_bb_i.clb_input_mux[0].i_clb_input_mux.
output_o ->                                                                     
$techmap$flatten\i_dut.\x_grid_loop[1].y_grid_loop[0].fpga_bb_i.\i_clb.\i_dual_l
ut_1.$shiftx$/Users/yuri/Documents/5_projects/swisschips-fpga/tt-fpga/src/tt-fpg
a/lutN.sv:35$92.$2\buffer[7:0] [6]                                              
                                              \i_dut.x_grid_loop[1].y_grid_loop[
0].fpga_bb_i.clb_input_mux[0].i_clb_input_mux.output_o ->                       
$techmap$flatten\i_dut.\x_grid_loop[1].y_grid_loop[0].fpga_bb_i.\i_clb.\i_dual_l
ut_1.$shiftx$/Users/yuri/Documents/5_projects/swisschips-fpga/tt-fpga/src/tt-fpg
a/lutN.sv:35$92.$2\buffer[7:0] [4]                                              
                                              \i_dut.x_grid_loop[1].y_grid_loop[
0].fpga_bb_i.clb_input_mux[0].i_clb_input_mux.output_o ->                       
$techmap$flatten\i_dut.\x_grid_loop[1].y_grid_loop[0].fpga_bb_i.\i_clb.\i_dual_l
ut_1.$shiftx$/Users/yuri/Documents/5_projects/swisschips-fpga/tt-fpga/src/tt-fpg
a/lutN.sv:35$92.$2\buffer[7:0] [2]                                              
                                              \i_dut.x_grid_loop[1].y_grid_loop[
0].fpga_bb_i.clb_input_mux[0].i_clb_input_mux.output_o ->                       
$techmap$flatten\i_dut.\x_grid_loop[1].y_grid_loop[0].fpga_bb_i.\i_clb.\i_dual_l
ut_1.$shiftx$/Users/yuri/Documents/5_projects/swisschips-fpga/tt-fpga/src/tt-fpg
a/lutN.sv:35$92.$2\buffer[7:0] [0]                                              
                                              \i_dut.x_grid_loop[1].y_grid_loop[
0].fpga_bb_i.clb_input_mux[0].i_clb_input_mux.output_o ->                       
$techmap$flatten\i_dut.\x_grid_loop[1].y_grid_loop[0].fpga_bb_i.\i_clb.\i_dual_l
ut_0.$shiftx$/Users/yuri/Documents/5_projects/swisschips-fpga/tt-fpga/src/tt-fpg
a/lutN.sv:35$92.$2\buffer[7:0] [6]                                              
                                              \i_dut.x_grid_loop[1].y_grid_loop[
0].fpga_bb_i.clb_input_mux[0].i_clb_input_mux.output_o ->                       
$techmap$flatten\i_dut.\x_grid_loop[1].y_grid_loop[0].fpga_bb_i.\i_clb.\i_dual_l
ut_0.$shiftx$/Users/yuri/Documents/5_projects/swisschips-fpga/tt-fpga/src/tt-fpg
a/lutN.sv:35$92.$2\buffer[7:0] [4]                                              
                                              \i_dut.x_grid_loop[1].y_grid_loop[
0].fpga_bb_i.clb_input_mux[0].i_clb_input_mux.output_o ->                       
$techmap$flatten\i_dut.\x_grid_loop[1].y_grid_loop[0].fpga_bb_i.\i_clb.\i_dual_l
ut_0.$shiftx$/Users/yuri/Documents/5_projects/swisschips-fpga/tt-fpga/src/tt-fpg
a/lutN.sv:35$92.$2\buffer[7:0] [2]                                              
                                              \i_dut.x_grid_loop[1].y_grid_loop[
0].fpga_bb_i.clb_input_mux[0].i_clb_input_mux.output_o ->                       
$techmap$flatten\i_dut.\x_grid_loop[1].y_grid_loop[0].fpga_bb_i.\i_clb.\i_dual_l
ut_0.$shiftx$/Users/yuri/Documents/5_projects/swisschips-fpga/tt-fpga/src/tt-fpg
a/lutN.sv:35$92.$2\buffer[7:0] [0]                                              
Breaking loop using new signal $abcloop$1962:                                   
\i_dut.x_grid_loop[1].y_grid_loop[1].fpga_bb_i.clb_input_mux[0].i_clb_input_mux.
output_o ->                                                                     
$techmap$flatten\i_dut.\x_grid_loop[1].y_grid_loop[1].fpga_bb_i.\i_clb.\i_dual_l
ut_1.$shiftx$/Users/yuri/Documents/5_projects/swisschips-fpga/tt-fpga/src/tt-fpg
a/lutN.sv:35$92.$2\buffer[7:0] [6]                                              
                                              \i_dut.x_grid_loop[1].y_grid_loop[
1].fpga_bb_i.clb_input_mux[0].i_clb_input_mux.output_o ->                       
$techmap$flatten\i_dut.\x_grid_loop[1].y_grid_loop[1].fpga_bb_i.\i_clb.\i_dual_l
ut_1.$shiftx$/Users/yuri/Documents/5_projects/swisschips-fpga/tt-fpga/src/tt-fpg
a/lutN.sv:35$92.$2\buffer[7:0] [4]                                              
                                              \i_dut.x_grid_loop[1].y_grid_loop[
1].fpga_bb_i.clb_input_mux[0].i_clb_input_mux.output_o ->                       
$techmap$flatten\i_dut.\x_grid_loop[1].y_grid_loop[1].fpga_bb_i.\i_clb.\i_dual_l
ut_1.$shiftx$/Users/yuri/Documents/5_projects/swisschips-fpga/tt-fpga/src/tt-fpg
a/lutN.sv:35$92.$2\buffer[7:0] [2]                                              
                                              \i_dut.x_grid_loop[1].y_grid_loop[
1].fpga_bb_i.clb_input_mux[0].i_clb_input_mux.output_o ->                       
$techmap$flatten\i_dut.\x_grid_loop[1].y_grid_loop[1].fpga_bb_i.\i_clb.\i_dual_l
ut_1.$shiftx$/Users/yuri/Documents/5_projects/swisschips-fpga/tt-fpga/src/tt-fpg
a/lutN.sv:35$92.$2\buffer[7:0] [0]                                              
                                              \i_dut.x_grid_loop[1].y_grid_loop[
1].fpga_bb_i.clb_input_mux[0].i_clb_input_mux.output_o ->                       
$techmap$flatten\i_dut.\x_grid_loop[1].y_grid_loop[1].fpga_bb_i.\i_clb.\i_dual_l
ut_0.$shiftx$/Users/yuri/Documents/5_projects/swisschips-fpga/tt-fpga/src/tt-fpg
a/lutN.sv:35$92.$2\buffer[7:0] [6]                                              
                                              \i_dut.x_grid_loop[1].y_grid_loop[
1].fpga_bb_i.clb_input_mux[0].i_clb_input_mux.output_o ->                       
$techmap$flatten\i_dut.\x_grid_loop[1].y_grid_loop[1].fpga_bb_i.\i_clb.\i_dual_l
ut_0.$shiftx$/Users/yuri/Documents/5_projects/swisschips-fpga/tt-fpga/src/tt-fpg
a/lutN.sv:35$92.$2\buffer[7:0] [4]                                              
                                              \i_dut.x_grid_loop[1].y_grid_loop[
1].fpga_bb_i.clb_input_mux[0].i_clb_input_mux.output_o ->                       
$techmap$flatten\i_dut.\x_grid_loop[1].y_grid_loop[1].fpga_bb_i.\i_clb.\i_dual_l
ut_0.$shiftx$/Users/yuri/Documents/5_projects/swisschips-fpga/tt-fpga/src/tt-fpg
a/lutN.sv:35$92.$2\buffer[7:0] [2]                                              
                                              \i_dut.x_grid_loop[1].y_grid_loop[
1].fpga_bb_i.clb_input_mux[0].i_clb_input_mux.output_o ->                       
$techmap$flatten\i_dut.\x_grid_loop[1].y_grid_loop[1].fpga_bb_i.\i_clb.\i_dual_l
ut_0.$shiftx$/Users/yuri/Documents/5_projects/swisschips-fpga/tt-fpga/src/tt-fpg
a/lutN.sv:35$92.$2\buffer[7:0] [0]                                              
Breaking loop using new signal $abcloop$1963:                                   
\i_dut.x_grid_loop[0].y_grid_loop[0].fpga_bb_i.clb_input_mux[0].i_clb_input_mux.
east_i [2] ->                                                                   
$flatten\i_dut.\x_grid_loop[0].y_grid_loop[0].fpga_bb_i.\i_fabric_switch.$ternar
y$/Users/yuri/Documents/5_projects/swisschips-fpga/tt-fpga/src/tt-fpga/fabric_sw
itch.sv:81$72_Y                                                                 
                                              \i_dut.x_grid_loop[0].y_grid_loop[
0].fpga_bb_i.clb_input_mux[0].i_clb_input_mux.east_i [2] ->                     
$flatten\i_dut.\x_grid_loop[0].y_grid_loop[0].fpga_bb_i.\i_fabric_switch.$ternar
y$/Users/yuri/Documents/5_projects/swisschips-fpga/tt-fpga/src/tt-fpga/fabric_sw
itch.sv:75$68_Y                                                                 
                                              \i_dut.x_grid_loop[0].y_grid_loop[
0].fpga_bb_i.clb_input_mux[0].i_clb_input_mux.east_i [2] ->                     
$flatten\i_dut.\x_grid_loop[0].y_grid_loop[0].fpga_bb_i.\clb_input_mux[0].i_clb_
input_mux.$procmux$111.B_AND_S [6]                                              
                                              \i_dut.x_grid_loop[0].y_grid_loop[
0].fpga_bb_i.clb_input_mux[0].i_clb_input_mux.east_i [2] ->                     
$flatten\i_dut.\x_grid_loop[0].y_grid_loop[0].fpga_bb_i.\clb_input_mux[1].i_clb_
input_mux.$procmux$111.B_AND_S [6]                                              
                                              \i_dut.x_grid_loop[0].y_grid_loop[
0].fpga_bb_i.clb_input_mux[0].i_clb_input_mux.east_i [2] ->                     
$flatten\i_dut.\x_grid_loop[0].y_grid_loop[0].fpga_bb_i.\clb_input_mux[2].i_clb_
input_mux.$procmux$111.B_AND_S [6]                                              
                                              \i_dut.x_grid_loop[0].y_grid_loop[
0].fpga_bb_i.clb_input_mux[0].i_clb_input_mux.east_i [2] ->                     
$flatten\i_dut.\x_grid_loop[0].y_grid_loop[0].fpga_bb_i.\clb_input_mux[3].i_clb_
input_mux.$procmux$111.B_AND_S [6]                                              
Breaking loop using new signal $abcloop$1964:                                   
\i_dut.x_grid_loop[0].y_grid_loop[0].fpga_bb_i.clb_input_mux[0].i_clb_input_mux.
east_i [0] ->                                                                   
$flatten\i_dut.\x_grid_loop[0].y_grid_loop[0].fpga_bb_i.\i_fabric_switch.$ternar
y$/Users/yuri/Documents/5_projects/swisschips-fpga/tt-fpga/src/tt-fpga/fabric_sw
itch.sv:81$64_Y                                                                 
                                              \i_dut.x_grid_loop[0].y_grid_loop[
0].fpga_bb_i.clb_input_mux[0].i_clb_input_mux.east_i [0] ->                     
$flatten\i_dut.\x_grid_loop[0].y_grid_loop[0].fpga_bb_i.\i_fabric_switch.$ternar
y$/Users/yuri/Documents/5_projects/swisschips-fpga/tt-fpga/src/tt-fpga/fabric_sw
itch.sv:75$60_Y                                                                 
                                              \i_dut.x_grid_loop[0].y_grid_loop[
0].fpga_bb_i.clb_input_mux[0].i_clb_input_mux.east_i [0] ->                     
$flatten\i_dut.\x_grid_loop[0].y_grid_loop[0].fpga_bb_i.\clb_input_mux[0].i_clb_
input_mux.$procmux$111.B_AND_S [4]                                              
                                              \i_dut.x_grid_loop[0].y_grid_loop[
0].fpga_bb_i.clb_input_mux[0].i_clb_input_mux.east_i [0] ->                     
$flatten\i_dut.\x_grid_loop[0].y_grid_loop[0].fpga_bb_i.\clb_input_mux[1].i_clb_
input_mux.$procmux$111.B_AND_S [4]                                              
                                              \i_dut.x_grid_loop[0].y_grid_loop[
0].fpga_bb_i.clb_input_mux[0].i_clb_input_mux.east_i [0] ->                     
$flatten\i_dut.\x_grid_loop[0].y_grid_loop[0].fpga_bb_i.\clb_input_mux[2].i_clb_
input_mux.$procmux$111.B_AND_S [4]                                              
                                              \i_dut.x_grid_loop[0].y_grid_loop[
0].fpga_bb_i.clb_input_mux[0].i_clb_input_mux.east_i [0] ->                     
$flatten\i_dut.\x_grid_loop[0].y_grid_loop[0].fpga_bb_i.\clb_input_mux[3].i_clb_
input_mux.$procmux$111.B_AND_S [4]                                              
Breaking loop using new signal $abcloop$1965:                                   
\i_dut.x_grid_loop[0].y_grid_loop[0].fpga_bb_i.i_fabric_switch.clb_output_i ->  
\uo_out [0]                                                                     
                                              \i_dut.x_grid_loop[0].y_grid_loop[
0].fpga_bb_i.i_fabric_switch.clb_output_i -> \uo_out [2]                        
                                              \i_dut.x_grid_loop[0].y_grid_loop[
0].fpga_bb_i.i_fabric_switch.clb_output_i ->                                    
\i_dut.x_grid_loop[1].y_grid_loop[0].fpga_bb_i.clb_input_mux[0].i_clb_input_mux.
west_i [0]                                                                      
                                              \i_dut.x_grid_loop[0].y_grid_loop[
0].fpga_bb_i.i_fabric_switch.clb_output_i ->                                    
\i_dut.x_grid_loop[1].y_grid_loop[0].fpga_bb_i.clb_input_mux[0].i_clb_input_mux.
west_i [2]                                                                      
                                              \i_dut.x_grid_loop[0].y_grid_loop[
0].fpga_bb_i.i_fabric_switch.clb_output_i ->                                    
\i_dut.x_grid_loop[0].y_grid_loop[1].fpga_bb_i.clb_input_mux[0].i_clb_input_mux.
south_i [2]                                                                     
                                              \i_dut.x_grid_loop[0].y_grid_loop[
0].fpga_bb_i.i_fabric_switch.clb_output_i ->                                    
\i_dut.x_grid_loop[0].y_grid_loop[1].fpga_bb_i.clb_input_mux[0].i_clb_input_mux.
south_i [0]                                                                     
Breaking loop using new signal $abcloop$1966:                                   
\i_dut.x_grid_loop[1].y_grid_loop[0].fpga_bb_i.clb_input_mux[0].i_clb_input_mux.
west_i [0] ->                                                                   
$flatten\i_dut.\x_grid_loop[1].y_grid_loop[0].fpga_bb_i.\i_fabric_switch.$ternar
y$/Users/yuri/Documents/5_projects/swisschips-fpga/tt-fpga/src/tt-fpga/fabric_sw
itch.sv:75$60_Y                                                                 
                                              \i_dut.x_grid_loop[1].y_grid_loop[
0].fpga_bb_i.clb_input_mux[0].i_clb_input_mux.west_i [0] ->                     
\i_dut.x_grid_loop[1].y_grid_loop[0].fpga_bb_i.clb_input_mux[0].i_clb_input_mux.
selected_heading [0]                                                            
                                              \i_dut.x_grid_loop[1].y_grid_loop[
0].fpga_bb_i.clb_input_mux[0].i_clb_input_mux.west_i [0] ->                     
\i_dut.x_grid_loop[1].y_grid_loop[0].fpga_bb_i.clb_input_mux[1].i_clb_input_mux.
selected_heading [0]                                                            
                                              \i_dut.x_grid_loop[1].y_grid_loop[
0].fpga_bb_i.clb_input_mux[0].i_clb_input_mux.west_i [0] ->                     
\i_dut.x_grid_loop[1].y_grid_loop[0].fpga_bb_i.clb_input_mux[2].i_clb_input_mux.
selected_heading [0]                                                            
                                              \i_dut.x_grid_loop[1].y_grid_loop[
0].fpga_bb_i.clb_input_mux[0].i_clb_input_mux.west_i [0] ->                     
\i_dut.x_grid_loop[1].y_grid_loop[0].fpga_bb_i.clb_input_mux[3].i_clb_input_mux.
selected_heading [0]                                                            
                                              \i_dut.x_grid_loop[1].y_grid_loop[
0].fpga_bb_i.clb_input_mux[0].i_clb_input_mux.west_i [0] ->                     
$flatten\i_dut.\x_grid_loop[1].y_grid_loop[0].fpga_bb_i.\i_fabric_switch.$ternar
y$/Users/yuri/Documents/5_projects/swisschips-fpga/tt-fpga/src/tt-fpga/fabric_sw
itch.sv:81$64_Y                                                                 
Breaking loop using new signal $abcloop$1967:                                   
\i_dut.x_grid_loop[1].y_grid_loop[0].fpga_bb_i.clb_input_mux[0].i_clb_input_mux.
west_i [2] ->                                                                   
$flatten\i_dut.\x_grid_loop[1].y_grid_loop[0].fpga_bb_i.\i_fabric_switch.$ternar
y$/Users/yuri/Documents/5_projects/swisschips-fpga/tt-fpga/src/tt-fpga/fabric_sw
itch.sv:75$68_Y                                                                 
                                              \i_dut.x_grid_loop[1].y_grid_loop[
0].fpga_bb_i.clb_input_mux[0].i_clb_input_mux.west_i [2] ->                     
\i_dut.x_grid_loop[1].y_grid_loop[0].fpga_bb_i.clb_input_mux[0].i_clb_input_mux.
selected_heading [2]                                                            
                                              \i_dut.x_grid_loop[1].y_grid_loop[
0].fpga_bb_i.clb_input_mux[0].i_clb_input_mux.west_i [2] ->                     
\i_dut.x_grid_loop[1].y_grid_loop[0].fpga_bb_i.clb_input_mux[1].i_clb_input_mux.
selected_heading [2]                                                            
                                              \i_dut.x_grid_loop[1].y_grid_loop[
0].fpga_bb_i.clb_input_mux[0].i_clb_input_mux.west_i [2] ->                     
\i_dut.x_grid_loop[1].y_grid_loop[0].fpga_bb_i.clb_input_mux[2].i_clb_input_mux.
selected_heading [2]                                                            
                                              \i_dut.x_grid_loop[1].y_grid_loop[
0].fpga_bb_i.clb_input_mux[0].i_clb_input_mux.west_i [2] ->                     
\i_dut.x_grid_loop[1].y_grid_loop[0].fpga_bb_i.clb_input_mux[3].i_clb_input_mux.
selected_heading [2]                                                            
                                              \i_dut.x_grid_loop[1].y_grid_loop[
0].fpga_bb_i.clb_input_mux[0].i_clb_input_mux.west_i [2] ->                     
$flatten\i_dut.\x_grid_loop[1].y_grid_loop[0].fpga_bb_i.\i_fabric_switch.$ternar
y$/Users/yuri/Documents/5_projects/swisschips-fpga/tt-fpga/src/tt-fpga/fabric_sw
itch.sv:81$72_Y                                                                 
Breaking loop using new signal $abcloop$1968:                                   
\i_dut.x_grid_loop[1].y_grid_loop[0].fpga_bb_i.i_fabric_switch.clb_output_i ->  
\uo_out [4]                                                                     
                                              \i_dut.x_grid_loop[1].y_grid_loop[
0].fpga_bb_i.i_fabric_switch.clb_output_i -> \uo_out [6]                        
                                              \i_dut.x_grid_loop[1].y_grid_loop[
0].fpga_bb_i.i_fabric_switch.clb_output_i ->                                    
\i_dut.x_grid_loop[1].y_grid_loop[1].fpga_bb_i.clb_input_mux[0].i_clb_input_mux.
south_i [2]                                                                     
                                              \i_dut.x_grid_loop[1].y_grid_loop[
0].fpga_bb_i.i_fabric_switch.clb_output_i ->                                    
\i_dut.x_grid_loop[1].y_grid_loop[1].fpga_bb_i.clb_input_mux[0].i_clb_input_mux.
south_i [0]                                                                     
                                              \i_dut.x_grid_loop[1].y_grid_loop[
0].fpga_bb_i.i_fabric_switch.clb_output_i ->                                    
\i_dut.x_grid_loop[0].y_grid_loop[0].fpga_bb_i.clb_input_mux[0].i_clb_input_mux.
east_i [2]                                                                      
                                              \i_dut.x_grid_loop[1].y_grid_loop[
0].fpga_bb_i.i_fabric_switch.clb_output_i ->                                    
\i_dut.x_grid_loop[0].y_grid_loop[0].fpga_bb_i.clb_input_mux[0].i_clb_input_mux.
east_i [0]                                                                      
Breaking loop using new signal $abcloop$1969:                                   
\i_dut.x_grid_loop[0].y_grid_loop[0].fpga_bb_i.clb_input_mux[0].i_clb_input_mux.
north_i [2] ->                                                                  
$flatten\i_dut.\x_grid_loop[0].y_grid_loop[0].fpga_bb_i.\i_fabric_switch.$ternar
y$/Users/yuri/Documents/5_projects/swisschips-fpga/tt-fpga/src/tt-fpga/fabric_sw
itch.sv:78$70_Y                                                                 
                                              \i_dut.x_grid_loop[0].y_grid_loop[
0].fpga_bb_i.clb_input_mux[0].i_clb_input_mux.north_i [2] ->                    
$flatten\i_dut.\x_grid_loop[0].y_grid_loop[0].fpga_bb_i.\clb_input_mux[0].i_clb_
input_mux.$procmux$111.B_AND_S [10]                                             
                                              \i_dut.x_grid_loop[0].y_grid_loop[
0].fpga_bb_i.clb_input_mux[0].i_clb_input_mux.north_i [2] ->                    
$flatten\i_dut.\x_grid_loop[0].y_grid_loop[0].fpga_bb_i.\clb_input_mux[1].i_clb_
input_mux.$procmux$111.B_AND_S [10]                                             
                                              \i_dut.x_grid_loop[0].y_grid_loop[
0].fpga_bb_i.clb_input_mux[0].i_clb_input_mux.north_i [2] ->                    
$flatten\i_dut.\x_grid_loop[0].y_grid_loop[0].fpga_bb_i.\clb_input_mux[2].i_clb_
input_mux.$procmux$111.B_AND_S [10]                                             
                                              \i_dut.x_grid_loop[0].y_grid_loop[
0].fpga_bb_i.clb_input_mux[0].i_clb_input_mux.north_i [2] ->                    
$flatten\i_dut.\x_grid_loop[0].y_grid_loop[0].fpga_bb_i.\clb_input_mux[3].i_clb_
input_mux.$procmux$111.B_AND_S [10]                                             
Breaking loop using new signal $abcloop$1970:                                   
\i_dut.x_grid_loop[0].y_grid_loop[0].fpga_bb_i.clb_input_mux[0].i_clb_input_mux.
north_i [0] ->                                                                  
$flatten\i_dut.\x_grid_loop[0].y_grid_loop[0].fpga_bb_i.\i_fabric_switch.$ternar
y$/Users/yuri/Documents/5_projects/swisschips-fpga/tt-fpga/src/tt-fpga/fabric_sw
itch.sv:78$62_Y                                                                 
                                              \i_dut.x_grid_loop[0].y_grid_loop[
0].fpga_bb_i.clb_input_mux[0].i_clb_input_mux.north_i [0] ->                    
$flatten\i_dut.\x_grid_loop[0].y_grid_loop[0].fpga_bb_i.\clb_input_mux[0].i_clb_
input_mux.$procmux$111.B_AND_S [8]                                              
                                              \i_dut.x_grid_loop[0].y_grid_loop[
0].fpga_bb_i.clb_input_mux[0].i_clb_input_mux.north_i [0] ->                    
$flatten\i_dut.\x_grid_loop[0].y_grid_loop[0].fpga_bb_i.\clb_input_mux[1].i_clb_
input_mux.$procmux$111.B_AND_S [8]                                              
                                              \i_dut.x_grid_loop[0].y_grid_loop[
0].fpga_bb_i.clb_input_mux[0].i_clb_input_mux.north_i [0] ->                    
$flatten\i_dut.\x_grid_loop[0].y_grid_loop[0].fpga_bb_i.\clb_input_mux[2].i_clb_
input_mux.$procmux$111.B_AND_S [8]                                              
                                              \i_dut.x_grid_loop[0].y_grid_loop[
0].fpga_bb_i.clb_input_mux[0].i_clb_input_mux.north_i [0] ->                    
$flatten\i_dut.\x_grid_loop[0].y_grid_loop[0].fpga_bb_i.\clb_input_mux[3].i_clb_
input_mux.$procmux$111.B_AND_S [8]                                              
Breaking loop using new signal $abcloop$1971:                                   
\i_dut.x_grid_loop[0].y_grid_loop[1].fpga_bb_i.clb_input_mux[0].i_clb_input_mux.
east_i [2] ->                                                                   
$flatten\i_dut.\x_grid_loop[0].y_grid_loop[1].fpga_bb_i.\i_fabric_switch.$ternar
y$/Users/yuri/Documents/5_projects/swisschips-fpga/tt-fpga/src/tt-fpga/fabric_sw
itch.sv:81$72_Y                                                                 
                                              \i_dut.x_grid_loop[0].y_grid_loop[
1].fpga_bb_i.clb_input_mux[0].i_clb_input_mux.east_i [2] ->                     
$flatten\i_dut.\x_grid_loop[0].y_grid_loop[1].fpga_bb_i.\clb_input_mux[0].i_clb_
input_mux.$procmux$111.B_AND_S [6]                                              
                                              \i_dut.x_grid_loop[0].y_grid_loop[
1].fpga_bb_i.clb_input_mux[0].i_clb_input_mux.east_i [2] ->                     
$flatten\i_dut.\x_grid_loop[0].y_grid_loop[1].fpga_bb_i.\clb_input_mux[1].i_clb_
input_mux.$procmux$111.B_AND_S [6]                                              
                                              \i_dut.x_grid_loop[0].y_grid_loop[
1].fpga_bb_i.clb_input_mux[0].i_clb_input_mux.east_i [2] ->                     
$flatten\i_dut.\x_grid_loop[0].y_grid_loop[1].fpga_bb_i.\clb_input_mux[2].i_clb_
input_mux.$procmux$111.B_AND_S [6]                                              
                                              \i_dut.x_grid_loop[0].y_grid_loop[
1].fpga_bb_i.clb_input_mux[0].i_clb_input_mux.east_i [2] ->                     
$flatten\i_dut.\x_grid_loop[0].y_grid_loop[1].fpga_bb_i.\clb_input_mux[3].i_clb_
input_mux.$procmux$111.B_AND_S [6]                                              
Breaking loop using new signal $abcloop$1972:                                   
\i_dut.x_grid_loop[0].y_grid_loop[1].fpga_bb_i.clb_input_mux[0].i_clb_input_mux.
east_i [0] ->                                                                   
$flatten\i_dut.\x_grid_loop[0].y_grid_loop[1].fpga_bb_i.\i_fabric_switch.$ternar
y$/Users/yuri/Documents/5_projects/swisschips-fpga/tt-fpga/src/tt-fpga/fabric_sw
itch.sv:81$64_Y                                                                 
                                              \i_dut.x_grid_loop[0].y_grid_loop[
1].fpga_bb_i.clb_input_mux[0].i_clb_input_mux.east_i [0] ->                     
$flatten\i_dut.\x_grid_loop[0].y_grid_loop[1].fpga_bb_i.\clb_input_mux[0].i_clb_
input_mux.$procmux$111.B_AND_S [4]                                              
                                              \i_dut.x_grid_loop[0].y_grid_loop[
1].fpga_bb_i.clb_input_mux[0].i_clb_input_mux.east_i [0] ->                     
$flatten\i_dut.\x_grid_loop[0].y_grid_loop[1].fpga_bb_i.\clb_input_mux[1].i_clb_
input_mux.$procmux$111.B_AND_S [4]                                              
                                              \i_dut.x_grid_loop[0].y_grid_loop[
1].fpga_bb_i.clb_input_mux[0].i_clb_input_mux.east_i [0] ->                     
$flatten\i_dut.\x_grid_loop[0].y_grid_loop[1].fpga_bb_i.\clb_input_mux[2].i_clb_
input_mux.$procmux$111.B_AND_S [4]                                              
                                              \i_dut.x_grid_loop[0].y_grid_loop[
1].fpga_bb_i.clb_input_mux[0].i_clb_input_mux.east_i [0] ->                     
$flatten\i_dut.\x_grid_loop[0].y_grid_loop[1].fpga_bb_i.\clb_input_mux[3].i_clb_
input_mux.$procmux$111.B_AND_S [4]                                              
Breaking loop using new signal $abcloop$1973:                                   
\i_dut.x_grid_loop[1].y_grid_loop[0].fpga_bb_i.clb_input_mux[0].i_clb_input_mux.
north_i [2] ->                                                                  
$flatten\i_dut.\x_grid_loop[1].y_grid_loop[0].fpga_bb_i.\i_fabric_switch.$ternar
y$/Users/yuri/Documents/5_projects/swisschips-fpga/tt-fpga/src/tt-fpga/fabric_sw
itch.sv:72$66_Y                                                                 
                                              \i_dut.x_grid_loop[1].y_grid_loop[
0].fpga_bb_i.clb_input_mux[0].i_clb_input_mux.north_i [2] ->                    
$flatten\i_dut.\x_grid_loop[1].y_grid_loop[0].fpga_bb_i.\clb_input_mux[0].i_clb_
input_mux.$procmux$111.B_AND_S [10]                                             
                                              \i_dut.x_grid_loop[1].y_grid_loop[
0].fpga_bb_i.clb_input_mux[0].i_clb_input_mux.north_i [2] ->                    
$flatten\i_dut.\x_grid_loop[1].y_grid_loop[0].fpga_bb_i.\clb_input_mux[1].i_clb_
input_mux.$procmux$111.B_AND_S [10]                                             
                                              \i_dut.x_grid_loop[1].y_grid_loop[
0].fpga_bb_i.clb_input_mux[0].i_clb_input_mux.north_i [2] ->                    
$flatten\i_dut.\x_grid_loop[1].y_grid_loop[0].fpga_bb_i.\clb_input_mux[2].i_clb_
input_mux.$procmux$111.B_AND_S [10]                                             
                                              \i_dut.x_grid_loop[1].y_grid_loop[
0].fpga_bb_i.clb_input_mux[0].i_clb_input_mux.north_i [2] ->                    
$flatten\i_dut.\x_grid_loop[1].y_grid_loop[0].fpga_bb_i.\clb_input_mux[3].i_clb_
input_mux.$procmux$111.B_AND_S [10]                                             
Breaking loop using new signal $abcloop$1974:                                   
\i_dut.x_grid_loop[1].y_grid_loop[0].fpga_bb_i.clb_input_mux[0].i_clb_input_mux.
north_i [0] ->                                                                  
$flatten\i_dut.\x_grid_loop[1].y_grid_loop[0].fpga_bb_i.\i_fabric_switch.$ternar
y$/Users/yuri/Documents/5_projects/swisschips-fpga/tt-fpga/src/tt-fpga/fabric_sw
itch.sv:72$58_Y                                                                 
                                              \i_dut.x_grid_loop[1].y_grid_loop[
0].fpga_bb_i.clb_input_mux[0].i_clb_input_mux.north_i [0] ->                    
$flatten\i_dut.\x_grid_loop[1].y_grid_loop[0].fpga_bb_i.\clb_input_mux[0].i_clb_
input_mux.$procmux$111.B_AND_S [8]                                              
                                              \i_dut.x_grid_loop[1].y_grid_loop[
0].fpga_bb_i.clb_input_mux[0].i_clb_input_mux.north_i [0] ->                    
$flatten\i_dut.\x_grid_loop[1].y_grid_loop[0].fpga_bb_i.\clb_input_mux[1].i_clb_
input_mux.$procmux$111.B_AND_S [8]                                              
                                              \i_dut.x_grid_loop[1].y_grid_loop[
0].fpga_bb_i.clb_input_mux[0].i_clb_input_mux.north_i [0] ->                    
$flatten\i_dut.\x_grid_loop[1].y_grid_loop[0].fpga_bb_i.\clb_input_mux[2].i_clb_
input_mux.$procmux$111.B_AND_S [8]                                              
                                              \i_dut.x_grid_loop[1].y_grid_loop[
0].fpga_bb_i.clb_input_mux[0].i_clb_input_mux.north_i [0] ->                    
$flatten\i_dut.\x_grid_loop[1].y_grid_loop[0].fpga_bb_i.\clb_input_mux[3].i_clb_
input_mux.$procmux$111.B_AND_S [8]                                              
                                                                                
102.1.1. Executed ABC.                                                          
Extracted 504 gates and 709 wires to a netlist network with 204 inputs and 24   
outputs.                                                                        
Running ABC script: <abc-temp-dir>/abc.script                                   
ABC: ======== ABC command line "source <abc-temp-dir>/abc.script"               
ABC: + read_blif <abc-temp-dir>/input.blif                                      
ABC: + read_library /tmp/yosys-abc-wydFhI/stdcells.genlib                       
ABC: + strash                                                                   
ABC: + dretime                                                                  
ABC: + map                                                                      
ABC: + write_blif <abc-temp-dir>/output.blif                                    
                                                                                
102.1.2. Re-integrating ABC results.                                            
ABC RESULTS:               AND cells:       17                                  
ABC RESULTS:            ANDNOT cells:       85                                  
ABC RESULTS:               MUX cells:      154                                  
ABC RESULTS:              NAND cells:       19                                  
ABC RESULTS:               NOR cells:       14                                  
ABC RESULTS:               NOT cells:       53                                  
ABC RESULTS:                OR cells:       70                                  
ABC RESULTS:             ORNOT cells:       19                                  
ABC RESULTS:              XNOR cells:        1                                  
ABC RESULTS:               XOR cells:        5                                  
ABC RESULTS:        internal signals:      481                                  
ABC RESULTS:           input signals:      204                                  
ABC RESULTS:          output signals:       24                                  
Removing temp directory.                                                        
Removing global temp directory.                                                 
                                                                                
103. Executing OPT pass (performing simple optimizations).                      
                                                                                
103.1. Executing OPT_EXPR pass (perform const folding).                         
Optimizing module tt_um_yuri_fpga.                                              
Couldn't topologically sort cells, optimizing module tt_um_yuri_fpga may take a 
longer time.                                                                    
Couldn't topologically sort cells, optimizing module tt_um_yuri_fpga may take a 
longer time.                                                                    
Couldn't topologically sort cells, optimizing module tt_um_yuri_fpga may take a 
longer time.                                                                    
<suppressed ~33 debug messages>                                                 
                                                                                
103.2. Executing OPT_MERGE pass (detect identical cells).                       
Finding identical cells in module `\tt_um_yuri_fpga'.                           
Computing hashes of 710 cells of `\tt_um_yuri_fpga'.                            
Finding duplicate cells in `\tt_um_yuri_fpga'.                                  
Removed a total of 0 cells.                                                     
                                                                                
103.3. Executing OPT_DFF pass (perform DFF optimizations).                      
                                                                                
103.4. Executing OPT_CLEAN pass (remove unused cells and wires).                
Finding unused cells or wires in module \tt_um_yuri_fpga..                      
Removed 17 unused cells and 529 unused wires.                                   
<suppressed ~72 debug messages>                                                 
                                                                                
103.5. Finished fast OPT passes.                                                
                                                                                
104. Executing HIERARCHY pass (managing design hierarchy).                      
                                                                                
104.1. Analyzing design hierarchy..                                             
Top module:  \tt_um_yuri_fpga                                                   
                                                                                
104.2. Analyzing design hierarchy..                                             
Top module:  \tt_um_yuri_fpga                                                   
Removed 0 unused modules.                                                       
                                                                                
105. Executing CHECK pass (checking for obvious problems).                      
Checking module tt_um_yuri_fpga...                                              
Warning: found logic loop in module tt_um_yuri_fpga:                            
    cell $abc$1958$auto$blifparse.cc:397:parse_blif$1977 ($_MUX_)               
      (cell's internal connectivity overapproximated; loop may be a false       
positive)                                                                       
    cell $abc$1958$auto$blifparse.cc:397:parse_blif$1978 ($_MUX_)               
      (cell's internal connectivity overapproximated; loop may be a false       
positive)                                                                       
    wire \i_dut.west_grid [10] source:                                          
/Users/yuri/Documents/5_projects/swisschips-fpga/tt-fpga/src/tt-fpga/fpga_grid.s
v:29.51-29.60                                                                   
    cell $abc$1958$auto$blifparse.cc:397:parse_blif$1997 ($_NAND_)              
      (cell's internal connectivity overapproximated; loop may be a false       
positive)                                                                       
    cell $abc$1958$auto$blifparse.cc:397:parse_blif$1998 ($_MUX_)               
      (cell's internal connectivity overapproximated; loop may be a false       
positive)                                                                       
    cell $abc$1958$auto$blifparse.cc:397:parse_blif$2150 ($_ANDNOT_)            
      (cell's internal connectivity overapproximated; loop may be a false       
positive)                                                                       
    cell $abc$1958$auto$blifparse.cc:397:parse_blif$2151 ($_NOT_)               
      (cell's internal connectivity overapproximated; loop may be a false       
positive)                                                                       
    cell $abc$1958$auto$blifparse.cc:397:parse_blif$2152 ($_MUX_)               
      (cell's internal connectivity overapproximated; loop may be a false       
positive)                                                                       
    cell $abc$1958$auto$blifparse.cc:397:parse_blif$2274 ($_ANDNOT_)            
      (cell's internal connectivity overapproximated; loop may be a false       
positive)                                                                       
    cell $abc$1958$auto$blifparse.cc:397:parse_blif$2275 ($_MUX_)               
      (cell's internal connectivity overapproximated; loop may be a false       
positive)                                                                       
    wire \i_dut.south_grid [14] source:                                         
/Users/yuri/Documents/5_projects/swisschips-fpga/tt-fpga/src/tt-fpga/fpga_grid.s
v:32.51-32.61                                                                   
Warning: found logic loop in module tt_um_yuri_fpga:                            
    cell $abc$1958$auto$blifparse.cc:397:parse_blif$1978 ($_MUX_)               
      (cell's internal connectivity overapproximated; loop may be a false       
positive)                                                                       
    wire \i_dut.west_grid [10] source:                                          
/Users/yuri/Documents/5_projects/swisschips-fpga/tt-fpga/src/tt-fpga/fpga_grid.s
v:29.51-29.60                                                                   
    cell $abc$1958$auto$blifparse.cc:397:parse_blif$1997 ($_NAND_)              
      (cell's internal connectivity overapproximated; loop may be a false       
positive)                                                                       
    cell $abc$1958$auto$blifparse.cc:397:parse_blif$1998 ($_MUX_)               
      (cell's internal connectivity overapproximated; loop may be a false       
positive)                                                                       
    cell $abc$1958$auto$blifparse.cc:397:parse_blif$2150 ($_ANDNOT_)            
      (cell's internal connectivity overapproximated; loop may be a false       
positive)                                                                       
    cell $abc$1958$auto$blifparse.cc:397:parse_blif$2151 ($_NOT_)               
      (cell's internal connectivity overapproximated; loop may be a false       
positive)                                                                       
    cell $abc$1958$auto$blifparse.cc:397:parse_blif$2152 ($_MUX_)               
      (cell's internal connectivity overapproximated; loop may be a false       
positive)                                                                       
    cell $abc$1958$auto$blifparse.cc:397:parse_blif$2274 ($_ANDNOT_)            
      (cell's internal connectivity overapproximated; loop may be a false       
positive)                                                                       
    cell $abc$1958$auto$blifparse.cc:397:parse_blif$2275 ($_MUX_)               
      (cell's internal connectivity overapproximated; loop may be a false       
positive)                                                                       
    wire \i_dut.south_grid [14] source:                                         
/Users/yuri/Documents/5_projects/swisschips-fpga/tt-fpga/src/tt-fpga/fpga_grid.s
v:32.51-32.61                                                                   
    cell $abc$1958$auto$blifparse.cc:397:parse_blif$2332 ($_ANDNOT_)            
      (cell's internal connectivity overapproximated; loop may be a false       
positive)                                                                       
    cell $abc$1958$auto$blifparse.cc:397:parse_blif$2333 ($_OR_)                
      (cell's internal connectivity overapproximated; loop may be a false       
positive)                                                                       
    cell $abc$1958$auto$blifparse.cc:397:parse_blif$2334 ($_MUX_)               
      (cell's internal connectivity overapproximated; loop may be a false       
positive)                                                                       
    cell $abc$1958$auto$blifparse.cc:397:parse_blif$2337 ($_MUX_)               
      (cell's internal connectivity overapproximated; loop may be a false       
positive)                                                                       
    cell $abc$1958$auto$blifparse.cc:397:parse_blif$2338 ($_MUX_)               
      (cell's internal connectivity overapproximated; loop may be a false       
positive)                                                                       
    wire                                                                        
\i_dut.x_grid_loop[1].y_grid_loop[0].fpga_bb_i.clb_input_mux[0].i_clb_input_mux.
output_o source:                                                                
/Users/yuri/Documents/5_projects/swisschips-fpga/tt-fpga/src/tt-fpga/input_mux.s
v:20.18-20.26                                                                   
    cell $abc$1958$auto$blifparse.cc:397:parse_blif$2209 ($_MUX_)               
      (cell's internal connectivity overapproximated; loop may be a false       
positive)                                                                       
    cell $abc$1958$auto$blifparse.cc:397:parse_blif$2234 ($_MUX_)               
      (cell's internal connectivity overapproximated; loop may be a false       
positive)                                                                       
    cell $abc$1958$auto$blifparse.cc:397:parse_blif$2257 ($_MUX_)               
      (cell's internal connectivity overapproximated; loop may be a false       
positive)                                                                       
    cell $abc$1958$auto$blifparse.cc:397:parse_blif$2372 ($_MUX_)               
      (cell's internal connectivity overapproximated; loop may be a false       
positive)                                                                       
    cell $abc$1958$auto$blifparse.cc:397:parse_blif$2374 ($_MUX_)               
      (cell's internal connectivity overapproximated; loop may be a false       
positive)                                                                       
    wire \i_dut.x_grid_loop[1].y_grid_loop[0].fpga_bb_i.i_clb.adder_stage_result
source:                                                                         
/Users/yuri/Documents/5_projects/swisschips-fpga/tt-fpga/src/tt-fpga/configurabl
e_logic_block.sv:74.11-74.29                                                    
    cell $abc$1958$auto$blifparse.cc:397:parse_blif$2375 ($_MUX_)               
      (cell's internal connectivity overapproximated; loop may be a false       
positive)                                                                       
    wire \i_dut.x_grid_loop[1].y_grid_loop[0].fpga_bb_i.clb_output source:      
/Users/yuri/Documents/5_projects/swisschips-fpga/tt-fpga/src/tt-fpga/fpga_buildi
ng_block.sv:34.11-34.21                                                         
Warning: found logic loop in module tt_um_yuri_fpga:                            
    cell $abc$1958$auto$blifparse.cc:397:parse_blif$1979 ($_ANDNOT_)            
      (cell's internal connectivity overapproximated; loop may be a false       
positive)                                                                       
    cell $abc$1958$auto$blifparse.cc:397:parse_blif$2131 ($_MUX_)               
      (cell's internal connectivity overapproximated; loop may be a false       
positive)                                                                       
    wire \i_dut.south_grid [4] source:                                          
/Users/yuri/Documents/5_projects/swisschips-fpga/tt-fpga/src/tt-fpga/fpga_grid.s
v:32.51-32.61                                                                   
    cell $abc$1958$auto$blifparse.cc:397:parse_blif$2278 ($_MUX_)               
      (cell's internal connectivity overapproximated; loop may be a false       
positive)                                                                       
    cell $abc$1958$auto$blifparse.cc:397:parse_blif$2279 ($_MUX_)               
      (cell's internal connectivity overapproximated; loop may be a false       
positive)                                                                       
    wire \i_dut.east_grid [0] source:                                           
/Users/yuri/Documents/5_projects/swisschips-fpga/tt-fpga/src/tt-fpga/fpga_grid.s
v:31.51-31.60                                                                   
    cell $abc$1958$auto$blifparse.cc:397:parse_blif$2326 ($_MUX_)               
      (cell's internal connectivity overapproximated; loop may be a false       
positive)                                                                       
    cell $abc$1958$auto$blifparse.cc:397:parse_blif$2330 ($_MUX_)               
      (cell's internal connectivity overapproximated; loop may be a false       
positive)                                                                       
    cell $abc$1958$auto$blifparse.cc:397:parse_blif$2338 ($_MUX_)               
      (cell's internal connectivity overapproximated; loop may be a false       
positive)                                                                       
    wire                                                                        
\i_dut.x_grid_loop[1].y_grid_loop[0].fpga_bb_i.clb_input_mux[0].i_clb_input_mux.
output_o source:                                                                
/Users/yuri/Documents/5_projects/swisschips-fpga/tt-fpga/src/tt-fpga/input_mux.s
v:20.18-20.26                                                                   
    cell $abc$1958$auto$blifparse.cc:397:parse_blif$2209 ($_MUX_)               
      (cell's internal connectivity overapproximated; loop may be a false       
positive)                                                                       
    cell $abc$1958$auto$blifparse.cc:397:parse_blif$2234 ($_MUX_)               
      (cell's internal connectivity overapproximated; loop may be a false       
positive)                                                                       
    cell $abc$1958$auto$blifparse.cc:397:parse_blif$2257 ($_MUX_)               
      (cell's internal connectivity overapproximated; loop may be a false       
positive)                                                                       
    cell $abc$1958$auto$blifparse.cc:397:parse_blif$2372 ($_MUX_)               
      (cell's internal connectivity overapproximated; loop may be a false       
positive)                                                                       
    cell $abc$1958$auto$blifparse.cc:397:parse_blif$2374 ($_MUX_)               
      (cell's internal connectivity overapproximated; loop may be a false       
positive)                                                                       
    wire \i_dut.x_grid_loop[1].y_grid_loop[0].fpga_bb_i.i_clb.adder_stage_result
source:                                                                         
/Users/yuri/Documents/5_projects/swisschips-fpga/tt-fpga/src/tt-fpga/configurabl
e_logic_block.sv:74.11-74.29                                                    
    cell $abc$1958$auto$blifparse.cc:397:parse_blif$2375 ($_MUX_)               
      (cell's internal connectivity overapproximated; loop may be a false       
positive)                                                                       
    wire \i_dut.x_grid_loop[1].y_grid_loop[0].fpga_bb_i.clb_output source:      
/Users/yuri/Documents/5_projects/swisschips-fpga/tt-fpga/src/tt-fpga/fpga_buildi
ng_block.sv:34.11-34.21                                                         
    cell $abc$1958$auto$blifparse.cc:397:parse_blif$2135 ($_MUX_)               
      (cell's internal connectivity overapproximated; loop may be a false       
positive)                                                                       
    cell $abc$1958$auto$blifparse.cc:397:parse_blif$2136 ($_ANDNOT_)            
      (cell's internal connectivity overapproximated; loop may be a false       
positive)                                                                       
    cell $abc$1958$auto$blifparse.cc:397:parse_blif$2269 ($_MUX_)               
      (cell's internal connectivity overapproximated; loop may be a false       
positive)                                                                       
    wire \i_dut.west_grid [12] source:                                          
/Users/yuri/Documents/5_projects/swisschips-fpga/tt-fpga/src/tt-fpga/fpga_grid.s
v:29.51-29.60                                                                   
Warning: found logic loop in module tt_um_yuri_fpga:                            
    cell $abc$1958$auto$blifparse.cc:397:parse_blif$1984 ($_NOT_)               
      (cell's internal connectivity overapproximated; loop may be a false       
positive)                                                                       
    cell $abc$1958$auto$blifparse.cc:397:parse_blif$1986 ($_MUX_)               
      (cell's internal connectivity overapproximated; loop may be a false       
positive)                                                                       
    cell $abc$1958$auto$blifparse.cc:397:parse_blif$2304 ($_NOR_)               
      (cell's internal connectivity overapproximated; loop may be a false       
positive)                                                                       
    cell $abc$1958$auto$blifparse.cc:397:parse_blif$2307 ($_OR_)                
      (cell's internal connectivity overapproximated; loop may be a false       
positive)                                                                       
    cell $abc$1958$auto$blifparse.cc:397:parse_blif$2309 ($_ANDNOT_)            
      (cell's internal connectivity overapproximated; loop may be a false       
positive)                                                                       
    cell $abc$1958$auto$blifparse.cc:397:parse_blif$2311 ($_MUX_)               
      (cell's internal connectivity overapproximated; loop may be a false       
positive)                                                                       
    cell $abc$1958$auto$blifparse.cc:397:parse_blif$2318 ($_MUX_)               
      (cell's internal connectivity overapproximated; loop may be a false       
positive)                                                                       
    wire                                                                        
\i_dut.x_grid_loop[0].y_grid_loop[1].fpga_bb_i.clb_input_mux[0].i_clb_input_mux.
output_o source:                                                                
/Users/yuri/Documents/5_projects/swisschips-fpga/tt-fpga/src/tt-fpga/input_mux.s
v:20.18-20.26                                                                   
    cell $abc$1958$auto$blifparse.cc:397:parse_blif$1982 ($_MUX_)               
      (cell's internal connectivity overapproximated; loop may be a false       
positive)                                                                       
    cell $abc$1958$auto$blifparse.cc:397:parse_blif$2008 ($_MUX_)               
      (cell's internal connectivity overapproximated; loop may be a false       
positive)                                                                       
    cell $abc$1958$auto$blifparse.cc:397:parse_blif$2029 ($_MUX_)               
      (cell's internal connectivity overapproximated; loop may be a false       
positive)                                                                       
    cell $abc$1958$auto$blifparse.cc:397:parse_blif$2047 ($_NAND_)              
      (cell's internal connectivity overapproximated; loop may be a false       
positive)                                                                       
    cell $abc$1958$auto$blifparse.cc:397:parse_blif$2060 ($_ANDNOT_)            
      (cell's internal connectivity overapproximated; loop may be a false       
positive)                                                                       
    cell $abc$1958$auto$blifparse.cc:397:parse_blif$2128 ($_MUX_)               
      (cell's internal connectivity overapproximated; loop may be a false       
positive)                                                                       
    cell $abc$1958$auto$blifparse.cc:397:parse_blif$2129 ($_MUX_)               
      (cell's internal connectivity overapproximated; loop may be a false       
positive)                                                                       
    cell $abc$1958$auto$blifparse.cc:397:parse_blif$2142 ($_MUX_)               
      (cell's internal connectivity overapproximated; loop may be a false       
positive)                                                                       
    cell $abc$1958$auto$blifparse.cc:397:parse_blif$2340 ($_NOT_)               
      (cell's internal connectivity overapproximated; loop may be a false       
positive)                                                                       
    cell $abc$1958$auto$blifparse.cc:397:parse_blif$2344 ($_MUX_)               
      (cell's internal connectivity overapproximated; loop may be a false       
positive)                                                                       
    cell $abc$1958$auto$blifparse.cc:397:parse_blif$2346 ($_MUX_)               
      (cell's internal connectivity overapproximated; loop may be a false       
positive)                                                                       
    cell $abc$1958$auto$blifparse.cc:397:parse_blif$2352 ($_MUX_)               
      (cell's internal connectivity overapproximated; loop may be a false       
positive)                                                                       
    wire                                                                        
\i_dut.x_grid_loop[1].y_grid_loop[1].fpga_bb_i.clb_input_mux[0].i_clb_input_mux.
output_o source:                                                                
/Users/yuri/Documents/5_projects/swisschips-fpga/tt-fpga/src/tt-fpga/input_mux.s
v:20.18-20.26                                                                   
    cell $abc$1958$auto$blifparse.cc:397:parse_blif$2137 ($_MUX_)               
      (cell's internal connectivity overapproximated; loop may be a false       
positive)                                                                       
    cell $abc$1958$auto$blifparse.cc:397:parse_blif$2138 ($_NOT_)               
      (cell's internal connectivity overapproximated; loop may be a false       
positive)                                                                       
    cell $abc$1958$auto$blifparse.cc:397:parse_blif$2163 ($_MUX_)               
      (cell's internal connectivity overapproximated; loop may be a false       
positive)                                                                       
    cell $abc$1958$auto$blifparse.cc:397:parse_blif$2181 ($_MUX_)               
      (cell's internal connectivity overapproximated; loop may be a false       
positive)                                                                       
    cell $abc$1958$auto$blifparse.cc:397:parse_blif$2194 ($_ANDNOT_)            
      (cell's internal connectivity overapproximated; loop may be a false       
positive)                                                                       
    cell $abc$1958$auto$blifparse.cc:397:parse_blif$2207 ($_ORNOT_)             
      (cell's internal connectivity overapproximated; loop may be a false       
positive)                                                                       
    cell $abc$1958$auto$blifparse.cc:397:parse_blif$2267 ($_MUX_)               
      (cell's internal connectivity overapproximated; loop may be a false       
positive)                                                                       
    wire \i_dut.x_grid_loop[1].y_grid_loop[1].fpga_bb_i.i_clb.adder_stage_result
source:                                                                         
/Users/yuri/Documents/5_projects/swisschips-fpga/tt-fpga/src/tt-fpga/configurabl
e_logic_block.sv:74.11-74.29                                                    
    cell $abc$1958$auto$blifparse.cc:397:parse_blif$2268 ($_MUX_)               
      (cell's internal connectivity overapproximated; loop may be a false       
positive)                                                                       
    cell $abc$1958$auto$blifparse.cc:397:parse_blif$2273 ($_MUX_)               
      (cell's internal connectivity overapproximated; loop may be a false       
positive)                                                                       
    wire \i_dut.south_grid [12] source:                                         
/Users/yuri/Documents/5_projects/swisschips-fpga/tt-fpga/src/tt-fpga/fpga_grid.s
v:32.51-32.61                                                                   
    cell $abc$1958$auto$blifparse.cc:397:parse_blif$1975 ($_MUX_)               
      (cell's internal connectivity overapproximated; loop may be a false       
positive)                                                                       
    cell $abc$1958$auto$blifparse.cc:397:parse_blif$1976 ($_MUX_)               
      (cell's internal connectivity overapproximated; loop may be a false       
positive)                                                                       
    wire \i_dut.west_grid [8] source:                                           
/Users/yuri/Documents/5_projects/swisschips-fpga/tt-fpga/src/tt-fpga/fpga_grid.s
v:29.51-29.60                                                                   
    cell $abc$1958$auto$blifparse.cc:397:parse_blif$2284 ($_AND_)               
      (cell's internal connectivity overapproximated; loop may be a false       
positive)                                                                       
    cell $abc$1958$auto$blifparse.cc:397:parse_blif$2285 ($_OR_)                
      (cell's internal connectivity overapproximated; loop may be a false       
positive)                                                                       
    cell $abc$1958$auto$blifparse.cc:397:parse_blif$2288 ($_OR_)                
      (cell's internal connectivity overapproximated; loop may be a false       
positive)                                                                       
    cell $abc$1958$auto$blifparse.cc:397:parse_blif$2290 ($_ANDNOT_)            
      (cell's internal connectivity overapproximated; loop may be a false       
positive)                                                                       
    cell $abc$1958$auto$blifparse.cc:397:parse_blif$2292 ($_MUX_)               
      (cell's internal connectivity overapproximated; loop may be a false       
positive)                                                                       
    cell $abc$1958$auto$blifparse.cc:397:parse_blif$2301 ($_MUX_)               
      (cell's internal connectivity overapproximated; loop may be a false       
positive)                                                                       
    wire                                                                        
\i_dut.x_grid_loop[0].y_grid_loop[0].fpga_bb_i.clb_input_mux[0].i_clb_input_mux.
output_o source:                                                                
/Users/yuri/Documents/5_projects/swisschips-fpga/tt-fpga/src/tt-fpga/input_mux.s
v:20.18-20.26                                                                   
    cell $abc$1958$auto$blifparse.cc:397:parse_blif$2062 ($_MUX_)               
      (cell's internal connectivity overapproximated; loop may be a false       
positive)                                                                       
    cell $abc$1958$auto$blifparse.cc:397:parse_blif$2088 ($_MUX_)               
      (cell's internal connectivity overapproximated; loop may be a false       
positive)                                                                       
    cell $abc$1958$auto$blifparse.cc:397:parse_blif$2114 ($_MUX_)               
      (cell's internal connectivity overapproximated; loop may be a false       
positive)                                                                       
    cell $abc$1958$auto$blifparse.cc:397:parse_blif$2404 ($_MUX_)               
      (cell's internal connectivity overapproximated; loop may be a false       
positive)                                                                       
    cell $abc$1958$auto$blifparse.cc:397:parse_blif$2406 ($_MUX_)               
      (cell's internal connectivity overapproximated; loop may be a false       
positive)                                                                       
    wire \i_dut.x_grid_loop[0].y_grid_loop[0].fpga_bb_i.i_clb.adder_stage_result
source:                                                                         
/Users/yuri/Documents/5_projects/swisschips-fpga/tt-fpga/src/tt-fpga/configurabl
e_logic_block.sv:74.11-74.29                                                    
    cell $abc$1958$auto$blifparse.cc:397:parse_blif$2407 ($_MUX_)               
      (cell's internal connectivity overapproximated; loop may be a false       
positive)                                                                       
    wire \i_dut.x_grid_loop[0].y_grid_loop[0].fpga_bb_i.clb_output source:      
/Users/yuri/Documents/5_projects/swisschips-fpga/tt-fpga/src/tt-fpga/fpga_buildi
ng_block.sv:34.11-34.21                                                         
Warning: found logic loop in module tt_um_yuri_fpga:                            
    cell $abc$1958$auto$blifparse.cc:397:parse_blif$1985 ($_NAND_)              
      (cell's internal connectivity overapproximated; loop may be a false       
positive)                                                                       
    cell $abc$1958$auto$blifparse.cc:397:parse_blif$1986 ($_MUX_)               
      (cell's internal connectivity overapproximated; loop may be a false       
positive)                                                                       
    cell $abc$1958$auto$blifparse.cc:397:parse_blif$2304 ($_NOR_)               
      (cell's internal connectivity overapproximated; loop may be a false       
positive)                                                                       
    cell $abc$1958$auto$blifparse.cc:397:parse_blif$2307 ($_OR_)                
      (cell's internal connectivity overapproximated; loop may be a false       
positive)                                                                       
    cell $abc$1958$auto$blifparse.cc:397:parse_blif$2309 ($_ANDNOT_)            
      (cell's internal connectivity overapproximated; loop may be a false       
positive)                                                                       
    cell $abc$1958$auto$blifparse.cc:397:parse_blif$2311 ($_MUX_)               
      (cell's internal connectivity overapproximated; loop may be a false       
positive)                                                                       
    cell $abc$1958$auto$blifparse.cc:397:parse_blif$2318 ($_MUX_)               
      (cell's internal connectivity overapproximated; loop may be a false       
positive)                                                                       
    wire                                                                        
\i_dut.x_grid_loop[0].y_grid_loop[1].fpga_bb_i.clb_input_mux[0].i_clb_input_mux.
output_o source:                                                                
/Users/yuri/Documents/5_projects/swisschips-fpga/tt-fpga/src/tt-fpga/input_mux.s
v:20.18-20.26                                                                   
    cell $abc$1958$auto$blifparse.cc:397:parse_blif$1982 ($_MUX_)               
      (cell's internal connectivity overapproximated; loop may be a false       
positive)                                                                       
    cell $abc$1958$auto$blifparse.cc:397:parse_blif$2008 ($_MUX_)               
      (cell's internal connectivity overapproximated; loop may be a false       
positive)                                                                       
    cell $abc$1958$auto$blifparse.cc:397:parse_blif$2029 ($_MUX_)               
      (cell's internal connectivity overapproximated; loop may be a false       
positive)                                                                       
    cell $abc$1958$auto$blifparse.cc:397:parse_blif$2047 ($_NAND_)              
      (cell's internal connectivity overapproximated; loop may be a false       
positive)                                                                       
    cell $abc$1958$auto$blifparse.cc:397:parse_blif$2060 ($_ANDNOT_)            
      (cell's internal connectivity overapproximated; loop may be a false       
positive)                                                                       
    cell $abc$1958$auto$blifparse.cc:397:parse_blif$2128 ($_MUX_)               
      (cell's internal connectivity overapproximated; loop may be a false       
positive)                                                                       
    cell $abc$1958$auto$blifparse.cc:397:parse_blif$2129 ($_MUX_)               
      (cell's internal connectivity overapproximated; loop may be a false       
positive)                                                                       
    cell $abc$1958$auto$blifparse.cc:397:parse_blif$2142 ($_MUX_)               
      (cell's internal connectivity overapproximated; loop may be a false       
positive)                                                                       
    cell $abc$1958$auto$blifparse.cc:397:parse_blif$2340 ($_NOT_)               
      (cell's internal connectivity overapproximated; loop may be a false       
positive)                                                                       
    cell $abc$1958$auto$blifparse.cc:397:parse_blif$2344 ($_MUX_)               
      (cell's internal connectivity overapproximated; loop may be a false       
positive)                                                                       
    cell $abc$1958$auto$blifparse.cc:397:parse_blif$2346 ($_MUX_)               
      (cell's internal connectivity overapproximated; loop may be a false       
positive)                                                                       
    cell $abc$1958$auto$blifparse.cc:397:parse_blif$2352 ($_MUX_)               
      (cell's internal connectivity overapproximated; loop may be a false       
positive)                                                                       
    wire                                                                        
\i_dut.x_grid_loop[1].y_grid_loop[1].fpga_bb_i.clb_input_mux[0].i_clb_input_mux.
output_o source:                                                                
/Users/yuri/Documents/5_projects/swisschips-fpga/tt-fpga/src/tt-fpga/input_mux.s
v:20.18-20.26                                                                   
    cell $abc$1958$auto$blifparse.cc:397:parse_blif$2137 ($_MUX_)               
      (cell's internal connectivity overapproximated; loop may be a false       
positive)                                                                       
    cell $abc$1958$auto$blifparse.cc:397:parse_blif$2138 ($_NOT_)               
      (cell's internal connectivity overapproximated; loop may be a false       
positive)                                                                       
    cell $abc$1958$auto$blifparse.cc:397:parse_blif$2163 ($_MUX_)               
      (cell's internal connectivity overapproximated; loop may be a false       
positive)                                                                       
    cell $abc$1958$auto$blifparse.cc:397:parse_blif$2181 ($_MUX_)               
      (cell's internal connectivity overapproximated; loop may be a false       
positive)                                                                       
    cell $abc$1958$auto$blifparse.cc:397:parse_blif$2194 ($_ANDNOT_)            
      (cell's internal connectivity overapproximated; loop may be a false       
positive)                                                                       
    cell $abc$1958$auto$blifparse.cc:397:parse_blif$2207 ($_ORNOT_)             
      (cell's internal connectivity overapproximated; loop may be a false       
positive)                                                                       
    cell $abc$1958$auto$blifparse.cc:397:parse_blif$2267 ($_MUX_)               
      (cell's internal connectivity overapproximated; loop may be a false       
positive)                                                                       
    wire \i_dut.x_grid_loop[1].y_grid_loop[1].fpga_bb_i.i_clb.adder_stage_result
source:                                                                         
/Users/yuri/Documents/5_projects/swisschips-fpga/tt-fpga/src/tt-fpga/configurabl
e_logic_block.sv:74.11-74.29                                                    
    cell $abc$1958$auto$blifparse.cc:397:parse_blif$2268 ($_MUX_)               
      (cell's internal connectivity overapproximated; loop may be a false       
positive)                                                                       
    cell $abc$1958$auto$blifparse.cc:397:parse_blif$2273 ($_MUX_)               
      (cell's internal connectivity overapproximated; loop may be a false       
positive)                                                                       
    wire \i_dut.south_grid [12] source:                                         
/Users/yuri/Documents/5_projects/swisschips-fpga/tt-fpga/src/tt-fpga/fpga_grid.s
v:32.51-32.61                                                                   
    cell $abc$1958$auto$blifparse.cc:397:parse_blif$1975 ($_MUX_)               
      (cell's internal connectivity overapproximated; loop may be a false       
positive)                                                                       
    cell $abc$1958$auto$blifparse.cc:397:parse_blif$1976 ($_MUX_)               
      (cell's internal connectivity overapproximated; loop may be a false       
positive)                                                                       
    wire \i_dut.west_grid [8] source:                                           
/Users/yuri/Documents/5_projects/swisschips-fpga/tt-fpga/src/tt-fpga/fpga_grid.s
v:29.51-29.60                                                                   
Warning: found logic loop in module tt_um_yuri_fpga:                            
    cell $abc$1958$auto$blifparse.cc:397:parse_blif$2068 ($_ANDNOT_)            
      (cell's internal connectivity overapproximated; loop may be a false       
positive)                                                                       
    cell $abc$1958$auto$blifparse.cc:397:parse_blif$2069 ($_ANDNOT_)            
      (cell's internal connectivity overapproximated; loop may be a false       
positive)                                                                       
    cell $abc$1958$auto$blifparse.cc:397:parse_blif$2072 ($_ANDNOT_)            
      (cell's internal connectivity overapproximated; loop may be a false       
positive)                                                                       
    cell $abc$1958$auto$blifparse.cc:397:parse_blif$2074 ($_OR_)                
      (cell's internal connectivity overapproximated; loop may be a false       
positive)                                                                       
    cell $abc$1958$auto$blifparse.cc:397:parse_blif$2076 ($_MUX_)               
      (cell's internal connectivity overapproximated; loop may be a false       
positive)                                                                       
    cell $abc$1958$auto$blifparse.cc:397:parse_blif$2086 ($_MUX_)               
      (cell's internal connectivity overapproximated; loop may be a false       
positive)                                                                       
    cell $abc$1958$auto$blifparse.cc:397:parse_blif$2119 ($_MUX_)               
      (cell's internal connectivity overapproximated; loop may be a false       
positive)                                                                       
    cell $abc$1958$auto$blifparse.cc:397:parse_blif$2125 ($_MUX_)               
      (cell's internal connectivity overapproximated; loop may be a false       
positive)                                                                       
    cell $abc$1958$auto$blifparse.cc:397:parse_blif$2126 ($_ANDNOT_)            
      (cell's internal connectivity overapproximated; loop may be a false       
positive)                                                                       
    cell $abc$1958$auto$blifparse.cc:397:parse_blif$2127 ($_XOR_)               
      (cell's internal connectivity overapproximated; loop may be a false       
positive)                                                                       
    cell $abc$1958$auto$blifparse.cc:397:parse_blif$2128 ($_MUX_)               
      (cell's internal connectivity overapproximated; loop may be a false       
positive)                                                                       
    cell $abc$1958$auto$blifparse.cc:397:parse_blif$2129 ($_MUX_)               
      (cell's internal connectivity overapproximated; loop may be a false       
positive)                                                                       
    cell $abc$1958$auto$blifparse.cc:397:parse_blif$2142 ($_MUX_)               
      (cell's internal connectivity overapproximated; loop may be a false       
positive)                                                                       
    cell $abc$1958$auto$blifparse.cc:397:parse_blif$2340 ($_NOT_)               
      (cell's internal connectivity overapproximated; loop may be a false       
positive)                                                                       
    cell $abc$1958$auto$blifparse.cc:397:parse_blif$2344 ($_MUX_)               
      (cell's internal connectivity overapproximated; loop may be a false       
positive)                                                                       
    cell $abc$1958$auto$blifparse.cc:397:parse_blif$2346 ($_MUX_)               
      (cell's internal connectivity overapproximated; loop may be a false       
positive)                                                                       
    cell $abc$1958$auto$blifparse.cc:397:parse_blif$2352 ($_MUX_)               
      (cell's internal connectivity overapproximated; loop may be a false       
positive)                                                                       
    wire                                                                        
\i_dut.x_grid_loop[1].y_grid_loop[1].fpga_bb_i.clb_input_mux[0].i_clb_input_mux.
output_o source:                                                                
/Users/yuri/Documents/5_projects/swisschips-fpga/tt-fpga/src/tt-fpga/input_mux.s
v:20.18-20.26                                                                   
    cell $abc$1958$auto$blifparse.cc:397:parse_blif$2137 ($_MUX_)               
      (cell's internal connectivity overapproximated; loop may be a false       
positive)                                                                       
    cell $abc$1958$auto$blifparse.cc:397:parse_blif$2138 ($_NOT_)               
      (cell's internal connectivity overapproximated; loop may be a false       
positive)                                                                       
    cell $abc$1958$auto$blifparse.cc:397:parse_blif$2163 ($_MUX_)               
      (cell's internal connectivity overapproximated; loop may be a false       
positive)                                                                       
    cell $abc$1958$auto$blifparse.cc:397:parse_blif$2181 ($_MUX_)               
      (cell's internal connectivity overapproximated; loop may be a false       
positive)                                                                       
    cell $abc$1958$auto$blifparse.cc:397:parse_blif$2194 ($_ANDNOT_)            
      (cell's internal connectivity overapproximated; loop may be a false       
positive)                                                                       
    cell $abc$1958$auto$blifparse.cc:397:parse_blif$2207 ($_ORNOT_)             
      (cell's internal connectivity overapproximated; loop may be a false       
positive)                                                                       
    cell $abc$1958$auto$blifparse.cc:397:parse_blif$2267 ($_MUX_)               
      (cell's internal connectivity overapproximated; loop may be a false       
positive)                                                                       
    wire \i_dut.x_grid_loop[1].y_grid_loop[1].fpga_bb_i.i_clb.adder_stage_result
source:                                                                         
/Users/yuri/Documents/5_projects/swisschips-fpga/tt-fpga/src/tt-fpga/configurabl
e_logic_block.sv:74.11-74.29                                                    
    cell $abc$1958$auto$blifparse.cc:397:parse_blif$2268 ($_MUX_)               
      (cell's internal connectivity overapproximated; loop may be a false       
positive)                                                                       
    cell $abc$1958$auto$blifparse.cc:397:parse_blif$2273 ($_MUX_)               
      (cell's internal connectivity overapproximated; loop may be a false       
positive)                                                                       
    wire \i_dut.south_grid [12] source:                                         
/Users/yuri/Documents/5_projects/swisschips-fpga/tt-fpga/src/tt-fpga/fpga_grid.s
v:32.51-32.61                                                                   
    cell $abc$1958$auto$blifparse.cc:397:parse_blif$1975 ($_MUX_)               
      (cell's internal connectivity overapproximated; loop may be a false       
positive)                                                                       
    cell $abc$1958$auto$blifparse.cc:397:parse_blif$1976 ($_MUX_)               
      (cell's internal connectivity overapproximated; loop may be a false       
positive)                                                                       
    wire \i_dut.west_grid [8] source:                                           
/Users/yuri/Documents/5_projects/swisschips-fpga/tt-fpga/src/tt-fpga/fpga_grid.s
v:29.51-29.60                                                                   
Warning: found logic loop in module tt_um_yuri_fpga:                            
    cell $abc$1958$auto$blifparse.cc:397:parse_blif$2093 ($_ANDNOT_)            
      (cell's internal connectivity overapproximated; loop may be a false       
positive)                                                                       
    cell $abc$1958$auto$blifparse.cc:397:parse_blif$2094 ($_ANDNOT_)            
      (cell's internal connectivity overapproximated; loop may be a false       
positive)                                                                       
    cell $abc$1958$auto$blifparse.cc:397:parse_blif$2097 ($_ANDNOT_)            
      (cell's internal connectivity overapproximated; loop may be a false       
positive)                                                                       
    cell $abc$1958$auto$blifparse.cc:397:parse_blif$2099 ($_OR_)                
      (cell's internal connectivity overapproximated; loop may be a false       
positive)                                                                       
    cell $abc$1958$auto$blifparse.cc:397:parse_blif$2101 ($_MUX_)               
      (cell's internal connectivity overapproximated; loop may be a false       
positive)                                                                       
    cell $abc$1958$auto$blifparse.cc:397:parse_blif$2110 ($_MUX_)               
      (cell's internal connectivity overapproximated; loop may be a false       
positive)                                                                       
    cell $abc$1958$auto$blifparse.cc:397:parse_blif$2125 ($_MUX_)               
      (cell's internal connectivity overapproximated; loop may be a false       
positive)                                                                       
    cell $abc$1958$auto$blifparse.cc:397:parse_blif$2126 ($_ANDNOT_)            
      (cell's internal connectivity overapproximated; loop may be a false       
positive)                                                                       
    cell $abc$1958$auto$blifparse.cc:397:parse_blif$2127 ($_XOR_)               
      (cell's internal connectivity overapproximated; loop may be a false       
positive)                                                                       
    cell $abc$1958$auto$blifparse.cc:397:parse_blif$2128 ($_MUX_)               
      (cell's internal connectivity overapproximated; loop may be a false       
positive)                                                                       
    cell $abc$1958$auto$blifparse.cc:397:parse_blif$2129 ($_MUX_)               
      (cell's internal connectivity overapproximated; loop may be a false       
positive)                                                                       
    cell $abc$1958$auto$blifparse.cc:397:parse_blif$2142 ($_MUX_)               
      (cell's internal connectivity overapproximated; loop may be a false       
positive)                                                                       
    cell $abc$1958$auto$blifparse.cc:397:parse_blif$2340 ($_NOT_)               
      (cell's internal connectivity overapproximated; loop may be a false       
positive)                                                                       
    cell $abc$1958$auto$blifparse.cc:397:parse_blif$2344 ($_MUX_)               
      (cell's internal connectivity overapproximated; loop may be a false       
positive)                                                                       
    cell $abc$1958$auto$blifparse.cc:397:parse_blif$2346 ($_MUX_)               
      (cell's internal connectivity overapproximated; loop may be a false       
positive)                                                                       
    cell $abc$1958$auto$blifparse.cc:397:parse_blif$2352 ($_MUX_)               
      (cell's internal connectivity overapproximated; loop may be a false       
positive)                                                                       
    wire                                                                        
\i_dut.x_grid_loop[1].y_grid_loop[1].fpga_bb_i.clb_input_mux[0].i_clb_input_mux.
output_o source:                                                                
/Users/yuri/Documents/5_projects/swisschips-fpga/tt-fpga/src/tt-fpga/input_mux.s
v:20.18-20.26                                                                   
    cell $abc$1958$auto$blifparse.cc:397:parse_blif$2137 ($_MUX_)               
      (cell's internal connectivity overapproximated; loop may be a false       
positive)                                                                       
    cell $abc$1958$auto$blifparse.cc:397:parse_blif$2138 ($_NOT_)               
      (cell's internal connectivity overapproximated; loop may be a false       
positive)                                                                       
    cell $abc$1958$auto$blifparse.cc:397:parse_blif$2163 ($_MUX_)               
      (cell's internal connectivity overapproximated; loop may be a false       
positive)                                                                       
    cell $abc$1958$auto$blifparse.cc:397:parse_blif$2181 ($_MUX_)               
      (cell's internal connectivity overapproximated; loop may be a false       
positive)                                                                       
    cell $abc$1958$auto$blifparse.cc:397:parse_blif$2194 ($_ANDNOT_)            
      (cell's internal connectivity overapproximated; loop may be a false       
positive)                                                                       
    cell $abc$1958$auto$blifparse.cc:397:parse_blif$2207 ($_ORNOT_)             
      (cell's internal connectivity overapproximated; loop may be a false       
positive)                                                                       
    cell $abc$1958$auto$blifparse.cc:397:parse_blif$2267 ($_MUX_)               
      (cell's internal connectivity overapproximated; loop may be a false       
positive)                                                                       
    wire \i_dut.x_grid_loop[1].y_grid_loop[1].fpga_bb_i.i_clb.adder_stage_result
source:                                                                         
/Users/yuri/Documents/5_projects/swisschips-fpga/tt-fpga/src/tt-fpga/configurabl
e_logic_block.sv:74.11-74.29                                                    
    cell $abc$1958$auto$blifparse.cc:397:parse_blif$2268 ($_MUX_)               
      (cell's internal connectivity overapproximated; loop may be a false       
positive)                                                                       
    cell $abc$1958$auto$blifparse.cc:397:parse_blif$2273 ($_MUX_)               
      (cell's internal connectivity overapproximated; loop may be a false       
positive)                                                                       
    wire \i_dut.south_grid [12] source:                                         
/Users/yuri/Documents/5_projects/swisschips-fpga/tt-fpga/src/tt-fpga/fpga_grid.s
v:32.51-32.61                                                                   
    cell $abc$1958$auto$blifparse.cc:397:parse_blif$1975 ($_MUX_)               
      (cell's internal connectivity overapproximated; loop may be a false       
positive)                                                                       
    cell $abc$1958$auto$blifparse.cc:397:parse_blif$1976 ($_MUX_)               
      (cell's internal connectivity overapproximated; loop may be a false       
positive)                                                                       
    wire \i_dut.west_grid [8] source:                                           
/Users/yuri/Documents/5_projects/swisschips-fpga/tt-fpga/src/tt-fpga/fpga_grid.s
v:29.51-29.60                                                                   
Warning: found logic loop in module tt_um_yuri_fpga:                            
    cell $abc$1958$auto$blifparse.cc:397:parse_blif$2115 ($_MUX_)               
      (cell's internal connectivity overapproximated; loop may be a false       
positive)                                                                       
    cell $abc$1958$auto$blifparse.cc:397:parse_blif$2116 ($_NOT_)               
      (cell's internal connectivity overapproximated; loop may be a false       
positive)                                                                       
    cell $abc$1958$auto$blifparse.cc:397:parse_blif$2119 ($_MUX_)               
      (cell's internal connectivity overapproximated; loop may be a false       
positive)                                                                       
    cell $abc$1958$auto$blifparse.cc:397:parse_blif$2125 ($_MUX_)               
      (cell's internal connectivity overapproximated; loop may be a false       
positive)                                                                       
    cell $abc$1958$auto$blifparse.cc:397:parse_blif$2126 ($_ANDNOT_)            
      (cell's internal connectivity overapproximated; loop may be a false       
positive)                                                                       
    cell $abc$1958$auto$blifparse.cc:397:parse_blif$2127 ($_XOR_)               
      (cell's internal connectivity overapproximated; loop may be a false       
positive)                                                                       
    cell $abc$1958$auto$blifparse.cc:397:parse_blif$2128 ($_MUX_)               
      (cell's internal connectivity overapproximated; loop may be a false       
positive)                                                                       
    cell $abc$1958$auto$blifparse.cc:397:parse_blif$2129 ($_MUX_)               
      (cell's internal connectivity overapproximated; loop may be a false       
positive)                                                                       
    cell $abc$1958$auto$blifparse.cc:397:parse_blif$2142 ($_MUX_)               
      (cell's internal connectivity overapproximated; loop may be a false       
positive)                                                                       
    cell $abc$1958$auto$blifparse.cc:397:parse_blif$2340 ($_NOT_)               
      (cell's internal connectivity overapproximated; loop may be a false       
positive)                                                                       
    cell $abc$1958$auto$blifparse.cc:397:parse_blif$2344 ($_MUX_)               
      (cell's internal connectivity overapproximated; loop may be a false       
positive)                                                                       
    cell $abc$1958$auto$blifparse.cc:397:parse_blif$2346 ($_MUX_)               
      (cell's internal connectivity overapproximated; loop may be a false       
positive)                                                                       
    cell $abc$1958$auto$blifparse.cc:397:parse_blif$2352 ($_MUX_)               
      (cell's internal connectivity overapproximated; loop may be a false       
positive)                                                                       
    wire                                                                        
\i_dut.x_grid_loop[1].y_grid_loop[1].fpga_bb_i.clb_input_mux[0].i_clb_input_mux.
output_o source:                                                                
/Users/yuri/Documents/5_projects/swisschips-fpga/tt-fpga/src/tt-fpga/input_mux.s
v:20.18-20.26                                                                   
    cell $abc$1958$auto$blifparse.cc:397:parse_blif$2137 ($_MUX_)               
      (cell's internal connectivity overapproximated; loop may be a false       
positive)                                                                       
    cell $abc$1958$auto$blifparse.cc:397:parse_blif$2138 ($_NOT_)               
      (cell's internal connectivity overapproximated; loop may be a false       
positive)                                                                       
    cell $abc$1958$auto$blifparse.cc:397:parse_blif$2163 ($_MUX_)               
      (cell's internal connectivity overapproximated; loop may be a false       
positive)                                                                       
    cell $abc$1958$auto$blifparse.cc:397:parse_blif$2181 ($_MUX_)               
      (cell's internal connectivity overapproximated; loop may be a false       
positive)                                                                       
    cell $abc$1958$auto$blifparse.cc:397:parse_blif$2194 ($_ANDNOT_)            
      (cell's internal connectivity overapproximated; loop may be a false       
positive)                                                                       
    cell $abc$1958$auto$blifparse.cc:397:parse_blif$2207 ($_ORNOT_)             
      (cell's internal connectivity overapproximated; loop may be a false       
positive)                                                                       
    cell $abc$1958$auto$blifparse.cc:397:parse_blif$2267 ($_MUX_)               
      (cell's internal connectivity overapproximated; loop may be a false       
positive)                                                                       
    wire \i_dut.x_grid_loop[1].y_grid_loop[1].fpga_bb_i.i_clb.adder_stage_result
source:                                                                         
/Users/yuri/Documents/5_projects/swisschips-fpga/tt-fpga/src/tt-fpga/configurabl
e_logic_block.sv:74.11-74.29                                                    
    cell $abc$1958$auto$blifparse.cc:397:parse_blif$2268 ($_MUX_)               
      (cell's internal connectivity overapproximated; loop may be a false       
positive)                                                                       
    cell $abc$1958$auto$blifparse.cc:397:parse_blif$2273 ($_MUX_)               
      (cell's internal connectivity overapproximated; loop may be a false       
positive)                                                                       
    wire \i_dut.south_grid [12] source:                                         
/Users/yuri/Documents/5_projects/swisschips-fpga/tt-fpga/src/tt-fpga/fpga_grid.s
v:32.51-32.61                                                                   
    cell $abc$1958$auto$blifparse.cc:397:parse_blif$1975 ($_MUX_)               
      (cell's internal connectivity overapproximated; loop may be a false       
positive)                                                                       
    cell $abc$1958$auto$blifparse.cc:397:parse_blif$1976 ($_MUX_)               
      (cell's internal connectivity overapproximated; loop may be a false       
positive)                                                                       
    wire \i_dut.west_grid [8] source:                                           
/Users/yuri/Documents/5_projects/swisschips-fpga/tt-fpga/src/tt-fpga/fpga_grid.s
v:29.51-29.60                                                                   
    cell $abc$1958$auto$blifparse.cc:397:parse_blif$2284 ($_AND_)               
      (cell's internal connectivity overapproximated; loop may be a false       
positive)                                                                       
    cell $abc$1958$auto$blifparse.cc:397:parse_blif$2285 ($_OR_)                
      (cell's internal connectivity overapproximated; loop may be a false       
positive)                                                                       
    cell $abc$1958$auto$blifparse.cc:397:parse_blif$2288 ($_OR_)                
      (cell's internal connectivity overapproximated; loop may be a false       
positive)                                                                       
    cell $abc$1958$auto$blifparse.cc:397:parse_blif$2290 ($_ANDNOT_)            
      (cell's internal connectivity overapproximated; loop may be a false       
positive)                                                                       
    cell $abc$1958$auto$blifparse.cc:397:parse_blif$2292 ($_MUX_)               
      (cell's internal connectivity overapproximated; loop may be a false       
positive)                                                                       
    cell $abc$1958$auto$blifparse.cc:397:parse_blif$2301 ($_MUX_)               
      (cell's internal connectivity overapproximated; loop may be a false       
positive)                                                                       
    wire                                                                        
\i_dut.x_grid_loop[0].y_grid_loop[0].fpga_bb_i.clb_input_mux[0].i_clb_input_mux.
output_o source:                                                                
/Users/yuri/Documents/5_projects/swisschips-fpga/tt-fpga/src/tt-fpga/input_mux.s
v:20.18-20.26                                                                   
Warning: found logic loop in module tt_um_yuri_fpga:                            
    cell $abc$1958$auto$blifparse.cc:397:parse_blif$2117 ($_MUX_)               
      (cell's internal connectivity overapproximated; loop may be a false       
positive)                                                                       
    cell $abc$1958$auto$blifparse.cc:397:parse_blif$2118 ($_NOT_)               
      (cell's internal connectivity overapproximated; loop may be a false       
positive)                                                                       
    cell $abc$1958$auto$blifparse.cc:397:parse_blif$2119 ($_MUX_)               
      (cell's internal connectivity overapproximated; loop may be a false       
positive)                                                                       
    cell $abc$1958$auto$blifparse.cc:397:parse_blif$2125 ($_MUX_)               
      (cell's internal connectivity overapproximated; loop may be a false       
positive)                                                                       
    cell $abc$1958$auto$blifparse.cc:397:parse_blif$2126 ($_ANDNOT_)            
      (cell's internal connectivity overapproximated; loop may be a false       
positive)                                                                       
    cell $abc$1958$auto$blifparse.cc:397:parse_blif$2127 ($_XOR_)               
      (cell's internal connectivity overapproximated; loop may be a false       
positive)                                                                       
    cell $abc$1958$auto$blifparse.cc:397:parse_blif$2128 ($_MUX_)               
      (cell's internal connectivity overapproximated; loop may be a false       
positive)                                                                       
    cell $abc$1958$auto$blifparse.cc:397:parse_blif$2129 ($_MUX_)               
      (cell's internal connectivity overapproximated; loop may be a false       
positive)                                                                       
    cell $abc$1958$auto$blifparse.cc:397:parse_blif$2142 ($_MUX_)               
      (cell's internal connectivity overapproximated; loop may be a false       
positive)                                                                       
    cell $abc$1958$auto$blifparse.cc:397:parse_blif$2340 ($_NOT_)               
      (cell's internal connectivity overapproximated; loop may be a false       
positive)                                                                       
    cell $abc$1958$auto$blifparse.cc:397:parse_blif$2344 ($_MUX_)               
      (cell's internal connectivity overapproximated; loop may be a false       
positive)                                                                       
    cell $abc$1958$auto$blifparse.cc:397:parse_blif$2346 ($_MUX_)               
      (cell's internal connectivity overapproximated; loop may be a false       
positive)                                                                       
    cell $abc$1958$auto$blifparse.cc:397:parse_blif$2352 ($_MUX_)               
      (cell's internal connectivity overapproximated; loop may be a false       
positive)                                                                       
    wire                                                                        
\i_dut.x_grid_loop[1].y_grid_loop[1].fpga_bb_i.clb_input_mux[0].i_clb_input_mux.
output_o source:                                                                
/Users/yuri/Documents/5_projects/swisschips-fpga/tt-fpga/src/tt-fpga/input_mux.s
v:20.18-20.26                                                                   
    cell $abc$1958$auto$blifparse.cc:397:parse_blif$2137 ($_MUX_)               
      (cell's internal connectivity overapproximated; loop may be a false       
positive)                                                                       
    cell $abc$1958$auto$blifparse.cc:397:parse_blif$2138 ($_NOT_)               
      (cell's internal connectivity overapproximated; loop may be a false       
positive)                                                                       
    cell $abc$1958$auto$blifparse.cc:397:parse_blif$2163 ($_MUX_)               
      (cell's internal connectivity overapproximated; loop may be a false       
positive)                                                                       
    cell $abc$1958$auto$blifparse.cc:397:parse_blif$2181 ($_MUX_)               
      (cell's internal connectivity overapproximated; loop may be a false       
positive)                                                                       
    cell $abc$1958$auto$blifparse.cc:397:parse_blif$2194 ($_ANDNOT_)            
      (cell's internal connectivity overapproximated; loop may be a false       
positive)                                                                       
    cell $abc$1958$auto$blifparse.cc:397:parse_blif$2207 ($_ORNOT_)             
      (cell's internal connectivity overapproximated; loop may be a false       
positive)                                                                       
    cell $abc$1958$auto$blifparse.cc:397:parse_blif$2267 ($_MUX_)               
      (cell's internal connectivity overapproximated; loop may be a false       
positive)                                                                       
    wire \i_dut.x_grid_loop[1].y_grid_loop[1].fpga_bb_i.i_clb.adder_stage_result
source:                                                                         
/Users/yuri/Documents/5_projects/swisschips-fpga/tt-fpga/src/tt-fpga/configurabl
e_logic_block.sv:74.11-74.29                                                    
    cell $abc$1958$auto$blifparse.cc:397:parse_blif$2268 ($_MUX_)               
      (cell's internal connectivity overapproximated; loop may be a false       
positive)                                                                       
    cell $abc$1958$auto$blifparse.cc:397:parse_blif$2273 ($_MUX_)               
      (cell's internal connectivity overapproximated; loop may be a false       
positive)                                                                       
    wire \i_dut.south_grid [12] source:                                         
/Users/yuri/Documents/5_projects/swisschips-fpga/tt-fpga/src/tt-fpga/fpga_grid.s
v:32.51-32.61                                                                   
    cell $abc$1958$auto$blifparse.cc:397:parse_blif$1975 ($_MUX_)               
      (cell's internal connectivity overapproximated; loop may be a false       
positive)                                                                       
    cell $abc$1958$auto$blifparse.cc:397:parse_blif$1976 ($_MUX_)               
      (cell's internal connectivity overapproximated; loop may be a false       
positive)                                                                       
    wire \i_dut.west_grid [8] source:                                           
/Users/yuri/Documents/5_projects/swisschips-fpga/tt-fpga/src/tt-fpga/fpga_grid.s
v:29.51-29.60                                                                   
    cell $abc$1958$auto$blifparse.cc:397:parse_blif$2284 ($_AND_)               
      (cell's internal connectivity overapproximated; loop may be a false       
positive)                                                                       
    cell $abc$1958$auto$blifparse.cc:397:parse_blif$2285 ($_OR_)                
      (cell's internal connectivity overapproximated; loop may be a false       
positive)                                                                       
    cell $abc$1958$auto$blifparse.cc:397:parse_blif$2288 ($_OR_)                
      (cell's internal connectivity overapproximated; loop may be a false       
positive)                                                                       
    cell $abc$1958$auto$blifparse.cc:397:parse_blif$2290 ($_ANDNOT_)            
      (cell's internal connectivity overapproximated; loop may be a false       
positive)                                                                       
    cell $abc$1958$auto$blifparse.cc:397:parse_blif$2292 ($_MUX_)               
      (cell's internal connectivity overapproximated; loop may be a false       
positive)                                                                       
    cell $abc$1958$auto$blifparse.cc:397:parse_blif$2301 ($_MUX_)               
      (cell's internal connectivity overapproximated; loop may be a false       
positive)                                                                       
    wire                                                                        
\i_dut.x_grid_loop[0].y_grid_loop[0].fpga_bb_i.clb_input_mux[0].i_clb_input_mux.
output_o source:                                                                
/Users/yuri/Documents/5_projects/swisschips-fpga/tt-fpga/src/tt-fpga/input_mux.s
v:20.18-20.26                                                                   
Warning: found logic loop in module tt_um_yuri_fpga:                            
    cell $abc$1958$auto$blifparse.cc:397:parse_blif$2120 ($_MUX_)               
      (cell's internal connectivity overapproximated; loop may be a false       
positive)                                                                       
    cell $abc$1958$auto$blifparse.cc:397:parse_blif$2121 ($_NOT_)               
      (cell's internal connectivity overapproximated; loop may be a false       
positive)                                                                       
    cell $abc$1958$auto$blifparse.cc:397:parse_blif$2124 ($_MUX_)               
      (cell's internal connectivity overapproximated; loop may be a false       
positive)                                                                       
    cell $abc$1958$auto$blifparse.cc:397:parse_blif$2125 ($_MUX_)               
      (cell's internal connectivity overapproximated; loop may be a false       
positive)                                                                       
    cell $abc$1958$auto$blifparse.cc:397:parse_blif$2126 ($_ANDNOT_)            
      (cell's internal connectivity overapproximated; loop may be a false       
positive)                                                                       
    cell $abc$1958$auto$blifparse.cc:397:parse_blif$2127 ($_XOR_)               
      (cell's internal connectivity overapproximated; loop may be a false       
positive)                                                                       
    cell $abc$1958$auto$blifparse.cc:397:parse_blif$2128 ($_MUX_)               
      (cell's internal connectivity overapproximated; loop may be a false       
positive)                                                                       
    cell $abc$1958$auto$blifparse.cc:397:parse_blif$2129 ($_MUX_)               
      (cell's internal connectivity overapproximated; loop may be a false       
positive)                                                                       
    cell $abc$1958$auto$blifparse.cc:397:parse_blif$2142 ($_MUX_)               
      (cell's internal connectivity overapproximated; loop may be a false       
positive)                                                                       
    cell $abc$1958$auto$blifparse.cc:397:parse_blif$2340 ($_NOT_)               
      (cell's internal connectivity overapproximated; loop may be a false       
positive)                                                                       
    cell $abc$1958$auto$blifparse.cc:397:parse_blif$2344 ($_MUX_)               
      (cell's internal connectivity overapproximated; loop may be a false       
positive)                                                                       
    cell $abc$1958$auto$blifparse.cc:397:parse_blif$2346 ($_MUX_)               
      (cell's internal connectivity overapproximated; loop may be a false       
positive)                                                                       
    cell $abc$1958$auto$blifparse.cc:397:parse_blif$2352 ($_MUX_)               
      (cell's internal connectivity overapproximated; loop may be a false       
positive)                                                                       
    wire                                                                        
\i_dut.x_grid_loop[1].y_grid_loop[1].fpga_bb_i.clb_input_mux[0].i_clb_input_mux.
output_o source:                                                                
/Users/yuri/Documents/5_projects/swisschips-fpga/tt-fpga/src/tt-fpga/input_mux.s
v:20.18-20.26                                                                   
    cell $abc$1958$auto$blifparse.cc:397:parse_blif$2137 ($_MUX_)               
      (cell's internal connectivity overapproximated; loop may be a false       
positive)                                                                       
    cell $abc$1958$auto$blifparse.cc:397:parse_blif$2138 ($_NOT_)               
      (cell's internal connectivity overapproximated; loop may be a false       
positive)                                                                       
    cell $abc$1958$auto$blifparse.cc:397:parse_blif$2163 ($_MUX_)               
      (cell's internal connectivity overapproximated; loop may be a false       
positive)                                                                       
    cell $abc$1958$auto$blifparse.cc:397:parse_blif$2181 ($_MUX_)               
      (cell's internal connectivity overapproximated; loop may be a false       
positive)                                                                       
    cell $abc$1958$auto$blifparse.cc:397:parse_blif$2194 ($_ANDNOT_)            
      (cell's internal connectivity overapproximated; loop may be a false       
positive)                                                                       
    cell $abc$1958$auto$blifparse.cc:397:parse_blif$2207 ($_ORNOT_)             
      (cell's internal connectivity overapproximated; loop may be a false       
positive)                                                                       
    cell $abc$1958$auto$blifparse.cc:397:parse_blif$2267 ($_MUX_)               
      (cell's internal connectivity overapproximated; loop may be a false       
positive)                                                                       
    wire \i_dut.x_grid_loop[1].y_grid_loop[1].fpga_bb_i.i_clb.adder_stage_result
source:                                                                         
/Users/yuri/Documents/5_projects/swisschips-fpga/tt-fpga/src/tt-fpga/configurabl
e_logic_block.sv:74.11-74.29                                                    
    cell $abc$1958$auto$blifparse.cc:397:parse_blif$2268 ($_MUX_)               
      (cell's internal connectivity overapproximated; loop may be a false       
positive)                                                                       
    cell $abc$1958$auto$blifparse.cc:397:parse_blif$2273 ($_MUX_)               
      (cell's internal connectivity overapproximated; loop may be a false       
positive)                                                                       
    wire \i_dut.south_grid [12] source:                                         
/Users/yuri/Documents/5_projects/swisschips-fpga/tt-fpga/src/tt-fpga/fpga_grid.s
v:32.51-32.61                                                                   
    cell $abc$1958$auto$blifparse.cc:397:parse_blif$1975 ($_MUX_)               
      (cell's internal connectivity overapproximated; loop may be a false       
positive)                                                                       
    cell $abc$1958$auto$blifparse.cc:397:parse_blif$1976 ($_MUX_)               
      (cell's internal connectivity overapproximated; loop may be a false       
positive)                                                                       
    wire \i_dut.west_grid [8] source:                                           
/Users/yuri/Documents/5_projects/swisschips-fpga/tt-fpga/src/tt-fpga/fpga_grid.s
v:29.51-29.60                                                                   
    cell $abc$1958$auto$blifparse.cc:397:parse_blif$2284 ($_AND_)               
      (cell's internal connectivity overapproximated; loop may be a false       
positive)                                                                       
    cell $abc$1958$auto$blifparse.cc:397:parse_blif$2285 ($_OR_)                
      (cell's internal connectivity overapproximated; loop may be a false       
positive)                                                                       
    cell $abc$1958$auto$blifparse.cc:397:parse_blif$2288 ($_OR_)                
      (cell's internal connectivity overapproximated; loop may be a false       
positive)                                                                       
    cell $abc$1958$auto$blifparse.cc:397:parse_blif$2290 ($_ANDNOT_)            
      (cell's internal connectivity overapproximated; loop may be a false       
positive)                                                                       
    cell $abc$1958$auto$blifparse.cc:397:parse_blif$2292 ($_MUX_)               
      (cell's internal connectivity overapproximated; loop may be a false       
positive)                                                                       
    cell $abc$1958$auto$blifparse.cc:397:parse_blif$2301 ($_MUX_)               
      (cell's internal connectivity overapproximated; loop may be a false       
positive)                                                                       
    wire                                                                        
\i_dut.x_grid_loop[0].y_grid_loop[0].fpga_bb_i.clb_input_mux[0].i_clb_input_mux.
output_o source:                                                                
/Users/yuri/Documents/5_projects/swisschips-fpga/tt-fpga/src/tt-fpga/input_mux.s
v:20.18-20.26                                                                   
Warning: found logic loop in module tt_um_yuri_fpga:                            
    cell $abc$1958$auto$blifparse.cc:397:parse_blif$2122 ($_MUX_)               
      (cell's internal connectivity overapproximated; loop may be a false       
positive)                                                                       
    cell $abc$1958$auto$blifparse.cc:397:parse_blif$2123 ($_NOT_)               
      (cell's internal connectivity overapproximated; loop may be a false       
positive)                                                                       
    cell $abc$1958$auto$blifparse.cc:397:parse_blif$2124 ($_MUX_)               
      (cell's internal connectivity overapproximated; loop may be a false       
positive)                                                                       
    cell $abc$1958$auto$blifparse.cc:397:parse_blif$2125 ($_MUX_)               
      (cell's internal connectivity overapproximated; loop may be a false       
positive)                                                                       
    cell $abc$1958$auto$blifparse.cc:397:parse_blif$2126 ($_ANDNOT_)            
      (cell's internal connectivity overapproximated; loop may be a false       
positive)                                                                       
    cell $abc$1958$auto$blifparse.cc:397:parse_blif$2127 ($_XOR_)               
      (cell's internal connectivity overapproximated; loop may be a false       
positive)                                                                       
    cell $abc$1958$auto$blifparse.cc:397:parse_blif$2128 ($_MUX_)               
      (cell's internal connectivity overapproximated; loop may be a false       
positive)                                                                       
    cell $abc$1958$auto$blifparse.cc:397:parse_blif$2129 ($_MUX_)               
      (cell's internal connectivity overapproximated; loop may be a false       
positive)                                                                       
    cell $abc$1958$auto$blifparse.cc:397:parse_blif$2142 ($_MUX_)               
      (cell's internal connectivity overapproximated; loop may be a false       
positive)                                                                       
    cell $abc$1958$auto$blifparse.cc:397:parse_blif$2340 ($_NOT_)               
      (cell's internal connectivity overapproximated; loop may be a false       
positive)                                                                       
    cell $abc$1958$auto$blifparse.cc:397:parse_blif$2344 ($_MUX_)               
      (cell's internal connectivity overapproximated; loop may be a false       
positive)                                                                       
    cell $abc$1958$auto$blifparse.cc:397:parse_blif$2346 ($_MUX_)               
      (cell's internal connectivity overapproximated; loop may be a false       
positive)                                                                       
    cell $abc$1958$auto$blifparse.cc:397:parse_blif$2352 ($_MUX_)               
      (cell's internal connectivity overapproximated; loop may be a false       
positive)                                                                       
    wire                                                                        
\i_dut.x_grid_loop[1].y_grid_loop[1].fpga_bb_i.clb_input_mux[0].i_clb_input_mux.
output_o source:                                                                
/Users/yuri/Documents/5_projects/swisschips-fpga/tt-fpga/src/tt-fpga/input_mux.s
v:20.18-20.26                                                                   
    cell $abc$1958$auto$blifparse.cc:397:parse_blif$2137 ($_MUX_)               
      (cell's internal connectivity overapproximated; loop may be a false       
positive)                                                                       
    cell $abc$1958$auto$blifparse.cc:397:parse_blif$2138 ($_NOT_)               
      (cell's internal connectivity overapproximated; loop may be a false       
positive)                                                                       
    cell $abc$1958$auto$blifparse.cc:397:parse_blif$2163 ($_MUX_)               
      (cell's internal connectivity overapproximated; loop may be a false       
positive)                                                                       
    cell $abc$1958$auto$blifparse.cc:397:parse_blif$2181 ($_MUX_)               
      (cell's internal connectivity overapproximated; loop may be a false       
positive)                                                                       
    cell $abc$1958$auto$blifparse.cc:397:parse_blif$2194 ($_ANDNOT_)            
      (cell's internal connectivity overapproximated; loop may be a false       
positive)                                                                       
    cell $abc$1958$auto$blifparse.cc:397:parse_blif$2207 ($_ORNOT_)             
      (cell's internal connectivity overapproximated; loop may be a false       
positive)                                                                       
    cell $abc$1958$auto$blifparse.cc:397:parse_blif$2267 ($_MUX_)               
      (cell's internal connectivity overapproximated; loop may be a false       
positive)                                                                       
    wire \i_dut.x_grid_loop[1].y_grid_loop[1].fpga_bb_i.i_clb.adder_stage_result
source:                                                                         
/Users/yuri/Documents/5_projects/swisschips-fpga/tt-fpga/src/tt-fpga/configurabl
e_logic_block.sv:74.11-74.29                                                    
    cell $abc$1958$auto$blifparse.cc:397:parse_blif$2268 ($_MUX_)               
      (cell's internal connectivity overapproximated; loop may be a false       
positive)                                                                       
    cell $abc$1958$auto$blifparse.cc:397:parse_blif$2273 ($_MUX_)               
      (cell's internal connectivity overapproximated; loop may be a false       
positive)                                                                       
    wire \i_dut.south_grid [12] source:                                         
/Users/yuri/Documents/5_projects/swisschips-fpga/tt-fpga/src/tt-fpga/fpga_grid.s
v:32.51-32.61                                                                   
    cell $abc$1958$auto$blifparse.cc:397:parse_blif$1975 ($_MUX_)               
      (cell's internal connectivity overapproximated; loop may be a false       
positive)                                                                       
    cell $abc$1958$auto$blifparse.cc:397:parse_blif$1976 ($_MUX_)               
      (cell's internal connectivity overapproximated; loop may be a false       
positive)                                                                       
    wire \i_dut.west_grid [8] source:                                           
/Users/yuri/Documents/5_projects/swisschips-fpga/tt-fpga/src/tt-fpga/fpga_grid.s
v:29.51-29.60                                                                   
    cell $abc$1958$auto$blifparse.cc:397:parse_blif$2284 ($_AND_)               
      (cell's internal connectivity overapproximated; loop may be a false       
positive)                                                                       
    cell $abc$1958$auto$blifparse.cc:397:parse_blif$2285 ($_OR_)                
      (cell's internal connectivity overapproximated; loop may be a false       
positive)                                                                       
    cell $abc$1958$auto$blifparse.cc:397:parse_blif$2288 ($_OR_)                
      (cell's internal connectivity overapproximated; loop may be a false       
positive)                                                                       
    cell $abc$1958$auto$blifparse.cc:397:parse_blif$2290 ($_ANDNOT_)            
      (cell's internal connectivity overapproximated; loop may be a false       
positive)                                                                       
    cell $abc$1958$auto$blifparse.cc:397:parse_blif$2292 ($_MUX_)               
      (cell's internal connectivity overapproximated; loop may be a false       
positive)                                                                       
    cell $abc$1958$auto$blifparse.cc:397:parse_blif$2301 ($_MUX_)               
      (cell's internal connectivity overapproximated; loop may be a false       
positive)                                                                       
    wire                                                                        
\i_dut.x_grid_loop[0].y_grid_loop[0].fpga_bb_i.clb_input_mux[0].i_clb_input_mux.
output_o source:                                                                
/Users/yuri/Documents/5_projects/swisschips-fpga/tt-fpga/src/tt-fpga/input_mux.s
v:20.18-20.26                                                                   
Warning: found logic loop in module tt_um_yuri_fpga:                            
    cell $abc$1958$auto$blifparse.cc:397:parse_blif$2126 ($_ANDNOT_)            
      (cell's internal connectivity overapproximated; loop may be a false       
positive)                                                                       
    cell $abc$1958$auto$blifparse.cc:397:parse_blif$2127 ($_XOR_)               
      (cell's internal connectivity overapproximated; loop may be a false       
positive)                                                                       
    cell $abc$1958$auto$blifparse.cc:397:parse_blif$2128 ($_MUX_)               
      (cell's internal connectivity overapproximated; loop may be a false       
positive)                                                                       
    cell $abc$1958$auto$blifparse.cc:397:parse_blif$2129 ($_MUX_)               
      (cell's internal connectivity overapproximated; loop may be a false       
positive)                                                                       
    cell $abc$1958$auto$blifparse.cc:397:parse_blif$2142 ($_MUX_)               
      (cell's internal connectivity overapproximated; loop may be a false       
positive)                                                                       
    cell $abc$1958$auto$blifparse.cc:397:parse_blif$2340 ($_NOT_)               
      (cell's internal connectivity overapproximated; loop may be a false       
positive)                                                                       
    cell $abc$1958$auto$blifparse.cc:397:parse_blif$2344 ($_MUX_)               
      (cell's internal connectivity overapproximated; loop may be a false       
positive)                                                                       
    cell $abc$1958$auto$blifparse.cc:397:parse_blif$2346 ($_MUX_)               
      (cell's internal connectivity overapproximated; loop may be a false       
positive)                                                                       
    cell $abc$1958$auto$blifparse.cc:397:parse_blif$2352 ($_MUX_)               
      (cell's internal connectivity overapproximated; loop may be a false       
positive)                                                                       
    wire                                                                        
\i_dut.x_grid_loop[1].y_grid_loop[1].fpga_bb_i.clb_input_mux[0].i_clb_input_mux.
output_o source:                                                                
/Users/yuri/Documents/5_projects/swisschips-fpga/tt-fpga/src/tt-fpga/input_mux.s
v:20.18-20.26                                                                   
    cell $abc$1958$auto$blifparse.cc:397:parse_blif$2137 ($_MUX_)               
      (cell's internal connectivity overapproximated; loop may be a false       
positive)                                                                       
    cell $abc$1958$auto$blifparse.cc:397:parse_blif$2138 ($_NOT_)               
      (cell's internal connectivity overapproximated; loop may be a false       
positive)                                                                       
    cell $abc$1958$auto$blifparse.cc:397:parse_blif$2163 ($_MUX_)               
      (cell's internal connectivity overapproximated; loop may be a false       
positive)                                                                       
    cell $abc$1958$auto$blifparse.cc:397:parse_blif$2181 ($_MUX_)               
      (cell's internal connectivity overapproximated; loop may be a false       
positive)                                                                       
    cell $abc$1958$auto$blifparse.cc:397:parse_blif$2194 ($_ANDNOT_)            
      (cell's internal connectivity overapproximated; loop may be a false       
positive)                                                                       
    cell $abc$1958$auto$blifparse.cc:397:parse_blif$2207 ($_ORNOT_)             
      (cell's internal connectivity overapproximated; loop may be a false       
positive)                                                                       
    cell $abc$1958$auto$blifparse.cc:397:parse_blif$2267 ($_MUX_)               
      (cell's internal connectivity overapproximated; loop may be a false       
positive)                                                                       
    wire \i_dut.x_grid_loop[1].y_grid_loop[1].fpga_bb_i.i_clb.adder_stage_result
source:                                                                         
/Users/yuri/Documents/5_projects/swisschips-fpga/tt-fpga/src/tt-fpga/configurabl
e_logic_block.sv:74.11-74.29                                                    
    cell $abc$1958$auto$blifparse.cc:397:parse_blif$2268 ($_MUX_)               
      (cell's internal connectivity overapproximated; loop may be a false       
positive)                                                                       
    cell $abc$1958$auto$blifparse.cc:397:parse_blif$2273 ($_MUX_)               
      (cell's internal connectivity overapproximated; loop may be a false       
positive)                                                                       
    wire \i_dut.south_grid [12] source:                                         
/Users/yuri/Documents/5_projects/swisschips-fpga/tt-fpga/src/tt-fpga/fpga_grid.s
v:32.51-32.61                                                                   
    cell $abc$1958$auto$blifparse.cc:397:parse_blif$1975 ($_MUX_)               
      (cell's internal connectivity overapproximated; loop may be a false       
positive)                                                                       
    cell $abc$1958$auto$blifparse.cc:397:parse_blif$1976 ($_MUX_)               
      (cell's internal connectivity overapproximated; loop may be a false       
positive)                                                                       
    wire \i_dut.west_grid [8] source:                                           
/Users/yuri/Documents/5_projects/swisschips-fpga/tt-fpga/src/tt-fpga/fpga_grid.s
v:29.51-29.60                                                                   
    cell $abc$1958$auto$blifparse.cc:397:parse_blif$2284 ($_AND_)               
      (cell's internal connectivity overapproximated; loop may be a false       
positive)                                                                       
    cell $abc$1958$auto$blifparse.cc:397:parse_blif$2285 ($_OR_)                
      (cell's internal connectivity overapproximated; loop may be a false       
positive)                                                                       
    cell $abc$1958$auto$blifparse.cc:397:parse_blif$2288 ($_OR_)                
      (cell's internal connectivity overapproximated; loop may be a false       
positive)                                                                       
    cell $abc$1958$auto$blifparse.cc:397:parse_blif$2290 ($_ANDNOT_)            
      (cell's internal connectivity overapproximated; loop may be a false       
positive)                                                                       
    cell $abc$1958$auto$blifparse.cc:397:parse_blif$2292 ($_MUX_)               
      (cell's internal connectivity overapproximated; loop may be a false       
positive)                                                                       
    cell $abc$1958$auto$blifparse.cc:397:parse_blif$2301 ($_MUX_)               
      (cell's internal connectivity overapproximated; loop may be a false       
positive)                                                                       
    wire                                                                        
\i_dut.x_grid_loop[0].y_grid_loop[0].fpga_bb_i.clb_input_mux[0].i_clb_input_mux.
output_o source:                                                                
/Users/yuri/Documents/5_projects/swisschips-fpga/tt-fpga/src/tt-fpga/input_mux.s
v:20.18-20.26                                                                   
    cell $abc$1958$auto$blifparse.cc:397:parse_blif$2062 ($_MUX_)               
      (cell's internal connectivity overapproximated; loop may be a false       
positive)                                                                       
    cell $abc$1958$auto$blifparse.cc:397:parse_blif$2088 ($_MUX_)               
      (cell's internal connectivity overapproximated; loop may be a false       
positive)                                                                       
    cell $abc$1958$auto$blifparse.cc:397:parse_blif$2114 ($_MUX_)               
      (cell's internal connectivity overapproximated; loop may be a false       
positive)                                                                       
Warning: found logic loop in module tt_um_yuri_fpga:                            
    cell $abc$1958$auto$blifparse.cc:397:parse_blif$2130 ($_NOT_)               
      (cell's internal connectivity overapproximated; loop may be a false       
positive)                                                                       
    cell $abc$1958$auto$blifparse.cc:397:parse_blif$2131 ($_MUX_)               
      (cell's internal connectivity overapproximated; loop may be a false       
positive)                                                                       
    wire \i_dut.south_grid [4] source:                                          
/Users/yuri/Documents/5_projects/swisschips-fpga/tt-fpga/src/tt-fpga/fpga_grid.s
v:32.51-32.61                                                                   
    cell $abc$1958$auto$blifparse.cc:397:parse_blif$2278 ($_MUX_)               
      (cell's internal connectivity overapproximated; loop may be a false       
positive)                                                                       
    cell $abc$1958$auto$blifparse.cc:397:parse_blif$2279 ($_MUX_)               
      (cell's internal connectivity overapproximated; loop may be a false       
positive)                                                                       
    wire \i_dut.east_grid [0] source:                                           
/Users/yuri/Documents/5_projects/swisschips-fpga/tt-fpga/src/tt-fpga/fpga_grid.s
v:31.51-31.60                                                                   
    cell $abc$1958$auto$blifparse.cc:397:parse_blif$2326 ($_MUX_)               
      (cell's internal connectivity overapproximated; loop may be a false       
positive)                                                                       
    cell $abc$1958$auto$blifparse.cc:397:parse_blif$2330 ($_MUX_)               
      (cell's internal connectivity overapproximated; loop may be a false       
positive)                                                                       
    cell $abc$1958$auto$blifparse.cc:397:parse_blif$2338 ($_MUX_)               
      (cell's internal connectivity overapproximated; loop may be a false       
positive)                                                                       
    wire                                                                        
\i_dut.x_grid_loop[1].y_grid_loop[0].fpga_bb_i.clb_input_mux[0].i_clb_input_mux.
output_o source:                                                                
/Users/yuri/Documents/5_projects/swisschips-fpga/tt-fpga/src/tt-fpga/input_mux.s
v:20.18-20.26                                                                   
    cell $abc$1958$auto$blifparse.cc:397:parse_blif$2209 ($_MUX_)               
      (cell's internal connectivity overapproximated; loop may be a false       
positive)                                                                       
    cell $abc$1958$auto$blifparse.cc:397:parse_blif$2234 ($_MUX_)               
      (cell's internal connectivity overapproximated; loop may be a false       
positive)                                                                       
    cell $abc$1958$auto$blifparse.cc:397:parse_blif$2257 ($_MUX_)               
      (cell's internal connectivity overapproximated; loop may be a false       
positive)                                                                       
    cell $abc$1958$auto$blifparse.cc:397:parse_blif$2372 ($_MUX_)               
      (cell's internal connectivity overapproximated; loop may be a false       
positive)                                                                       
    cell $abc$1958$auto$blifparse.cc:397:parse_blif$2374 ($_MUX_)               
      (cell's internal connectivity overapproximated; loop may be a false       
positive)                                                                       
    wire \i_dut.x_grid_loop[1].y_grid_loop[0].fpga_bb_i.i_clb.adder_stage_result
source:                                                                         
/Users/yuri/Documents/5_projects/swisschips-fpga/tt-fpga/src/tt-fpga/configurabl
e_logic_block.sv:74.11-74.29                                                    
    cell $abc$1958$auto$blifparse.cc:397:parse_blif$2375 ($_MUX_)               
      (cell's internal connectivity overapproximated; loop may be a false       
positive)                                                                       
    wire \i_dut.x_grid_loop[1].y_grid_loop[0].fpga_bb_i.clb_output source:      
/Users/yuri/Documents/5_projects/swisschips-fpga/tt-fpga/src/tt-fpga/fpga_buildi
ng_block.sv:34.11-34.21                                                         
    cell $abc$1958$auto$blifparse.cc:397:parse_blif$2135 ($_MUX_)               
      (cell's internal connectivity overapproximated; loop may be a false       
positive)                                                                       
    cell $abc$1958$auto$blifparse.cc:397:parse_blif$2136 ($_ANDNOT_)            
      (cell's internal connectivity overapproximated; loop may be a false       
positive)                                                                       
    cell $abc$1958$auto$blifparse.cc:397:parse_blif$2269 ($_MUX_)               
      (cell's internal connectivity overapproximated; loop may be a false       
positive)                                                                       
    wire \i_dut.west_grid [12] source:                                          
/Users/yuri/Documents/5_projects/swisschips-fpga/tt-fpga/src/tt-fpga/fpga_grid.s
v:29.51-29.60                                                                   
    cell $abc$1958$auto$blifparse.cc:397:parse_blif$2306 ($_AND_)               
      (cell's internal connectivity overapproximated; loop may be a false       
positive)                                                                       
    cell $abc$1958$auto$blifparse.cc:397:parse_blif$2307 ($_OR_)                
      (cell's internal connectivity overapproximated; loop may be a false       
positive)                                                                       
    cell $abc$1958$auto$blifparse.cc:397:parse_blif$2309 ($_ANDNOT_)            
      (cell's internal connectivity overapproximated; loop may be a false       
positive)                                                                       
    cell $abc$1958$auto$blifparse.cc:397:parse_blif$2311 ($_MUX_)               
      (cell's internal connectivity overapproximated; loop may be a false       
positive)                                                                       
    cell $abc$1958$auto$blifparse.cc:397:parse_blif$2318 ($_MUX_)               
      (cell's internal connectivity overapproximated; loop may be a false       
positive)                                                                       
    wire                                                                        
\i_dut.x_grid_loop[0].y_grid_loop[1].fpga_bb_i.clb_input_mux[0].i_clb_input_mux.
output_o source:                                                                
/Users/yuri/Documents/5_projects/swisschips-fpga/tt-fpga/src/tt-fpga/input_mux.s
v:20.18-20.26                                                                   
    cell $abc$1958$auto$blifparse.cc:397:parse_blif$1982 ($_MUX_)               
      (cell's internal connectivity overapproximated; loop may be a false       
positive)                                                                       
    cell $abc$1958$auto$blifparse.cc:397:parse_blif$2008 ($_MUX_)               
      (cell's internal connectivity overapproximated; loop may be a false       
positive)                                                                       
    cell $abc$1958$auto$blifparse.cc:397:parse_blif$2029 ($_MUX_)               
      (cell's internal connectivity overapproximated; loop may be a false       
positive)                                                                       
    cell $abc$1958$auto$blifparse.cc:397:parse_blif$2047 ($_NAND_)              
      (cell's internal connectivity overapproximated; loop may be a false       
positive)                                                                       
    cell $abc$1958$auto$blifparse.cc:397:parse_blif$2060 ($_ANDNOT_)            
      (cell's internal connectivity overapproximated; loop may be a false       
positive)                                                                       
    cell $abc$1958$auto$blifparse.cc:397:parse_blif$2128 ($_MUX_)               
      (cell's internal connectivity overapproximated; loop may be a false       
positive)                                                                       
    cell $abc$1958$auto$blifparse.cc:397:parse_blif$2129 ($_MUX_)               
      (cell's internal connectivity overapproximated; loop may be a false       
positive)                                                                       
Warning: found logic loop in module tt_um_yuri_fpga:                            
    cell $abc$1958$auto$blifparse.cc:397:parse_blif$2152 ($_MUX_)               
      (cell's internal connectivity overapproximated; loop may be a false       
positive)                                                                       
    cell $abc$1958$auto$blifparse.cc:397:parse_blif$2274 ($_ANDNOT_)            
      (cell's internal connectivity overapproximated; loop may be a false       
positive)                                                                       
    cell $abc$1958$auto$blifparse.cc:397:parse_blif$2275 ($_MUX_)               
      (cell's internal connectivity overapproximated; loop may be a false       
positive)                                                                       
    wire \i_dut.south_grid [14] source:                                         
/Users/yuri/Documents/5_projects/swisschips-fpga/tt-fpga/src/tt-fpga/fpga_grid.s
v:32.51-32.61                                                                   
    cell $abc$1958$auto$blifparse.cc:397:parse_blif$2332 ($_ANDNOT_)            
      (cell's internal connectivity overapproximated; loop may be a false       
positive)                                                                       
    cell $abc$1958$auto$blifparse.cc:397:parse_blif$2333 ($_OR_)                
      (cell's internal connectivity overapproximated; loop may be a false       
positive)                                                                       
    cell $abc$1958$auto$blifparse.cc:397:parse_blif$2334 ($_MUX_)               
      (cell's internal connectivity overapproximated; loop may be a false       
positive)                                                                       
    cell $abc$1958$auto$blifparse.cc:397:parse_blif$2337 ($_MUX_)               
      (cell's internal connectivity overapproximated; loop may be a false       
positive)                                                                       
    cell $abc$1958$auto$blifparse.cc:397:parse_blif$2338 ($_MUX_)               
      (cell's internal connectivity overapproximated; loop may be a false       
positive)                                                                       
    wire                                                                        
\i_dut.x_grid_loop[1].y_grid_loop[0].fpga_bb_i.clb_input_mux[0].i_clb_input_mux.
output_o source:                                                                
/Users/yuri/Documents/5_projects/swisschips-fpga/tt-fpga/src/tt-fpga/input_mux.s
v:20.18-20.26                                                                   
    cell $abc$1958$auto$blifparse.cc:397:parse_blif$2209 ($_MUX_)               
      (cell's internal connectivity overapproximated; loop may be a false       
positive)                                                                       
    cell $abc$1958$auto$blifparse.cc:397:parse_blif$2234 ($_MUX_)               
      (cell's internal connectivity overapproximated; loop may be a false       
positive)                                                                       
    cell $abc$1958$auto$blifparse.cc:397:parse_blif$2257 ($_MUX_)               
      (cell's internal connectivity overapproximated; loop may be a false       
positive)                                                                       
    cell $abc$1958$auto$blifparse.cc:397:parse_blif$2372 ($_MUX_)               
      (cell's internal connectivity overapproximated; loop may be a false       
positive)                                                                       
    cell $abc$1958$auto$blifparse.cc:397:parse_blif$2374 ($_MUX_)               
      (cell's internal connectivity overapproximated; loop may be a false       
positive)                                                                       
    wire \i_dut.x_grid_loop[1].y_grid_loop[0].fpga_bb_i.i_clb.adder_stage_result
source:                                                                         
/Users/yuri/Documents/5_projects/swisschips-fpga/tt-fpga/src/tt-fpga/configurabl
e_logic_block.sv:74.11-74.29                                                    
    cell $abc$1958$auto$blifparse.cc:397:parse_blif$2375 ($_MUX_)               
      (cell's internal connectivity overapproximated; loop may be a false       
positive)                                                                       
    wire \i_dut.x_grid_loop[1].y_grid_loop[0].fpga_bb_i.clb_output source:      
/Users/yuri/Documents/5_projects/swisschips-fpga/tt-fpga/src/tt-fpga/fpga_buildi
ng_block.sv:34.11-34.21                                                         
    cell $abc$1958$auto$blifparse.cc:397:parse_blif$2135 ($_MUX_)               
      (cell's internal connectivity overapproximated; loop may be a false       
positive)                                                                       
    cell $abc$1958$auto$blifparse.cc:397:parse_blif$2136 ($_ANDNOT_)            
      (cell's internal connectivity overapproximated; loop may be a false       
positive)                                                                       
    cell $abc$1958$auto$blifparse.cc:397:parse_blif$2269 ($_MUX_)               
      (cell's internal connectivity overapproximated; loop may be a false       
positive)                                                                       
    wire \i_dut.west_grid [12] source:                                          
/Users/yuri/Documents/5_projects/swisschips-fpga/tt-fpga/src/tt-fpga/fpga_grid.s
v:29.51-29.60                                                                   
    cell $abc$1958$auto$blifparse.cc:397:parse_blif$2306 ($_AND_)               
      (cell's internal connectivity overapproximated; loop may be a false       
positive)                                                                       
    cell $abc$1958$auto$blifparse.cc:397:parse_blif$2307 ($_OR_)                
      (cell's internal connectivity overapproximated; loop may be a false       
positive)                                                                       
    cell $abc$1958$auto$blifparse.cc:397:parse_blif$2309 ($_ANDNOT_)            
      (cell's internal connectivity overapproximated; loop may be a false       
positive)                                                                       
    cell $abc$1958$auto$blifparse.cc:397:parse_blif$2311 ($_MUX_)               
      (cell's internal connectivity overapproximated; loop may be a false       
positive)                                                                       
    cell $abc$1958$auto$blifparse.cc:397:parse_blif$2318 ($_MUX_)               
      (cell's internal connectivity overapproximated; loop may be a false       
positive)                                                                       
    wire                                                                        
\i_dut.x_grid_loop[0].y_grid_loop[1].fpga_bb_i.clb_input_mux[0].i_clb_input_mux.
output_o source:                                                                
/Users/yuri/Documents/5_projects/swisschips-fpga/tt-fpga/src/tt-fpga/input_mux.s
v:20.18-20.26                                                                   
    cell $abc$1958$auto$blifparse.cc:397:parse_blif$1982 ($_MUX_)               
      (cell's internal connectivity overapproximated; loop may be a false       
positive)                                                                       
    cell $abc$1958$auto$blifparse.cc:397:parse_blif$2008 ($_MUX_)               
      (cell's internal connectivity overapproximated; loop may be a false       
positive)                                                                       
    cell $abc$1958$auto$blifparse.cc:397:parse_blif$2029 ($_MUX_)               
      (cell's internal connectivity overapproximated; loop may be a false       
positive)                                                                       
    cell $abc$1958$auto$blifparse.cc:397:parse_blif$2047 ($_NAND_)              
      (cell's internal connectivity overapproximated; loop may be a false       
positive)                                                                       
    cell $abc$1958$auto$blifparse.cc:397:parse_blif$2060 ($_ANDNOT_)            
      (cell's internal connectivity overapproximated; loop may be a false       
positive)                                                                       
    cell $abc$1958$auto$blifparse.cc:397:parse_blif$2128 ($_MUX_)               
      (cell's internal connectivity overapproximated; loop may be a false       
positive)                                                                       
    cell $abc$1958$auto$blifparse.cc:397:parse_blif$2129 ($_MUX_)               
      (cell's internal connectivity overapproximated; loop may be a false       
positive)                                                                       
Warning: found logic loop in module tt_um_yuri_fpga:                            
    cell $abc$1958$auto$blifparse.cc:397:parse_blif$2153 ($_ANDNOT_)            
      (cell's internal connectivity overapproximated; loop may be a false       
positive)                                                                       
    cell $abc$1958$auto$blifparse.cc:397:parse_blif$2154 ($_MUX_)               
      (cell's internal connectivity overapproximated; loop may be a false       
positive)                                                                       
    cell $abc$1958$auto$blifparse.cc:397:parse_blif$2270 ($_ANDNOT_)            
      (cell's internal connectivity overapproximated; loop may be a false       
positive)                                                                       
    cell $abc$1958$auto$blifparse.cc:397:parse_blif$2271 ($_MUX_)               
      (cell's internal connectivity overapproximated; loop may be a false       
positive)                                                                       
    wire \i_dut.west_grid [14] source:                                          
/Users/yuri/Documents/5_projects/swisschips-fpga/tt-fpga/src/tt-fpga/fpga_grid.s
v:29.51-29.60                                                                   
    cell $abc$1958$auto$blifparse.cc:397:parse_blif$2132 ($_ANDNOT_)            
      (cell's internal connectivity overapproximated; loop may be a false       
positive)                                                                       
    cell $abc$1958$auto$blifparse.cc:397:parse_blif$2133 ($_MUX_)               
      (cell's internal connectivity overapproximated; loop may be a false       
positive)                                                                       
    wire \i_dut.south_grid [6] source:                                          
/Users/yuri/Documents/5_projects/swisschips-fpga/tt-fpga/src/tt-fpga/fpga_grid.s
v:32.51-32.61                                                                   
    cell $abc$1958$auto$blifparse.cc:397:parse_blif$2276 ($_MUX_)               
      (cell's internal connectivity overapproximated; loop may be a false       
positive)                                                                       
    cell $abc$1958$auto$blifparse.cc:397:parse_blif$2277 ($_MUX_)               
      (cell's internal connectivity overapproximated; loop may be a false       
positive)                                                                       
    wire \i_dut.east_grid [2] source:                                           
/Users/yuri/Documents/5_projects/swisschips-fpga/tt-fpga/src/tt-fpga/fpga_grid.s
v:31.51-31.60                                                                   
Warning: found logic loop in module tt_um_yuri_fpga:                            
    cell $abc$1958$auto$blifparse.cc:397:parse_blif$2154 ($_MUX_)               
      (cell's internal connectivity overapproximated; loop may be a false       
positive)                                                                       
    cell $abc$1958$auto$blifparse.cc:397:parse_blif$2270 ($_ANDNOT_)            
      (cell's internal connectivity overapproximated; loop may be a false       
positive)                                                                       
    cell $abc$1958$auto$blifparse.cc:397:parse_blif$2271 ($_MUX_)               
      (cell's internal connectivity overapproximated; loop may be a false       
positive)                                                                       
    wire \i_dut.west_grid [14] source:                                          
/Users/yuri/Documents/5_projects/swisschips-fpga/tt-fpga/src/tt-fpga/fpga_grid.s
v:29.51-29.60                                                                   
    cell $abc$1958$auto$blifparse.cc:397:parse_blif$2132 ($_ANDNOT_)            
      (cell's internal connectivity overapproximated; loop may be a false       
positive)                                                                       
    cell $abc$1958$auto$blifparse.cc:397:parse_blif$2133 ($_MUX_)               
      (cell's internal connectivity overapproximated; loop may be a false       
positive)                                                                       
    wire \i_dut.south_grid [6] source:                                          
/Users/yuri/Documents/5_projects/swisschips-fpga/tt-fpga/src/tt-fpga/fpga_grid.s
v:32.51-32.61                                                                   
    cell $abc$1958$auto$blifparse.cc:397:parse_blif$2276 ($_MUX_)               
      (cell's internal connectivity overapproximated; loop may be a false       
positive)                                                                       
    cell $abc$1958$auto$blifparse.cc:397:parse_blif$2277 ($_MUX_)               
      (cell's internal connectivity overapproximated; loop may be a false       
positive)                                                                       
    wire \i_dut.east_grid [2] source:                                           
/Users/yuri/Documents/5_projects/swisschips-fpga/tt-fpga/src/tt-fpga/fpga_grid.s
v:31.51-31.60                                                                   
    cell $abc$1958$auto$blifparse.cc:397:parse_blif$2334 ($_MUX_)               
      (cell's internal connectivity overapproximated; loop may be a false       
positive)                                                                       
    cell $abc$1958$auto$blifparse.cc:397:parse_blif$2337 ($_MUX_)               
      (cell's internal connectivity overapproximated; loop may be a false       
positive)                                                                       
    cell $abc$1958$auto$blifparse.cc:397:parse_blif$2338 ($_MUX_)               
      (cell's internal connectivity overapproximated; loop may be a false       
positive)                                                                       
    wire                                                                        
\i_dut.x_grid_loop[1].y_grid_loop[0].fpga_bb_i.clb_input_mux[0].i_clb_input_mux.
output_o source:                                                                
/Users/yuri/Documents/5_projects/swisschips-fpga/tt-fpga/src/tt-fpga/input_mux.s
v:20.18-20.26                                                                   
    cell $abc$1958$auto$blifparse.cc:397:parse_blif$2209 ($_MUX_)               
      (cell's internal connectivity overapproximated; loop may be a false       
positive)                                                                       
    cell $abc$1958$auto$blifparse.cc:397:parse_blif$2234 ($_MUX_)               
      (cell's internal connectivity overapproximated; loop may be a false       
positive)                                                                       
    cell $abc$1958$auto$blifparse.cc:397:parse_blif$2257 ($_MUX_)               
      (cell's internal connectivity overapproximated; loop may be a false       
positive)                                                                       
    cell $abc$1958$auto$blifparse.cc:397:parse_blif$2372 ($_MUX_)               
      (cell's internal connectivity overapproximated; loop may be a false       
positive)                                                                       
    cell $abc$1958$auto$blifparse.cc:397:parse_blif$2374 ($_MUX_)               
      (cell's internal connectivity overapproximated; loop may be a false       
positive)                                                                       
    wire \i_dut.x_grid_loop[1].y_grid_loop[0].fpga_bb_i.i_clb.adder_stage_result
source:                                                                         
/Users/yuri/Documents/5_projects/swisschips-fpga/tt-fpga/src/tt-fpga/configurabl
e_logic_block.sv:74.11-74.29                                                    
    cell $abc$1958$auto$blifparse.cc:397:parse_blif$2375 ($_MUX_)               
      (cell's internal connectivity overapproximated; loop may be a false       
positive)                                                                       
    wire \i_dut.x_grid_loop[1].y_grid_loop[0].fpga_bb_i.clb_output source:      
/Users/yuri/Documents/5_projects/swisschips-fpga/tt-fpga/src/tt-fpga/fpga_buildi
ng_block.sv:34.11-34.21                                                         
Warning: found logic loop in module tt_um_yuri_fpga:                            
    cell $abc$1958$auto$blifparse.cc:397:parse_blif$2217 ($_ANDNOT_)            
      (cell's internal connectivity overapproximated; loop may be a false       
positive)                                                                       
    cell $abc$1958$auto$blifparse.cc:397:parse_blif$2218 ($_ANDNOT_)            
      (cell's internal connectivity overapproximated; loop may be a false       
positive)                                                                       
    cell $abc$1958$auto$blifparse.cc:397:parse_blif$2219 ($_MUX_)               
      (cell's internal connectivity overapproximated; loop may be a false       
positive)                                                                       
    cell $abc$1958$auto$blifparse.cc:397:parse_blif$2222 ($_MUX_)               
      (cell's internal connectivity overapproximated; loop may be a false       
positive)                                                                       
    cell $abc$1958$auto$blifparse.cc:397:parse_blif$2232 ($_MUX_)               
      (cell's internal connectivity overapproximated; loop may be a false       
positive)                                                                       
    cell $abc$1958$auto$blifparse.cc:397:parse_blif$2234 ($_MUX_)               
      (cell's internal connectivity overapproximated; loop may be a false       
positive)                                                                       
    cell $abc$1958$auto$blifparse.cc:397:parse_blif$2257 ($_MUX_)               
      (cell's internal connectivity overapproximated; loop may be a false       
positive)                                                                       
    cell $abc$1958$auto$blifparse.cc:397:parse_blif$2372 ($_MUX_)               
      (cell's internal connectivity overapproximated; loop may be a false       
positive)                                                                       
    cell $abc$1958$auto$blifparse.cc:397:parse_blif$2374 ($_MUX_)               
      (cell's internal connectivity overapproximated; loop may be a false       
positive)                                                                       
    wire \i_dut.x_grid_loop[1].y_grid_loop[0].fpga_bb_i.i_clb.adder_stage_result
source:                                                                         
/Users/yuri/Documents/5_projects/swisschips-fpga/tt-fpga/src/tt-fpga/configurabl
e_logic_block.sv:74.11-74.29                                                    
    cell $abc$1958$auto$blifparse.cc:397:parse_blif$2375 ($_MUX_)               
      (cell's internal connectivity overapproximated; loop may be a false       
positive)                                                                       
    wire \i_dut.x_grid_loop[1].y_grid_loop[0].fpga_bb_i.clb_output source:      
/Users/yuri/Documents/5_projects/swisschips-fpga/tt-fpga/src/tt-fpga/fpga_buildi
ng_block.sv:34.11-34.21                                                         
    cell $abc$1958$auto$blifparse.cc:397:parse_blif$2135 ($_MUX_)               
      (cell's internal connectivity overapproximated; loop may be a false       
positive)                                                                       
    cell $abc$1958$auto$blifparse.cc:397:parse_blif$2136 ($_ANDNOT_)            
      (cell's internal connectivity overapproximated; loop may be a false       
positive)                                                                       
    cell $abc$1958$auto$blifparse.cc:397:parse_blif$2269 ($_MUX_)               
      (cell's internal connectivity overapproximated; loop may be a false       
positive)                                                                       
    wire \i_dut.west_grid [12] source:                                          
/Users/yuri/Documents/5_projects/swisschips-fpga/tt-fpga/src/tt-fpga/fpga_grid.s
v:29.51-29.60                                                                   
    cell $abc$1958$auto$blifparse.cc:397:parse_blif$2306 ($_AND_)               
      (cell's internal connectivity overapproximated; loop may be a false       
positive)                                                                       
    cell $abc$1958$auto$blifparse.cc:397:parse_blif$2307 ($_OR_)                
      (cell's internal connectivity overapproximated; loop may be a false       
positive)                                                                       
    cell $abc$1958$auto$blifparse.cc:397:parse_blif$2309 ($_ANDNOT_)            
      (cell's internal connectivity overapproximated; loop may be a false       
positive)                                                                       
    cell $abc$1958$auto$blifparse.cc:397:parse_blif$2311 ($_MUX_)               
      (cell's internal connectivity overapproximated; loop may be a false       
positive)                                                                       
    cell $abc$1958$auto$blifparse.cc:397:parse_blif$2318 ($_MUX_)               
      (cell's internal connectivity overapproximated; loop may be a false       
positive)                                                                       
    wire                                                                        
\i_dut.x_grid_loop[0].y_grid_loop[1].fpga_bb_i.clb_input_mux[0].i_clb_input_mux.
output_o source:                                                                
/Users/yuri/Documents/5_projects/swisschips-fpga/tt-fpga/src/tt-fpga/input_mux.s
v:20.18-20.26                                                                   
    cell $abc$1958$auto$blifparse.cc:397:parse_blif$1982 ($_MUX_)               
      (cell's internal connectivity overapproximated; loop may be a false       
positive)                                                                       
    cell $abc$1958$auto$blifparse.cc:397:parse_blif$2008 ($_MUX_)               
      (cell's internal connectivity overapproximated; loop may be a false       
positive)                                                                       
    cell $abc$1958$auto$blifparse.cc:397:parse_blif$2029 ($_MUX_)               
      (cell's internal connectivity overapproximated; loop may be a false       
positive)                                                                       
    cell $abc$1958$auto$blifparse.cc:397:parse_blif$2047 ($_NAND_)              
      (cell's internal connectivity overapproximated; loop may be a false       
positive)                                                                       
    cell $abc$1958$auto$blifparse.cc:397:parse_blif$2060 ($_ANDNOT_)            
      (cell's internal connectivity overapproximated; loop may be a false       
positive)                                                                       
    cell $abc$1958$auto$blifparse.cc:397:parse_blif$2128 ($_MUX_)               
      (cell's internal connectivity overapproximated; loop may be a false       
positive)                                                                       
    cell $abc$1958$auto$blifparse.cc:397:parse_blif$2129 ($_MUX_)               
      (cell's internal connectivity overapproximated; loop may be a false       
positive)                                                                       
    cell $abc$1958$auto$blifparse.cc:397:parse_blif$2142 ($_MUX_)               
      (cell's internal connectivity overapproximated; loop may be a false       
positive)                                                                       
    cell $abc$1958$auto$blifparse.cc:397:parse_blif$2340 ($_NOT_)               
      (cell's internal connectivity overapproximated; loop may be a false       
positive)                                                                       
    cell $abc$1958$auto$blifparse.cc:397:parse_blif$2344 ($_MUX_)               
      (cell's internal connectivity overapproximated; loop may be a false       
positive)                                                                       
    cell $abc$1958$auto$blifparse.cc:397:parse_blif$2346 ($_MUX_)               
      (cell's internal connectivity overapproximated; loop may be a false       
positive)                                                                       
    cell $abc$1958$auto$blifparse.cc:397:parse_blif$2352 ($_MUX_)               
      (cell's internal connectivity overapproximated; loop may be a false       
positive)                                                                       
    wire                                                                        
\i_dut.x_grid_loop[1].y_grid_loop[1].fpga_bb_i.clb_input_mux[0].i_clb_input_mux.
output_o source:                                                                
/Users/yuri/Documents/5_projects/swisschips-fpga/tt-fpga/src/tt-fpga/input_mux.s
v:20.18-20.26                                                                   
    cell $abc$1958$auto$blifparse.cc:397:parse_blif$2137 ($_MUX_)               
      (cell's internal connectivity overapproximated; loop may be a false       
positive)                                                                       
    cell $abc$1958$auto$blifparse.cc:397:parse_blif$2138 ($_NOT_)               
      (cell's internal connectivity overapproximated; loop may be a false       
positive)                                                                       
    cell $abc$1958$auto$blifparse.cc:397:parse_blif$2163 ($_MUX_)               
      (cell's internal connectivity overapproximated; loop may be a false       
positive)                                                                       
    cell $abc$1958$auto$blifparse.cc:397:parse_blif$2181 ($_MUX_)               
      (cell's internal connectivity overapproximated; loop may be a false       
positive)                                                                       
    cell $abc$1958$auto$blifparse.cc:397:parse_blif$2194 ($_ANDNOT_)            
      (cell's internal connectivity overapproximated; loop may be a false       
positive)                                                                       
    cell $abc$1958$auto$blifparse.cc:397:parse_blif$2207 ($_ORNOT_)             
      (cell's internal connectivity overapproximated; loop may be a false       
positive)                                                                       
    cell $abc$1958$auto$blifparse.cc:397:parse_blif$2267 ($_MUX_)               
      (cell's internal connectivity overapproximated; loop may be a false       
positive)                                                                       
    wire \i_dut.x_grid_loop[1].y_grid_loop[1].fpga_bb_i.i_clb.adder_stage_result
source:                                                                         
/Users/yuri/Documents/5_projects/swisschips-fpga/tt-fpga/src/tt-fpga/configurabl
e_logic_block.sv:74.11-74.29                                                    
    cell $abc$1958$auto$blifparse.cc:397:parse_blif$2268 ($_MUX_)               
      (cell's internal connectivity overapproximated; loop may be a false       
positive)                                                                       
    cell $abc$1958$auto$blifparse.cc:397:parse_blif$2273 ($_MUX_)               
      (cell's internal connectivity overapproximated; loop may be a false       
positive)                                                                       
    wire \i_dut.south_grid [12] source:                                         
/Users/yuri/Documents/5_projects/swisschips-fpga/tt-fpga/src/tt-fpga/fpga_grid.s
v:32.51-32.61                                                                   
Warning: found logic loop in module tt_um_yuri_fpga:                            
    cell $abc$1958$auto$blifparse.cc:397:parse_blif$2240 ($_ANDNOT_)            
      (cell's internal connectivity overapproximated; loop may be a false       
positive)                                                                       
    cell $abc$1958$auto$blifparse.cc:397:parse_blif$2241 ($_ANDNOT_)            
      (cell's internal connectivity overapproximated; loop may be a false       
positive)                                                                       
    cell $abc$1958$auto$blifparse.cc:397:parse_blif$2242 ($_MUX_)               
      (cell's internal connectivity overapproximated; loop may be a false       
positive)                                                                       
    cell $abc$1958$auto$blifparse.cc:397:parse_blif$2245 ($_MUX_)               
      (cell's internal connectivity overapproximated; loop may be a false       
positive)                                                                       
    cell $abc$1958$auto$blifparse.cc:397:parse_blif$2253 ($_MUX_)               
      (cell's internal connectivity overapproximated; loop may be a false       
positive)                                                                       
    cell $abc$1958$auto$blifparse.cc:397:parse_blif$2257 ($_MUX_)               
      (cell's internal connectivity overapproximated; loop may be a false       
positive)                                                                       
    cell $abc$1958$auto$blifparse.cc:397:parse_blif$2372 ($_MUX_)               
      (cell's internal connectivity overapproximated; loop may be a false       
positive)                                                                       
    cell $abc$1958$auto$blifparse.cc:397:parse_blif$2374 ($_MUX_)               
      (cell's internal connectivity overapproximated; loop may be a false       
positive)                                                                       
    wire \i_dut.x_grid_loop[1].y_grid_loop[0].fpga_bb_i.i_clb.adder_stage_result
source:                                                                         
/Users/yuri/Documents/5_projects/swisschips-fpga/tt-fpga/src/tt-fpga/configurabl
e_logic_block.sv:74.11-74.29                                                    
    cell $abc$1958$auto$blifparse.cc:397:parse_blif$2375 ($_MUX_)               
      (cell's internal connectivity overapproximated; loop may be a false       
positive)                                                                       
    wire \i_dut.x_grid_loop[1].y_grid_loop[0].fpga_bb_i.clb_output source:      
/Users/yuri/Documents/5_projects/swisschips-fpga/tt-fpga/src/tt-fpga/fpga_buildi
ng_block.sv:34.11-34.21                                                         
    cell $abc$1958$auto$blifparse.cc:397:parse_blif$2135 ($_MUX_)               
      (cell's internal connectivity overapproximated; loop may be a false       
positive)                                                                       
    cell $abc$1958$auto$blifparse.cc:397:parse_blif$2136 ($_ANDNOT_)            
      (cell's internal connectivity overapproximated; loop may be a false       
positive)                                                                       
    cell $abc$1958$auto$blifparse.cc:397:parse_blif$2269 ($_MUX_)               
      (cell's internal connectivity overapproximated; loop may be a false       
positive)                                                                       
    wire \i_dut.west_grid [12] source:                                          
/Users/yuri/Documents/5_projects/swisschips-fpga/tt-fpga/src/tt-fpga/fpga_grid.s
v:29.51-29.60                                                                   
    cell $abc$1958$auto$blifparse.cc:397:parse_blif$2306 ($_AND_)               
      (cell's internal connectivity overapproximated; loop may be a false       
positive)                                                                       
    cell $abc$1958$auto$blifparse.cc:397:parse_blif$2307 ($_OR_)                
      (cell's internal connectivity overapproximated; loop may be a false       
positive)                                                                       
    cell $abc$1958$auto$blifparse.cc:397:parse_blif$2309 ($_ANDNOT_)            
      (cell's internal connectivity overapproximated; loop may be a false       
positive)                                                                       
    cell $abc$1958$auto$blifparse.cc:397:parse_blif$2311 ($_MUX_)               
      (cell's internal connectivity overapproximated; loop may be a false       
positive)                                                                       
    cell $abc$1958$auto$blifparse.cc:397:parse_blif$2318 ($_MUX_)               
      (cell's internal connectivity overapproximated; loop may be a false       
positive)                                                                       
    wire                                                                        
\i_dut.x_grid_loop[0].y_grid_loop[1].fpga_bb_i.clb_input_mux[0].i_clb_input_mux.
output_o source:                                                                
/Users/yuri/Documents/5_projects/swisschips-fpga/tt-fpga/src/tt-fpga/input_mux.s
v:20.18-20.26                                                                   
    cell $abc$1958$auto$blifparse.cc:397:parse_blif$1982 ($_MUX_)               
      (cell's internal connectivity overapproximated; loop may be a false       
positive)                                                                       
    cell $abc$1958$auto$blifparse.cc:397:parse_blif$2008 ($_MUX_)               
      (cell's internal connectivity overapproximated; loop may be a false       
positive)                                                                       
    cell $abc$1958$auto$blifparse.cc:397:parse_blif$2029 ($_MUX_)               
      (cell's internal connectivity overapproximated; loop may be a false       
positive)                                                                       
    cell $abc$1958$auto$blifparse.cc:397:parse_blif$2047 ($_NAND_)              
      (cell's internal connectivity overapproximated; loop may be a false       
positive)                                                                       
    cell $abc$1958$auto$blifparse.cc:397:parse_blif$2060 ($_ANDNOT_)            
      (cell's internal connectivity overapproximated; loop may be a false       
positive)                                                                       
    cell $abc$1958$auto$blifparse.cc:397:parse_blif$2128 ($_MUX_)               
      (cell's internal connectivity overapproximated; loop may be a false       
positive)                                                                       
    cell $abc$1958$auto$blifparse.cc:397:parse_blif$2129 ($_MUX_)               
      (cell's internal connectivity overapproximated; loop may be a false       
positive)                                                                       
    cell $abc$1958$auto$blifparse.cc:397:parse_blif$2142 ($_MUX_)               
      (cell's internal connectivity overapproximated; loop may be a false       
positive)                                                                       
    cell $abc$1958$auto$blifparse.cc:397:parse_blif$2340 ($_NOT_)               
      (cell's internal connectivity overapproximated; loop may be a false       
positive)                                                                       
    cell $abc$1958$auto$blifparse.cc:397:parse_blif$2344 ($_MUX_)               
      (cell's internal connectivity overapproximated; loop may be a false       
positive)                                                                       
    cell $abc$1958$auto$blifparse.cc:397:parse_blif$2346 ($_MUX_)               
      (cell's internal connectivity overapproximated; loop may be a false       
positive)                                                                       
    cell $abc$1958$auto$blifparse.cc:397:parse_blif$2352 ($_MUX_)               
      (cell's internal connectivity overapproximated; loop may be a false       
positive)                                                                       
    wire                                                                        
\i_dut.x_grid_loop[1].y_grid_loop[1].fpga_bb_i.clb_input_mux[0].i_clb_input_mux.
output_o source:                                                                
/Users/yuri/Documents/5_projects/swisschips-fpga/tt-fpga/src/tt-fpga/input_mux.s
v:20.18-20.26                                                                   
    cell $abc$1958$auto$blifparse.cc:397:parse_blif$2137 ($_MUX_)               
      (cell's internal connectivity overapproximated; loop may be a false       
positive)                                                                       
    cell $abc$1958$auto$blifparse.cc:397:parse_blif$2138 ($_NOT_)               
      (cell's internal connectivity overapproximated; loop may be a false       
positive)                                                                       
    cell $abc$1958$auto$blifparse.cc:397:parse_blif$2163 ($_MUX_)               
      (cell's internal connectivity overapproximated; loop may be a false       
positive)                                                                       
    cell $abc$1958$auto$blifparse.cc:397:parse_blif$2181 ($_MUX_)               
      (cell's internal connectivity overapproximated; loop may be a false       
positive)                                                                       
    cell $abc$1958$auto$blifparse.cc:397:parse_blif$2194 ($_ANDNOT_)            
      (cell's internal connectivity overapproximated; loop may be a false       
positive)                                                                       
    cell $abc$1958$auto$blifparse.cc:397:parse_blif$2207 ($_ORNOT_)             
      (cell's internal connectivity overapproximated; loop may be a false       
positive)                                                                       
    cell $abc$1958$auto$blifparse.cc:397:parse_blif$2267 ($_MUX_)               
      (cell's internal connectivity overapproximated; loop may be a false       
positive)                                                                       
    wire \i_dut.x_grid_loop[1].y_grid_loop[1].fpga_bb_i.i_clb.adder_stage_result
source:                                                                         
/Users/yuri/Documents/5_projects/swisschips-fpga/tt-fpga/src/tt-fpga/configurabl
e_logic_block.sv:74.11-74.29                                                    
    cell $abc$1958$auto$blifparse.cc:397:parse_blif$2268 ($_MUX_)               
      (cell's internal connectivity overapproximated; loop may be a false       
positive)                                                                       
    cell $abc$1958$auto$blifparse.cc:397:parse_blif$2273 ($_MUX_)               
      (cell's internal connectivity overapproximated; loop may be a false       
positive)                                                                       
    wire \i_dut.south_grid [12] source:                                         
/Users/yuri/Documents/5_projects/swisschips-fpga/tt-fpga/src/tt-fpga/fpga_grid.s
v:32.51-32.61                                                                   
Warning: found logic loop in module tt_um_yuri_fpga:                            
    cell $abc$1958$auto$blifparse.cc:397:parse_blif$2269 ($_MUX_)               
      (cell's internal connectivity overapproximated; loop may be a false       
positive)                                                                       
    wire \i_dut.west_grid [12] source:                                          
/Users/yuri/Documents/5_projects/swisschips-fpga/tt-fpga/src/tt-fpga/fpga_grid.s
v:29.51-29.60                                                                   
    cell $abc$1958$auto$blifparse.cc:397:parse_blif$2306 ($_AND_)               
      (cell's internal connectivity overapproximated; loop may be a false       
positive)                                                                       
    cell $abc$1958$auto$blifparse.cc:397:parse_blif$2307 ($_OR_)                
      (cell's internal connectivity overapproximated; loop may be a false       
positive)                                                                       
    cell $abc$1958$auto$blifparse.cc:397:parse_blif$2309 ($_ANDNOT_)            
      (cell's internal connectivity overapproximated; loop may be a false       
positive)                                                                       
    cell $abc$1958$auto$blifparse.cc:397:parse_blif$2311 ($_MUX_)               
      (cell's internal connectivity overapproximated; loop may be a false       
positive)                                                                       
    cell $abc$1958$auto$blifparse.cc:397:parse_blif$2318 ($_MUX_)               
      (cell's internal connectivity overapproximated; loop may be a false       
positive)                                                                       
    wire                                                                        
\i_dut.x_grid_loop[0].y_grid_loop[1].fpga_bb_i.clb_input_mux[0].i_clb_input_mux.
output_o source:                                                                
/Users/yuri/Documents/5_projects/swisschips-fpga/tt-fpga/src/tt-fpga/input_mux.s
v:20.18-20.26                                                                   
    cell $abc$1958$auto$blifparse.cc:397:parse_blif$1982 ($_MUX_)               
      (cell's internal connectivity overapproximated; loop may be a false       
positive)                                                                       
    cell $abc$1958$auto$blifparse.cc:397:parse_blif$2008 ($_MUX_)               
      (cell's internal connectivity overapproximated; loop may be a false       
positive)                                                                       
    cell $abc$1958$auto$blifparse.cc:397:parse_blif$2029 ($_MUX_)               
      (cell's internal connectivity overapproximated; loop may be a false       
positive)                                                                       
    cell $abc$1958$auto$blifparse.cc:397:parse_blif$2047 ($_NAND_)              
      (cell's internal connectivity overapproximated; loop may be a false       
positive)                                                                       
    cell $abc$1958$auto$blifparse.cc:397:parse_blif$2060 ($_ANDNOT_)            
      (cell's internal connectivity overapproximated; loop may be a false       
positive)                                                                       
    cell $abc$1958$auto$blifparse.cc:397:parse_blif$2128 ($_MUX_)               
      (cell's internal connectivity overapproximated; loop may be a false       
positive)                                                                       
    cell $abc$1958$auto$blifparse.cc:397:parse_blif$2129 ($_MUX_)               
      (cell's internal connectivity overapproximated; loop may be a false       
positive)                                                                       
    cell $abc$1958$auto$blifparse.cc:397:parse_blif$2142 ($_MUX_)               
      (cell's internal connectivity overapproximated; loop may be a false       
positive)                                                                       
    cell $abc$1958$auto$blifparse.cc:397:parse_blif$2340 ($_NOT_)               
      (cell's internal connectivity overapproximated; loop may be a false       
positive)                                                                       
    cell $abc$1958$auto$blifparse.cc:397:parse_blif$2344 ($_MUX_)               
      (cell's internal connectivity overapproximated; loop may be a false       
positive)                                                                       
    cell $abc$1958$auto$blifparse.cc:397:parse_blif$2346 ($_MUX_)               
      (cell's internal connectivity overapproximated; loop may be a false       
positive)                                                                       
    cell $abc$1958$auto$blifparse.cc:397:parse_blif$2352 ($_MUX_)               
      (cell's internal connectivity overapproximated; loop may be a false       
positive)                                                                       
    wire                                                                        
\i_dut.x_grid_loop[1].y_grid_loop[1].fpga_bb_i.clb_input_mux[0].i_clb_input_mux.
output_o source:                                                                
/Users/yuri/Documents/5_projects/swisschips-fpga/tt-fpga/src/tt-fpga/input_mux.s
v:20.18-20.26                                                                   
    cell $abc$1958$auto$blifparse.cc:397:parse_blif$2137 ($_MUX_)               
      (cell's internal connectivity overapproximated; loop may be a false       
positive)                                                                       
    cell $abc$1958$auto$blifparse.cc:397:parse_blif$2138 ($_NOT_)               
      (cell's internal connectivity overapproximated; loop may be a false       
positive)                                                                       
    cell $abc$1958$auto$blifparse.cc:397:parse_blif$2163 ($_MUX_)               
      (cell's internal connectivity overapproximated; loop may be a false       
positive)                                                                       
    cell $abc$1958$auto$blifparse.cc:397:parse_blif$2181 ($_MUX_)               
      (cell's internal connectivity overapproximated; loop may be a false       
positive)                                                                       
    cell $abc$1958$auto$blifparse.cc:397:parse_blif$2194 ($_ANDNOT_)            
      (cell's internal connectivity overapproximated; loop may be a false       
positive)                                                                       
    cell $abc$1958$auto$blifparse.cc:397:parse_blif$2207 ($_ORNOT_)             
      (cell's internal connectivity overapproximated; loop may be a false       
positive)                                                                       
    cell $abc$1958$auto$blifparse.cc:397:parse_blif$2267 ($_MUX_)               
      (cell's internal connectivity overapproximated; loop may be a false       
positive)                                                                       
    wire \i_dut.x_grid_loop[1].y_grid_loop[1].fpga_bb_i.i_clb.adder_stage_result
source:                                                                         
/Users/yuri/Documents/5_projects/swisschips-fpga/tt-fpga/src/tt-fpga/configurabl
e_logic_block.sv:74.11-74.29                                                    
    cell $abc$1958$auto$blifparse.cc:397:parse_blif$2268 ($_MUX_)               
      (cell's internal connectivity overapproximated; loop may be a false       
positive)                                                                       
Warning: found logic loop in module tt_um_yuri_fpga:                            
    cell $abc$1958$auto$blifparse.cc:397:parse_blif$2271 ($_MUX_)               
      (cell's internal connectivity overapproximated; loop may be a false       
positive)                                                                       
    wire \i_dut.west_grid [14] source:                                          
/Users/yuri/Documents/5_projects/swisschips-fpga/tt-fpga/src/tt-fpga/fpga_grid.s
v:29.51-29.60                                                                   
    cell $abc$1958$auto$blifparse.cc:397:parse_blif$2132 ($_ANDNOT_)            
      (cell's internal connectivity overapproximated; loop may be a false       
positive)                                                                       
    cell $abc$1958$auto$blifparse.cc:397:parse_blif$2133 ($_MUX_)               
      (cell's internal connectivity overapproximated; loop may be a false       
positive)                                                                       
    wire \i_dut.south_grid [6] source:                                          
/Users/yuri/Documents/5_projects/swisschips-fpga/tt-fpga/src/tt-fpga/fpga_grid.s
v:32.51-32.61                                                                   
    cell $abc$1958$auto$blifparse.cc:397:parse_blif$2276 ($_MUX_)               
      (cell's internal connectivity overapproximated; loop may be a false       
positive)                                                                       
    cell $abc$1958$auto$blifparse.cc:397:parse_blif$2277 ($_MUX_)               
      (cell's internal connectivity overapproximated; loop may be a false       
positive)                                                                       
    wire \i_dut.east_grid [2] source:                                           
/Users/yuri/Documents/5_projects/swisschips-fpga/tt-fpga/src/tt-fpga/fpga_grid.s
v:31.51-31.60                                                                   
    cell $abc$1958$auto$blifparse.cc:397:parse_blif$2334 ($_MUX_)               
      (cell's internal connectivity overapproximated; loop may be a false       
positive)                                                                       
    cell $abc$1958$auto$blifparse.cc:397:parse_blif$2337 ($_MUX_)               
      (cell's internal connectivity overapproximated; loop may be a false       
positive)                                                                       
    cell $abc$1958$auto$blifparse.cc:397:parse_blif$2338 ($_MUX_)               
      (cell's internal connectivity overapproximated; loop may be a false       
positive)                                                                       
    wire                                                                        
\i_dut.x_grid_loop[1].y_grid_loop[0].fpga_bb_i.clb_input_mux[0].i_clb_input_mux.
output_o source:                                                                
/Users/yuri/Documents/5_projects/swisschips-fpga/tt-fpga/src/tt-fpga/input_mux.s
v:20.18-20.26                                                                   
    cell $abc$1958$auto$blifparse.cc:397:parse_blif$2209 ($_MUX_)               
      (cell's internal connectivity overapproximated; loop may be a false       
positive)                                                                       
    cell $abc$1958$auto$blifparse.cc:397:parse_blif$2234 ($_MUX_)               
      (cell's internal connectivity overapproximated; loop may be a false       
positive)                                                                       
    cell $abc$1958$auto$blifparse.cc:397:parse_blif$2257 ($_MUX_)               
      (cell's internal connectivity overapproximated; loop may be a false       
positive)                                                                       
    cell $abc$1958$auto$blifparse.cc:397:parse_blif$2372 ($_MUX_)               
      (cell's internal connectivity overapproximated; loop may be a false       
positive)                                                                       
    cell $abc$1958$auto$blifparse.cc:397:parse_blif$2374 ($_MUX_)               
      (cell's internal connectivity overapproximated; loop may be a false       
positive)                                                                       
    wire \i_dut.x_grid_loop[1].y_grid_loop[0].fpga_bb_i.i_clb.adder_stage_result
source:                                                                         
/Users/yuri/Documents/5_projects/swisschips-fpga/tt-fpga/src/tt-fpga/configurabl
e_logic_block.sv:74.11-74.29                                                    
    cell $abc$1958$auto$blifparse.cc:397:parse_blif$2375 ($_MUX_)               
      (cell's internal connectivity overapproximated; loop may be a false       
positive)                                                                       
    wire \i_dut.x_grid_loop[1].y_grid_loop[0].fpga_bb_i.clb_output source:      
/Users/yuri/Documents/5_projects/swisschips-fpga/tt-fpga/src/tt-fpga/fpga_buildi
ng_block.sv:34.11-34.21                                                         
    cell $abc$1958$auto$blifparse.cc:397:parse_blif$2135 ($_MUX_)               
      (cell's internal connectivity overapproximated; loop may be a false       
positive)                                                                       
    cell $abc$1958$auto$blifparse.cc:397:parse_blif$2136 ($_ANDNOT_)            
      (cell's internal connectivity overapproximated; loop may be a false       
positive)                                                                       
    cell $abc$1958$auto$blifparse.cc:397:parse_blif$2269 ($_MUX_)               
      (cell's internal connectivity overapproximated; loop may be a false       
positive)                                                                       
    wire \i_dut.west_grid [12] source:                                          
/Users/yuri/Documents/5_projects/swisschips-fpga/tt-fpga/src/tt-fpga/fpga_grid.s
v:29.51-29.60                                                                   
    cell $abc$1958$auto$blifparse.cc:397:parse_blif$2306 ($_AND_)               
      (cell's internal connectivity overapproximated; loop may be a false       
positive)                                                                       
    cell $abc$1958$auto$blifparse.cc:397:parse_blif$2307 ($_OR_)                
      (cell's internal connectivity overapproximated; loop may be a false       
positive)                                                                       
    cell $abc$1958$auto$blifparse.cc:397:parse_blif$2309 ($_ANDNOT_)            
      (cell's internal connectivity overapproximated; loop may be a false       
positive)                                                                       
    cell $abc$1958$auto$blifparse.cc:397:parse_blif$2311 ($_MUX_)               
      (cell's internal connectivity overapproximated; loop may be a false       
positive)                                                                       
    cell $abc$1958$auto$blifparse.cc:397:parse_blif$2318 ($_MUX_)               
      (cell's internal connectivity overapproximated; loop may be a false       
positive)                                                                       
    wire                                                                        
\i_dut.x_grid_loop[0].y_grid_loop[1].fpga_bb_i.clb_input_mux[0].i_clb_input_mux.
output_o source:                                                                
/Users/yuri/Documents/5_projects/swisschips-fpga/tt-fpga/src/tt-fpga/input_mux.s
v:20.18-20.26                                                                   
    cell $abc$1958$auto$blifparse.cc:397:parse_blif$1982 ($_MUX_)               
      (cell's internal connectivity overapproximated; loop may be a false       
positive)                                                                       
    cell $abc$1958$auto$blifparse.cc:397:parse_blif$2008 ($_MUX_)               
      (cell's internal connectivity overapproximated; loop may be a false       
positive)                                                                       
    cell $abc$1958$auto$blifparse.cc:397:parse_blif$2029 ($_MUX_)               
      (cell's internal connectivity overapproximated; loop may be a false       
positive)                                                                       
    cell $abc$1958$auto$blifparse.cc:397:parse_blif$2047 ($_NAND_)              
      (cell's internal connectivity overapproximated; loop may be a false       
positive)                                                                       
    cell $abc$1958$auto$blifparse.cc:397:parse_blif$2060 ($_ANDNOT_)            
      (cell's internal connectivity overapproximated; loop may be a false       
positive)                                                                       
    cell $abc$1958$auto$blifparse.cc:397:parse_blif$2128 ($_MUX_)               
      (cell's internal connectivity overapproximated; loop may be a false       
positive)                                                                       
    cell $abc$1958$auto$blifparse.cc:397:parse_blif$2129 ($_MUX_)               
      (cell's internal connectivity overapproximated; loop may be a false       
positive)                                                                       
    cell $abc$1958$auto$blifparse.cc:397:parse_blif$2142 ($_MUX_)               
      (cell's internal connectivity overapproximated; loop may be a false       
positive)                                                                       
    cell $abc$1958$auto$blifparse.cc:397:parse_blif$2340 ($_NOT_)               
      (cell's internal connectivity overapproximated; loop may be a false       
positive)                                                                       
    cell $abc$1958$auto$blifparse.cc:397:parse_blif$2344 ($_MUX_)               
      (cell's internal connectivity overapproximated; loop may be a false       
positive)                                                                       
    cell $abc$1958$auto$blifparse.cc:397:parse_blif$2346 ($_MUX_)               
      (cell's internal connectivity overapproximated; loop may be a false       
positive)                                                                       
    cell $abc$1958$auto$blifparse.cc:397:parse_blif$2352 ($_MUX_)               
      (cell's internal connectivity overapproximated; loop may be a false       
positive)                                                                       
    wire                                                                        
\i_dut.x_grid_loop[1].y_grid_loop[1].fpga_bb_i.clb_input_mux[0].i_clb_input_mux.
output_o source:                                                                
/Users/yuri/Documents/5_projects/swisschips-fpga/tt-fpga/src/tt-fpga/input_mux.s
v:20.18-20.26                                                                   
    cell $abc$1958$auto$blifparse.cc:397:parse_blif$2137 ($_MUX_)               
      (cell's internal connectivity overapproximated; loop may be a false       
positive)                                                                       
    cell $abc$1958$auto$blifparse.cc:397:parse_blif$2138 ($_NOT_)               
      (cell's internal connectivity overapproximated; loop may be a false       
positive)                                                                       
    cell $abc$1958$auto$blifparse.cc:397:parse_blif$2163 ($_MUX_)               
      (cell's internal connectivity overapproximated; loop may be a false       
positive)                                                                       
    cell $abc$1958$auto$blifparse.cc:397:parse_blif$2181 ($_MUX_)               
      (cell's internal connectivity overapproximated; loop may be a false       
positive)                                                                       
    cell $abc$1958$auto$blifparse.cc:397:parse_blif$2194 ($_ANDNOT_)            
      (cell's internal connectivity overapproximated; loop may be a false       
positive)                                                                       
    cell $abc$1958$auto$blifparse.cc:397:parse_blif$2207 ($_ORNOT_)             
      (cell's internal connectivity overapproximated; loop may be a false       
positive)                                                                       
    cell $abc$1958$auto$blifparse.cc:397:parse_blif$2267 ($_MUX_)               
      (cell's internal connectivity overapproximated; loop may be a false       
positive)                                                                       
    wire \i_dut.x_grid_loop[1].y_grid_loop[1].fpga_bb_i.i_clb.adder_stage_result
source:                                                                         
/Users/yuri/Documents/5_projects/swisschips-fpga/tt-fpga/src/tt-fpga/configurabl
e_logic_block.sv:74.11-74.29                                                    
    cell $abc$1958$auto$blifparse.cc:397:parse_blif$2268 ($_MUX_)               
      (cell's internal connectivity overapproximated; loop may be a false       
positive)                                                                       
Warning: found logic loop in module tt_um_yuri_fpga:                            
    cell $abc$1958$auto$blifparse.cc:397:parse_blif$2275 ($_MUX_)               
      (cell's internal connectivity overapproximated; loop may be a false       
positive)                                                                       
    wire \i_dut.south_grid [14] source:                                         
/Users/yuri/Documents/5_projects/swisschips-fpga/tt-fpga/src/tt-fpga/fpga_grid.s
v:32.51-32.61                                                                   
    cell $abc$1958$auto$blifparse.cc:397:parse_blif$2332 ($_ANDNOT_)            
      (cell's internal connectivity overapproximated; loop may be a false       
positive)                                                                       
    cell $abc$1958$auto$blifparse.cc:397:parse_blif$2333 ($_OR_)                
      (cell's internal connectivity overapproximated; loop may be a false       
positive)                                                                       
    cell $abc$1958$auto$blifparse.cc:397:parse_blif$2334 ($_MUX_)               
      (cell's internal connectivity overapproximated; loop may be a false       
positive)                                                                       
    cell $abc$1958$auto$blifparse.cc:397:parse_blif$2337 ($_MUX_)               
      (cell's internal connectivity overapproximated; loop may be a false       
positive)                                                                       
    cell $abc$1958$auto$blifparse.cc:397:parse_blif$2338 ($_MUX_)               
      (cell's internal connectivity overapproximated; loop may be a false       
positive)                                                                       
    wire                                                                        
\i_dut.x_grid_loop[1].y_grid_loop[0].fpga_bb_i.clb_input_mux[0].i_clb_input_mux.
output_o source:                                                                
/Users/yuri/Documents/5_projects/swisschips-fpga/tt-fpga/src/tt-fpga/input_mux.s
v:20.18-20.26                                                                   
    cell $abc$1958$auto$blifparse.cc:397:parse_blif$2209 ($_MUX_)               
      (cell's internal connectivity overapproximated; loop may be a false       
positive)                                                                       
    cell $abc$1958$auto$blifparse.cc:397:parse_blif$2234 ($_MUX_)               
      (cell's internal connectivity overapproximated; loop may be a false       
positive)                                                                       
    cell $abc$1958$auto$blifparse.cc:397:parse_blif$2257 ($_MUX_)               
      (cell's internal connectivity overapproximated; loop may be a false       
positive)                                                                       
    cell $abc$1958$auto$blifparse.cc:397:parse_blif$2372 ($_MUX_)               
      (cell's internal connectivity overapproximated; loop may be a false       
positive)                                                                       
    cell $abc$1958$auto$blifparse.cc:397:parse_blif$2374 ($_MUX_)               
      (cell's internal connectivity overapproximated; loop may be a false       
positive)                                                                       
    wire \i_dut.x_grid_loop[1].y_grid_loop[0].fpga_bb_i.i_clb.adder_stage_result
source:                                                                         
/Users/yuri/Documents/5_projects/swisschips-fpga/tt-fpga/src/tt-fpga/configurabl
e_logic_block.sv:74.11-74.29                                                    
    cell $abc$1958$auto$blifparse.cc:397:parse_blif$2375 ($_MUX_)               
      (cell's internal connectivity overapproximated; loop may be a false       
positive)                                                                       
    wire \i_dut.x_grid_loop[1].y_grid_loop[0].fpga_bb_i.clb_output source:      
/Users/yuri/Documents/5_projects/swisschips-fpga/tt-fpga/src/tt-fpga/fpga_buildi
ng_block.sv:34.11-34.21                                                         
    cell $abc$1958$auto$blifparse.cc:397:parse_blif$2135 ($_MUX_)               
      (cell's internal connectivity overapproximated; loop may be a false       
positive)                                                                       
    cell $abc$1958$auto$blifparse.cc:397:parse_blif$2136 ($_ANDNOT_)            
      (cell's internal connectivity overapproximated; loop may be a false       
positive)                                                                       
    cell $abc$1958$auto$blifparse.cc:397:parse_blif$2269 ($_MUX_)               
      (cell's internal connectivity overapproximated; loop may be a false       
positive)                                                                       
    wire \i_dut.west_grid [12] source:                                          
/Users/yuri/Documents/5_projects/swisschips-fpga/tt-fpga/src/tt-fpga/fpga_grid.s
v:29.51-29.60                                                                   
    cell $abc$1958$auto$blifparse.cc:397:parse_blif$2306 ($_AND_)               
      (cell's internal connectivity overapproximated; loop may be a false       
positive)                                                                       
    cell $abc$1958$auto$blifparse.cc:397:parse_blif$2307 ($_OR_)                
      (cell's internal connectivity overapproximated; loop may be a false       
positive)                                                                       
    cell $abc$1958$auto$blifparse.cc:397:parse_blif$2309 ($_ANDNOT_)            
      (cell's internal connectivity overapproximated; loop may be a false       
positive)                                                                       
    cell $abc$1958$auto$blifparse.cc:397:parse_blif$2311 ($_MUX_)               
      (cell's internal connectivity overapproximated; loop may be a false       
positive)                                                                       
    cell $abc$1958$auto$blifparse.cc:397:parse_blif$2318 ($_MUX_)               
      (cell's internal connectivity overapproximated; loop may be a false       
positive)                                                                       
    wire                                                                        
\i_dut.x_grid_loop[0].y_grid_loop[1].fpga_bb_i.clb_input_mux[0].i_clb_input_mux.
output_o source:                                                                
/Users/yuri/Documents/5_projects/swisschips-fpga/tt-fpga/src/tt-fpga/input_mux.s
v:20.18-20.26                                                                   
    cell $abc$1958$auto$blifparse.cc:397:parse_blif$1982 ($_MUX_)               
      (cell's internal connectivity overapproximated; loop may be a false       
positive)                                                                       
    cell $abc$1958$auto$blifparse.cc:397:parse_blif$2008 ($_MUX_)               
      (cell's internal connectivity overapproximated; loop may be a false       
positive)                                                                       
    cell $abc$1958$auto$blifparse.cc:397:parse_blif$2029 ($_MUX_)               
      (cell's internal connectivity overapproximated; loop may be a false       
positive)                                                                       
    cell $abc$1958$auto$blifparse.cc:397:parse_blif$2047 ($_NAND_)              
      (cell's internal connectivity overapproximated; loop may be a false       
positive)                                                                       
    cell $abc$1958$auto$blifparse.cc:397:parse_blif$2060 ($_ANDNOT_)            
      (cell's internal connectivity overapproximated; loop may be a false       
positive)                                                                       
    cell $abc$1958$auto$blifparse.cc:397:parse_blif$2128 ($_MUX_)               
      (cell's internal connectivity overapproximated; loop may be a false       
positive)                                                                       
    cell $abc$1958$auto$blifparse.cc:397:parse_blif$2129 ($_MUX_)               
      (cell's internal connectivity overapproximated; loop may be a false       
positive)                                                                       
    cell $abc$1958$auto$blifparse.cc:397:parse_blif$2142 ($_MUX_)               
      (cell's internal connectivity overapproximated; loop may be a false       
positive)                                                                       
    cell $abc$1958$auto$blifparse.cc:397:parse_blif$2340 ($_NOT_)               
      (cell's internal connectivity overapproximated; loop may be a false       
positive)                                                                       
    cell $abc$1958$auto$blifparse.cc:397:parse_blif$2344 ($_MUX_)               
      (cell's internal connectivity overapproximated; loop may be a false       
positive)                                                                       
    cell $abc$1958$auto$blifparse.cc:397:parse_blif$2346 ($_MUX_)               
      (cell's internal connectivity overapproximated; loop may be a false       
positive)                                                                       
    cell $abc$1958$auto$blifparse.cc:397:parse_blif$2352 ($_MUX_)               
      (cell's internal connectivity overapproximated; loop may be a false       
positive)                                                                       
    wire                                                                        
\i_dut.x_grid_loop[1].y_grid_loop[1].fpga_bb_i.clb_input_mux[0].i_clb_input_mux.
output_o source:                                                                
/Users/yuri/Documents/5_projects/swisschips-fpga/tt-fpga/src/tt-fpga/input_mux.s
v:20.18-20.26                                                                   
    cell $abc$1958$auto$blifparse.cc:397:parse_blif$2137 ($_MUX_)               
      (cell's internal connectivity overapproximated; loop may be a false       
positive)                                                                       
    cell $abc$1958$auto$blifparse.cc:397:parse_blif$2138 ($_NOT_)               
      (cell's internal connectivity overapproximated; loop may be a false       
positive)                                                                       
    cell $abc$1958$auto$blifparse.cc:397:parse_blif$2163 ($_MUX_)               
      (cell's internal connectivity overapproximated; loop may be a false       
positive)                                                                       
    cell $abc$1958$auto$blifparse.cc:397:parse_blif$2181 ($_MUX_)               
      (cell's internal connectivity overapproximated; loop may be a false       
positive)                                                                       
    cell $abc$1958$auto$blifparse.cc:397:parse_blif$2194 ($_ANDNOT_)            
      (cell's internal connectivity overapproximated; loop may be a false       
positive)                                                                       
    cell $abc$1958$auto$blifparse.cc:397:parse_blif$2207 ($_ORNOT_)             
      (cell's internal connectivity overapproximated; loop may be a false       
positive)                                                                       
    cell $abc$1958$auto$blifparse.cc:397:parse_blif$2267 ($_MUX_)               
      (cell's internal connectivity overapproximated; loop may be a false       
positive)                                                                       
    wire \i_dut.x_grid_loop[1].y_grid_loop[1].fpga_bb_i.i_clb.adder_stage_result
source:                                                                         
/Users/yuri/Documents/5_projects/swisschips-fpga/tt-fpga/src/tt-fpga/configurabl
e_logic_block.sv:74.11-74.29                                                    
    cell $abc$1958$auto$blifparse.cc:397:parse_blif$2268 ($_MUX_)               
      (cell's internal connectivity overapproximated; loop may be a false       
positive)                                                                       
Warning: found logic loop in module tt_um_yuri_fpga:                            
    cell $abc$1958$auto$blifparse.cc:397:parse_blif$2277 ($_MUX_)               
      (cell's internal connectivity overapproximated; loop may be a false       
positive)                                                                       
    wire \i_dut.east_grid [2] source:                                           
/Users/yuri/Documents/5_projects/swisschips-fpga/tt-fpga/src/tt-fpga/fpga_grid.s
v:31.51-31.60                                                                   
    cell $abc$1958$auto$blifparse.cc:397:parse_blif$2334 ($_MUX_)               
      (cell's internal connectivity overapproximated; loop may be a false       
positive)                                                                       
    cell $abc$1958$auto$blifparse.cc:397:parse_blif$2337 ($_MUX_)               
      (cell's internal connectivity overapproximated; loop may be a false       
positive)                                                                       
    cell $abc$1958$auto$blifparse.cc:397:parse_blif$2338 ($_MUX_)               
      (cell's internal connectivity overapproximated; loop may be a false       
positive)                                                                       
    wire                                                                        
\i_dut.x_grid_loop[1].y_grid_loop[0].fpga_bb_i.clb_input_mux[0].i_clb_input_mux.
output_o source:                                                                
/Users/yuri/Documents/5_projects/swisschips-fpga/tt-fpga/src/tt-fpga/input_mux.s
v:20.18-20.26                                                                   
    cell $abc$1958$auto$blifparse.cc:397:parse_blif$2209 ($_MUX_)               
      (cell's internal connectivity overapproximated; loop may be a false       
positive)                                                                       
    cell $abc$1958$auto$blifparse.cc:397:parse_blif$2234 ($_MUX_)               
      (cell's internal connectivity overapproximated; loop may be a false       
positive)                                                                       
    cell $abc$1958$auto$blifparse.cc:397:parse_blif$2257 ($_MUX_)               
      (cell's internal connectivity overapproximated; loop may be a false       
positive)                                                                       
    cell $abc$1958$auto$blifparse.cc:397:parse_blif$2372 ($_MUX_)               
      (cell's internal connectivity overapproximated; loop may be a false       
positive)                                                                       
    cell $abc$1958$auto$blifparse.cc:397:parse_blif$2374 ($_MUX_)               
      (cell's internal connectivity overapproximated; loop may be a false       
positive)                                                                       
    wire \i_dut.x_grid_loop[1].y_grid_loop[0].fpga_bb_i.i_clb.adder_stage_result
source:                                                                         
/Users/yuri/Documents/5_projects/swisschips-fpga/tt-fpga/src/tt-fpga/configurabl
e_logic_block.sv:74.11-74.29                                                    
    cell $abc$1958$auto$blifparse.cc:397:parse_blif$2375 ($_MUX_)               
      (cell's internal connectivity overapproximated; loop may be a false       
positive)                                                                       
    wire \i_dut.x_grid_loop[1].y_grid_loop[0].fpga_bb_i.clb_output source:      
/Users/yuri/Documents/5_projects/swisschips-fpga/tt-fpga/src/tt-fpga/fpga_buildi
ng_block.sv:34.11-34.21                                                         
    cell $abc$1958$auto$blifparse.cc:397:parse_blif$2135 ($_MUX_)               
      (cell's internal connectivity overapproximated; loop may be a false       
positive)                                                                       
    cell $abc$1958$auto$blifparse.cc:397:parse_blif$2136 ($_ANDNOT_)            
      (cell's internal connectivity overapproximated; loop may be a false       
positive)                                                                       
    cell $abc$1958$auto$blifparse.cc:397:parse_blif$2269 ($_MUX_)               
      (cell's internal connectivity overapproximated; loop may be a false       
positive)                                                                       
    wire \i_dut.west_grid [12] source:                                          
/Users/yuri/Documents/5_projects/swisschips-fpga/tt-fpga/src/tt-fpga/fpga_grid.s
v:29.51-29.60                                                                   
    cell $abc$1958$auto$blifparse.cc:397:parse_blif$2306 ($_AND_)               
      (cell's internal connectivity overapproximated; loop may be a false       
positive)                                                                       
    cell $abc$1958$auto$blifparse.cc:397:parse_blif$2307 ($_OR_)                
      (cell's internal connectivity overapproximated; loop may be a false       
positive)                                                                       
    cell $abc$1958$auto$blifparse.cc:397:parse_blif$2309 ($_ANDNOT_)            
      (cell's internal connectivity overapproximated; loop may be a false       
positive)                                                                       
    cell $abc$1958$auto$blifparse.cc:397:parse_blif$2311 ($_MUX_)               
      (cell's internal connectivity overapproximated; loop may be a false       
positive)                                                                       
    cell $abc$1958$auto$blifparse.cc:397:parse_blif$2318 ($_MUX_)               
      (cell's internal connectivity overapproximated; loop may be a false       
positive)                                                                       
    wire                                                                        
\i_dut.x_grid_loop[0].y_grid_loop[1].fpga_bb_i.clb_input_mux[0].i_clb_input_mux.
output_o source:                                                                
/Users/yuri/Documents/5_projects/swisschips-fpga/tt-fpga/src/tt-fpga/input_mux.s
v:20.18-20.26                                                                   
    cell $abc$1958$auto$blifparse.cc:397:parse_blif$1982 ($_MUX_)               
      (cell's internal connectivity overapproximated; loop may be a false       
positive)                                                                       
    cell $abc$1958$auto$blifparse.cc:397:parse_blif$2008 ($_MUX_)               
      (cell's internal connectivity overapproximated; loop may be a false       
positive)                                                                       
    cell $abc$1958$auto$blifparse.cc:397:parse_blif$2029 ($_MUX_)               
      (cell's internal connectivity overapproximated; loop may be a false       
positive)                                                                       
    cell $abc$1958$auto$blifparse.cc:397:parse_blif$2047 ($_NAND_)              
      (cell's internal connectivity overapproximated; loop may be a false       
positive)                                                                       
    cell $abc$1958$auto$blifparse.cc:397:parse_blif$2060 ($_ANDNOT_)            
      (cell's internal connectivity overapproximated; loop may be a false       
positive)                                                                       
    cell $abc$1958$auto$blifparse.cc:397:parse_blif$2128 ($_MUX_)               
      (cell's internal connectivity overapproximated; loop may be a false       
positive)                                                                       
    cell $abc$1958$auto$blifparse.cc:397:parse_blif$2129 ($_MUX_)               
      (cell's internal connectivity overapproximated; loop may be a false       
positive)                                                                       
    cell $abc$1958$auto$blifparse.cc:397:parse_blif$2142 ($_MUX_)               
      (cell's internal connectivity overapproximated; loop may be a false       
positive)                                                                       
    cell $abc$1958$auto$blifparse.cc:397:parse_blif$2340 ($_NOT_)               
      (cell's internal connectivity overapproximated; loop may be a false       
positive)                                                                       
    cell $abc$1958$auto$blifparse.cc:397:parse_blif$2344 ($_MUX_)               
      (cell's internal connectivity overapproximated; loop may be a false       
positive)                                                                       
    cell $abc$1958$auto$blifparse.cc:397:parse_blif$2346 ($_MUX_)               
      (cell's internal connectivity overapproximated; loop may be a false       
positive)                                                                       
    cell $abc$1958$auto$blifparse.cc:397:parse_blif$2352 ($_MUX_)               
      (cell's internal connectivity overapproximated; loop may be a false       
positive)                                                                       
    wire                                                                        
\i_dut.x_grid_loop[1].y_grid_loop[1].fpga_bb_i.clb_input_mux[0].i_clb_input_mux.
output_o source:                                                                
/Users/yuri/Documents/5_projects/swisschips-fpga/tt-fpga/src/tt-fpga/input_mux.s
v:20.18-20.26                                                                   
    cell $abc$1958$auto$blifparse.cc:397:parse_blif$2137 ($_MUX_)               
      (cell's internal connectivity overapproximated; loop may be a false       
positive)                                                                       
    cell $abc$1958$auto$blifparse.cc:397:parse_blif$2138 ($_NOT_)               
      (cell's internal connectivity overapproximated; loop may be a false       
positive)                                                                       
    cell $abc$1958$auto$blifparse.cc:397:parse_blif$2163 ($_MUX_)               
      (cell's internal connectivity overapproximated; loop may be a false       
positive)                                                                       
    cell $abc$1958$auto$blifparse.cc:397:parse_blif$2181 ($_MUX_)               
      (cell's internal connectivity overapproximated; loop may be a false       
positive)                                                                       
    cell $abc$1958$auto$blifparse.cc:397:parse_blif$2194 ($_ANDNOT_)            
      (cell's internal connectivity overapproximated; loop may be a false       
positive)                                                                       
    cell $abc$1958$auto$blifparse.cc:397:parse_blif$2207 ($_ORNOT_)             
      (cell's internal connectivity overapproximated; loop may be a false       
positive)                                                                       
    cell $abc$1958$auto$blifparse.cc:397:parse_blif$2267 ($_MUX_)               
      (cell's internal connectivity overapproximated; loop may be a false       
positive)                                                                       
    wire \i_dut.x_grid_loop[1].y_grid_loop[1].fpga_bb_i.i_clb.adder_stage_result
source:                                                                         
/Users/yuri/Documents/5_projects/swisschips-fpga/tt-fpga/src/tt-fpga/configurabl
e_logic_block.sv:74.11-74.29                                                    
    cell $abc$1958$auto$blifparse.cc:397:parse_blif$2268 ($_MUX_)               
      (cell's internal connectivity overapproximated; loop may be a false       
positive)                                                                       
    cell $abc$1958$auto$blifparse.cc:397:parse_blif$2273 ($_MUX_)               
      (cell's internal connectivity overapproximated; loop may be a false       
positive)                                                                       
    wire \i_dut.south_grid [12] source:                                         
/Users/yuri/Documents/5_projects/swisschips-fpga/tt-fpga/src/tt-fpga/fpga_grid.s
v:32.51-32.61                                                                   
    cell $abc$1958$auto$blifparse.cc:397:parse_blif$1975 ($_MUX_)               
      (cell's internal connectivity overapproximated; loop may be a false       
positive)                                                                       
    cell $abc$1958$auto$blifparse.cc:397:parse_blif$1976 ($_MUX_)               
      (cell's internal connectivity overapproximated; loop may be a false       
positive)                                                                       
    wire \i_dut.west_grid [8] source:                                           
/Users/yuri/Documents/5_projects/swisschips-fpga/tt-fpga/src/tt-fpga/fpga_grid.s
v:29.51-29.60                                                                   
    cell $abc$1958$auto$blifparse.cc:397:parse_blif$2284 ($_AND_)               
      (cell's internal connectivity overapproximated; loop may be a false       
positive)                                                                       
    cell $abc$1958$auto$blifparse.cc:397:parse_blif$2285 ($_OR_)                
      (cell's internal connectivity overapproximated; loop may be a false       
positive)                                                                       
    cell $abc$1958$auto$blifparse.cc:397:parse_blif$2288 ($_OR_)                
      (cell's internal connectivity overapproximated; loop may be a false       
positive)                                                                       
    cell $abc$1958$auto$blifparse.cc:397:parse_blif$2290 ($_ANDNOT_)            
      (cell's internal connectivity overapproximated; loop may be a false       
positive)                                                                       
    cell $abc$1958$auto$blifparse.cc:397:parse_blif$2292 ($_MUX_)               
      (cell's internal connectivity overapproximated; loop may be a false       
positive)                                                                       
    cell $abc$1958$auto$blifparse.cc:397:parse_blif$2301 ($_MUX_)               
      (cell's internal connectivity overapproximated; loop may be a false       
positive)                                                                       
    wire                                                                        
\i_dut.x_grid_loop[0].y_grid_loop[0].fpga_bb_i.clb_input_mux[0].i_clb_input_mux.
output_o source:                                                                
/Users/yuri/Documents/5_projects/swisschips-fpga/tt-fpga/src/tt-fpga/input_mux.s
v:20.18-20.26                                                                   
    cell $abc$1958$auto$blifparse.cc:397:parse_blif$2062 ($_MUX_)               
      (cell's internal connectivity overapproximated; loop may be a false       
positive)                                                                       
    cell $abc$1958$auto$blifparse.cc:397:parse_blif$2088 ($_MUX_)               
      (cell's internal connectivity overapproximated; loop may be a false       
positive)                                                                       
    cell $abc$1958$auto$blifparse.cc:397:parse_blif$2114 ($_MUX_)               
      (cell's internal connectivity overapproximated; loop may be a false       
positive)                                                                       
    cell $abc$1958$auto$blifparse.cc:397:parse_blif$2404 ($_MUX_)               
      (cell's internal connectivity overapproximated; loop may be a false       
positive)                                                                       
    cell $abc$1958$auto$blifparse.cc:397:parse_blif$2406 ($_MUX_)               
      (cell's internal connectivity overapproximated; loop may be a false       
positive)                                                                       
    wire \i_dut.x_grid_loop[0].y_grid_loop[0].fpga_bb_i.i_clb.adder_stage_result
source:                                                                         
/Users/yuri/Documents/5_projects/swisschips-fpga/tt-fpga/src/tt-fpga/configurabl
e_logic_block.sv:74.11-74.29                                                    
    cell $abc$1958$auto$blifparse.cc:397:parse_blif$2407 ($_MUX_)               
      (cell's internal connectivity overapproximated; loop may be a false       
positive)                                                                       
    wire \i_dut.x_grid_loop[0].y_grid_loop[0].fpga_bb_i.clb_output source:      
/Users/yuri/Documents/5_projects/swisschips-fpga/tt-fpga/src/tt-fpga/fpga_buildi
ng_block.sv:34.11-34.21                                                         
Warning: found logic loop in module tt_um_yuri_fpga:                            
    cell $abc$1958$auto$blifparse.cc:397:parse_blif$2279 ($_MUX_)               
      (cell's internal connectivity overapproximated; loop may be a false       
positive)                                                                       
    wire \i_dut.east_grid [0] source:                                           
/Users/yuri/Documents/5_projects/swisschips-fpga/tt-fpga/src/tt-fpga/fpga_grid.s
v:31.51-31.60                                                                   
    cell $abc$1958$auto$blifparse.cc:397:parse_blif$2326 ($_MUX_)               
      (cell's internal connectivity overapproximated; loop may be a false       
positive)                                                                       
    cell $abc$1958$auto$blifparse.cc:397:parse_blif$2330 ($_MUX_)               
      (cell's internal connectivity overapproximated; loop may be a false       
positive)                                                                       
    cell $abc$1958$auto$blifparse.cc:397:parse_blif$2338 ($_MUX_)               
      (cell's internal connectivity overapproximated; loop may be a false       
positive)                                                                       
    wire                                                                        
\i_dut.x_grid_loop[1].y_grid_loop[0].fpga_bb_i.clb_input_mux[0].i_clb_input_mux.
output_o source:                                                                
/Users/yuri/Documents/5_projects/swisschips-fpga/tt-fpga/src/tt-fpga/input_mux.s
v:20.18-20.26                                                                   
    cell $abc$1958$auto$blifparse.cc:397:parse_blif$2209 ($_MUX_)               
      (cell's internal connectivity overapproximated; loop may be a false       
positive)                                                                       
    cell $abc$1958$auto$blifparse.cc:397:parse_blif$2234 ($_MUX_)               
      (cell's internal connectivity overapproximated; loop may be a false       
positive)                                                                       
    cell $abc$1958$auto$blifparse.cc:397:parse_blif$2257 ($_MUX_)               
      (cell's internal connectivity overapproximated; loop may be a false       
positive)                                                                       
    cell $abc$1958$auto$blifparse.cc:397:parse_blif$2372 ($_MUX_)               
      (cell's internal connectivity overapproximated; loop may be a false       
positive)                                                                       
    cell $abc$1958$auto$blifparse.cc:397:parse_blif$2374 ($_MUX_)               
      (cell's internal connectivity overapproximated; loop may be a false       
positive)                                                                       
    wire \i_dut.x_grid_loop[1].y_grid_loop[0].fpga_bb_i.i_clb.adder_stage_result
source:                                                                         
/Users/yuri/Documents/5_projects/swisschips-fpga/tt-fpga/src/tt-fpga/configurabl
e_logic_block.sv:74.11-74.29                                                    
    cell $abc$1958$auto$blifparse.cc:397:parse_blif$2375 ($_MUX_)               
      (cell's internal connectivity overapproximated; loop may be a false       
positive)                                                                       
    wire \i_dut.x_grid_loop[1].y_grid_loop[0].fpga_bb_i.clb_output source:      
/Users/yuri/Documents/5_projects/swisschips-fpga/tt-fpga/src/tt-fpga/fpga_buildi
ng_block.sv:34.11-34.21                                                         
    cell $abc$1958$auto$blifparse.cc:397:parse_blif$2135 ($_MUX_)               
      (cell's internal connectivity overapproximated; loop may be a false       
positive)                                                                       
    cell $abc$1958$auto$blifparse.cc:397:parse_blif$2136 ($_ANDNOT_)            
      (cell's internal connectivity overapproximated; loop may be a false       
positive)                                                                       
    cell $abc$1958$auto$blifparse.cc:397:parse_blif$2269 ($_MUX_)               
      (cell's internal connectivity overapproximated; loop may be a false       
positive)                                                                       
    wire \i_dut.west_grid [12] source:                                          
/Users/yuri/Documents/5_projects/swisschips-fpga/tt-fpga/src/tt-fpga/fpga_grid.s
v:29.51-29.60                                                                   
    cell $abc$1958$auto$blifparse.cc:397:parse_blif$2306 ($_AND_)               
      (cell's internal connectivity overapproximated; loop may be a false       
positive)                                                                       
    cell $abc$1958$auto$blifparse.cc:397:parse_blif$2307 ($_OR_)                
      (cell's internal connectivity overapproximated; loop may be a false       
positive)                                                                       
    cell $abc$1958$auto$blifparse.cc:397:parse_blif$2309 ($_ANDNOT_)            
      (cell's internal connectivity overapproximated; loop may be a false       
positive)                                                                       
    cell $abc$1958$auto$blifparse.cc:397:parse_blif$2311 ($_MUX_)               
      (cell's internal connectivity overapproximated; loop may be a false       
positive)                                                                       
    cell $abc$1958$auto$blifparse.cc:397:parse_blif$2318 ($_MUX_)               
      (cell's internal connectivity overapproximated; loop may be a false       
positive)                                                                       
    wire                                                                        
\i_dut.x_grid_loop[0].y_grid_loop[1].fpga_bb_i.clb_input_mux[0].i_clb_input_mux.
output_o source:                                                                
/Users/yuri/Documents/5_projects/swisschips-fpga/tt-fpga/src/tt-fpga/input_mux.s
v:20.18-20.26                                                                   
    cell $abc$1958$auto$blifparse.cc:397:parse_blif$1982 ($_MUX_)               
      (cell's internal connectivity overapproximated; loop may be a false       
positive)                                                                       
    cell $abc$1958$auto$blifparse.cc:397:parse_blif$2008 ($_MUX_)               
      (cell's internal connectivity overapproximated; loop may be a false       
positive)                                                                       
    cell $abc$1958$auto$blifparse.cc:397:parse_blif$2029 ($_MUX_)               
      (cell's internal connectivity overapproximated; loop may be a false       
positive)                                                                       
    cell $abc$1958$auto$blifparse.cc:397:parse_blif$2047 ($_NAND_)              
      (cell's internal connectivity overapproximated; loop may be a false       
positive)                                                                       
    cell $abc$1958$auto$blifparse.cc:397:parse_blif$2060 ($_ANDNOT_)            
      (cell's internal connectivity overapproximated; loop may be a false       
positive)                                                                       
    cell $abc$1958$auto$blifparse.cc:397:parse_blif$2128 ($_MUX_)               
      (cell's internal connectivity overapproximated; loop may be a false       
positive)                                                                       
    cell $abc$1958$auto$blifparse.cc:397:parse_blif$2129 ($_MUX_)               
      (cell's internal connectivity overapproximated; loop may be a false       
positive)                                                                       
    cell $abc$1958$auto$blifparse.cc:397:parse_blif$2142 ($_MUX_)               
      (cell's internal connectivity overapproximated; loop may be a false       
positive)                                                                       
    cell $abc$1958$auto$blifparse.cc:397:parse_blif$2340 ($_NOT_)               
      (cell's internal connectivity overapproximated; loop may be a false       
positive)                                                                       
    cell $abc$1958$auto$blifparse.cc:397:parse_blif$2344 ($_MUX_)               
      (cell's internal connectivity overapproximated; loop may be a false       
positive)                                                                       
    cell $abc$1958$auto$blifparse.cc:397:parse_blif$2346 ($_MUX_)               
      (cell's internal connectivity overapproximated; loop may be a false       
positive)                                                                       
    cell $abc$1958$auto$blifparse.cc:397:parse_blif$2352 ($_MUX_)               
      (cell's internal connectivity overapproximated; loop may be a false       
positive)                                                                       
    wire                                                                        
\i_dut.x_grid_loop[1].y_grid_loop[1].fpga_bb_i.clb_input_mux[0].i_clb_input_mux.
output_o source:                                                                
/Users/yuri/Documents/5_projects/swisschips-fpga/tt-fpga/src/tt-fpga/input_mux.s
v:20.18-20.26                                                                   
    cell $abc$1958$auto$blifparse.cc:397:parse_blif$2137 ($_MUX_)               
      (cell's internal connectivity overapproximated; loop may be a false       
positive)                                                                       
    cell $abc$1958$auto$blifparse.cc:397:parse_blif$2138 ($_NOT_)               
      (cell's internal connectivity overapproximated; loop may be a false       
positive)                                                                       
    cell $abc$1958$auto$blifparse.cc:397:parse_blif$2163 ($_MUX_)               
      (cell's internal connectivity overapproximated; loop may be a false       
positive)                                                                       
    cell $abc$1958$auto$blifparse.cc:397:parse_blif$2181 ($_MUX_)               
      (cell's internal connectivity overapproximated; loop may be a false       
positive)                                                                       
    cell $abc$1958$auto$blifparse.cc:397:parse_blif$2194 ($_ANDNOT_)            
      (cell's internal connectivity overapproximated; loop may be a false       
positive)                                                                       
    cell $abc$1958$auto$blifparse.cc:397:parse_blif$2207 ($_ORNOT_)             
      (cell's internal connectivity overapproximated; loop may be a false       
positive)                                                                       
    cell $abc$1958$auto$blifparse.cc:397:parse_blif$2267 ($_MUX_)               
      (cell's internal connectivity overapproximated; loop may be a false       
positive)                                                                       
    wire \i_dut.x_grid_loop[1].y_grid_loop[1].fpga_bb_i.i_clb.adder_stage_result
source:                                                                         
/Users/yuri/Documents/5_projects/swisschips-fpga/tt-fpga/src/tt-fpga/configurabl
e_logic_block.sv:74.11-74.29                                                    
    cell $abc$1958$auto$blifparse.cc:397:parse_blif$2268 ($_MUX_)               
      (cell's internal connectivity overapproximated; loop may be a false       
positive)                                                                       
    cell $abc$1958$auto$blifparse.cc:397:parse_blif$2273 ($_MUX_)               
      (cell's internal connectivity overapproximated; loop may be a false       
positive)                                                                       
    wire \i_dut.south_grid [12] source:                                         
/Users/yuri/Documents/5_projects/swisschips-fpga/tt-fpga/src/tt-fpga/fpga_grid.s
v:32.51-32.61                                                                   
    cell $abc$1958$auto$blifparse.cc:397:parse_blif$1975 ($_MUX_)               
      (cell's internal connectivity overapproximated; loop may be a false       
positive)                                                                       
    cell $abc$1958$auto$blifparse.cc:397:parse_blif$1976 ($_MUX_)               
      (cell's internal connectivity overapproximated; loop may be a false       
positive)                                                                       
    wire \i_dut.west_grid [8] source:                                           
/Users/yuri/Documents/5_projects/swisschips-fpga/tt-fpga/src/tt-fpga/fpga_grid.s
v:29.51-29.60                                                                   
    cell $abc$1958$auto$blifparse.cc:397:parse_blif$2284 ($_AND_)               
      (cell's internal connectivity overapproximated; loop may be a false       
positive)                                                                       
    cell $abc$1958$auto$blifparse.cc:397:parse_blif$2285 ($_OR_)                
      (cell's internal connectivity overapproximated; loop may be a false       
positive)                                                                       
    cell $abc$1958$auto$blifparse.cc:397:parse_blif$2288 ($_OR_)                
      (cell's internal connectivity overapproximated; loop may be a false       
positive)                                                                       
    cell $abc$1958$auto$blifparse.cc:397:parse_blif$2290 ($_ANDNOT_)            
      (cell's internal connectivity overapproximated; loop may be a false       
positive)                                                                       
    cell $abc$1958$auto$blifparse.cc:397:parse_blif$2292 ($_MUX_)               
      (cell's internal connectivity overapproximated; loop may be a false       
positive)                                                                       
    cell $abc$1958$auto$blifparse.cc:397:parse_blif$2301 ($_MUX_)               
      (cell's internal connectivity overapproximated; loop may be a false       
positive)                                                                       
    wire                                                                        
\i_dut.x_grid_loop[0].y_grid_loop[0].fpga_bb_i.clb_input_mux[0].i_clb_input_mux.
output_o source:                                                                
/Users/yuri/Documents/5_projects/swisschips-fpga/tt-fpga/src/tt-fpga/input_mux.s
v:20.18-20.26                                                                   
    cell $abc$1958$auto$blifparse.cc:397:parse_blif$2062 ($_MUX_)               
      (cell's internal connectivity overapproximated; loop may be a false       
positive)                                                                       
    cell $abc$1958$auto$blifparse.cc:397:parse_blif$2088 ($_MUX_)               
      (cell's internal connectivity overapproximated; loop may be a false       
positive)                                                                       
    cell $abc$1958$auto$blifparse.cc:397:parse_blif$2114 ($_MUX_)               
      (cell's internal connectivity overapproximated; loop may be a false       
positive)                                                                       
    cell $abc$1958$auto$blifparse.cc:397:parse_blif$2404 ($_MUX_)               
      (cell's internal connectivity overapproximated; loop may be a false       
positive)                                                                       
    cell $abc$1958$auto$blifparse.cc:397:parse_blif$2406 ($_MUX_)               
      (cell's internal connectivity overapproximated; loop may be a false       
positive)                                                                       
    wire \i_dut.x_grid_loop[0].y_grid_loop[0].fpga_bb_i.i_clb.adder_stage_result
source:                                                                         
/Users/yuri/Documents/5_projects/swisschips-fpga/tt-fpga/src/tt-fpga/configurabl
e_logic_block.sv:74.11-74.29                                                    
    cell $abc$1958$auto$blifparse.cc:397:parse_blif$2407 ($_MUX_)               
      (cell's internal connectivity overapproximated; loop may be a false       
positive)                                                                       
    wire \i_dut.x_grid_loop[0].y_grid_loop[0].fpga_bb_i.clb_output source:      
/Users/yuri/Documents/5_projects/swisschips-fpga/tt-fpga/src/tt-fpga/fpga_buildi
ng_block.sv:34.11-34.21                                                         
Warning: found logic loop in module tt_um_yuri_fpga:                            
    cell $abc$1958$auto$blifparse.cc:397:parse_blif$2324 ($_ANDNOT_)            
      (cell's internal connectivity overapproximated; loop may be a false       
positive)                                                                       
    cell $abc$1958$auto$blifparse.cc:397:parse_blif$2325 ($_OR_)                
      (cell's internal connectivity overapproximated; loop may be a false       
positive)                                                                       
    cell $abc$1958$auto$blifparse.cc:397:parse_blif$2326 ($_MUX_)               
      (cell's internal connectivity overapproximated; loop may be a false       
positive)                                                                       
    cell $abc$1958$auto$blifparse.cc:397:parse_blif$2330 ($_MUX_)               
      (cell's internal connectivity overapproximated; loop may be a false       
positive)                                                                       
    cell $abc$1958$auto$blifparse.cc:397:parse_blif$2338 ($_MUX_)               
      (cell's internal connectivity overapproximated; loop may be a false       
positive)                                                                       
    wire                                                                        
\i_dut.x_grid_loop[1].y_grid_loop[0].fpga_bb_i.clb_input_mux[0].i_clb_input_mux.
output_o source:                                                                
/Users/yuri/Documents/5_projects/swisschips-fpga/tt-fpga/src/tt-fpga/input_mux.s
v:20.18-20.26                                                                   
    cell $abc$1958$auto$blifparse.cc:397:parse_blif$2209 ($_MUX_)               
      (cell's internal connectivity overapproximated; loop may be a false       
positive)                                                                       
    cell $abc$1958$auto$blifparse.cc:397:parse_blif$2234 ($_MUX_)               
      (cell's internal connectivity overapproximated; loop may be a false       
positive)                                                                       
    cell $abc$1958$auto$blifparse.cc:397:parse_blif$2257 ($_MUX_)               
      (cell's internal connectivity overapproximated; loop may be a false       
positive)                                                                       
    cell $abc$1958$auto$blifparse.cc:397:parse_blif$2372 ($_MUX_)               
      (cell's internal connectivity overapproximated; loop may be a false       
positive)                                                                       
    cell $abc$1958$auto$blifparse.cc:397:parse_blif$2374 ($_MUX_)               
      (cell's internal connectivity overapproximated; loop may be a false       
positive)                                                                       
    wire \i_dut.x_grid_loop[1].y_grid_loop[0].fpga_bb_i.i_clb.adder_stage_result
source:                                                                         
/Users/yuri/Documents/5_projects/swisschips-fpga/tt-fpga/src/tt-fpga/configurabl
e_logic_block.sv:74.11-74.29                                                    
    cell $abc$1958$auto$blifparse.cc:397:parse_blif$2375 ($_MUX_)               
      (cell's internal connectivity overapproximated; loop may be a false       
positive)                                                                       
    wire \i_dut.x_grid_loop[1].y_grid_loop[0].fpga_bb_i.clb_output source:      
/Users/yuri/Documents/5_projects/swisschips-fpga/tt-fpga/src/tt-fpga/fpga_buildi
ng_block.sv:34.11-34.21                                                         
    cell $abc$1958$auto$blifparse.cc:397:parse_blif$2135 ($_MUX_)               
      (cell's internal connectivity overapproximated; loop may be a false       
positive)                                                                       
    cell $abc$1958$auto$blifparse.cc:397:parse_blif$2136 ($_ANDNOT_)            
      (cell's internal connectivity overapproximated; loop may be a false       
positive)                                                                       
    cell $abc$1958$auto$blifparse.cc:397:parse_blif$2269 ($_MUX_)               
      (cell's internal connectivity overapproximated; loop may be a false       
positive)                                                                       
    wire \i_dut.west_grid [12] source:                                          
/Users/yuri/Documents/5_projects/swisschips-fpga/tt-fpga/src/tt-fpga/fpga_grid.s
v:29.51-29.60                                                                   
    cell $abc$1958$auto$blifparse.cc:397:parse_blif$2306 ($_AND_)               
      (cell's internal connectivity overapproximated; loop may be a false       
positive)                                                                       
    cell $abc$1958$auto$blifparse.cc:397:parse_blif$2307 ($_OR_)                
      (cell's internal connectivity overapproximated; loop may be a false       
positive)                                                                       
    cell $abc$1958$auto$blifparse.cc:397:parse_blif$2309 ($_ANDNOT_)            
      (cell's internal connectivity overapproximated; loop may be a false       
positive)                                                                       
    cell $abc$1958$auto$blifparse.cc:397:parse_blif$2311 ($_MUX_)               
      (cell's internal connectivity overapproximated; loop may be a false       
positive)                                                                       
    cell $abc$1958$auto$blifparse.cc:397:parse_blif$2318 ($_MUX_)               
      (cell's internal connectivity overapproximated; loop may be a false       
positive)                                                                       
    wire                                                                        
\i_dut.x_grid_loop[0].y_grid_loop[1].fpga_bb_i.clb_input_mux[0].i_clb_input_mux.
output_o source:                                                                
/Users/yuri/Documents/5_projects/swisschips-fpga/tt-fpga/src/tt-fpga/input_mux.s
v:20.18-20.26                                                                   
    cell $abc$1958$auto$blifparse.cc:397:parse_blif$1982 ($_MUX_)               
      (cell's internal connectivity overapproximated; loop may be a false       
positive)                                                                       
    cell $abc$1958$auto$blifparse.cc:397:parse_blif$2008 ($_MUX_)               
      (cell's internal connectivity overapproximated; loop may be a false       
positive)                                                                       
    cell $abc$1958$auto$blifparse.cc:397:parse_blif$2029 ($_MUX_)               
      (cell's internal connectivity overapproximated; loop may be a false       
positive)                                                                       
    cell $abc$1958$auto$blifparse.cc:397:parse_blif$2047 ($_NAND_)              
      (cell's internal connectivity overapproximated; loop may be a false       
positive)                                                                       
    cell $abc$1958$auto$blifparse.cc:397:parse_blif$2060 ($_ANDNOT_)            
      (cell's internal connectivity overapproximated; loop may be a false       
positive)                                                                       
    cell $abc$1958$auto$blifparse.cc:397:parse_blif$2128 ($_MUX_)               
      (cell's internal connectivity overapproximated; loop may be a false       
positive)                                                                       
    cell $abc$1958$auto$blifparse.cc:397:parse_blif$2129 ($_MUX_)               
      (cell's internal connectivity overapproximated; loop may be a false       
positive)                                                                       
    cell $abc$1958$auto$blifparse.cc:397:parse_blif$2142 ($_MUX_)               
      (cell's internal connectivity overapproximated; loop may be a false       
positive)                                                                       
    cell $abc$1958$auto$blifparse.cc:397:parse_blif$2340 ($_NOT_)               
      (cell's internal connectivity overapproximated; loop may be a false       
positive)                                                                       
    cell $abc$1958$auto$blifparse.cc:397:parse_blif$2344 ($_MUX_)               
      (cell's internal connectivity overapproximated; loop may be a false       
positive)                                                                       
    cell $abc$1958$auto$blifparse.cc:397:parse_blif$2346 ($_MUX_)               
      (cell's internal connectivity overapproximated; loop may be a false       
positive)                                                                       
    cell $abc$1958$auto$blifparse.cc:397:parse_blif$2352 ($_MUX_)               
      (cell's internal connectivity overapproximated; loop may be a false       
positive)                                                                       
    wire                                                                        
\i_dut.x_grid_loop[1].y_grid_loop[1].fpga_bb_i.clb_input_mux[0].i_clb_input_mux.
output_o source:                                                                
/Users/yuri/Documents/5_projects/swisschips-fpga/tt-fpga/src/tt-fpga/input_mux.s
v:20.18-20.26                                                                   
    cell $abc$1958$auto$blifparse.cc:397:parse_blif$2137 ($_MUX_)               
      (cell's internal connectivity overapproximated; loop may be a false       
positive)                                                                       
    cell $abc$1958$auto$blifparse.cc:397:parse_blif$2138 ($_NOT_)               
      (cell's internal connectivity overapproximated; loop may be a false       
positive)                                                                       
    cell $abc$1958$auto$blifparse.cc:397:parse_blif$2163 ($_MUX_)               
      (cell's internal connectivity overapproximated; loop may be a false       
positive)                                                                       
    cell $abc$1958$auto$blifparse.cc:397:parse_blif$2181 ($_MUX_)               
      (cell's internal connectivity overapproximated; loop may be a false       
positive)                                                                       
    cell $abc$1958$auto$blifparse.cc:397:parse_blif$2194 ($_ANDNOT_)            
      (cell's internal connectivity overapproximated; loop may be a false       
positive)                                                                       
    cell $abc$1958$auto$blifparse.cc:397:parse_blif$2207 ($_ORNOT_)             
      (cell's internal connectivity overapproximated; loop may be a false       
positive)                                                                       
    cell $abc$1958$auto$blifparse.cc:397:parse_blif$2267 ($_MUX_)               
      (cell's internal connectivity overapproximated; loop may be a false       
positive)                                                                       
    wire \i_dut.x_grid_loop[1].y_grid_loop[1].fpga_bb_i.i_clb.adder_stage_result
source:                                                                         
/Users/yuri/Documents/5_projects/swisschips-fpga/tt-fpga/src/tt-fpga/configurabl
e_logic_block.sv:74.11-74.29                                                    
    cell $abc$1958$auto$blifparse.cc:397:parse_blif$2268 ($_MUX_)               
      (cell's internal connectivity overapproximated; loop may be a false       
positive)                                                                       
    cell $abc$1958$auto$blifparse.cc:397:parse_blif$2273 ($_MUX_)               
      (cell's internal connectivity overapproximated; loop may be a false       
positive)                                                                       
    wire \i_dut.south_grid [12] source:                                         
/Users/yuri/Documents/5_projects/swisschips-fpga/tt-fpga/src/tt-fpga/fpga_grid.s
v:32.51-32.61                                                                   
Warning: found logic loop in module tt_um_yuri_fpga:                            
    cell $abc$1958$auto$blifparse.cc:397:parse_blif$2358 ($_ANDNOT_)            
      (cell's internal connectivity overapproximated; loop may be a false       
positive)                                                                       
    cell $abc$1958$auto$blifparse.cc:397:parse_blif$2359 ($_ANDNOT_)            
      (cell's internal connectivity overapproximated; loop may be a false       
positive)                                                                       
    cell $abc$1958$auto$blifparse.cc:397:parse_blif$2360 ($_MUX_)               
      (cell's internal connectivity overapproximated; loop may be a false       
positive)                                                                       
    cell $abc$1958$auto$blifparse.cc:397:parse_blif$2363 ($_MUX_)               
      (cell's internal connectivity overapproximated; loop may be a false       
positive)                                                                       
    cell $abc$1958$auto$blifparse.cc:397:parse_blif$2371 ($_MUX_)               
      (cell's internal connectivity overapproximated; loop may be a false       
positive)                                                                       
    cell $abc$1958$auto$blifparse.cc:397:parse_blif$2372 ($_MUX_)               
      (cell's internal connectivity overapproximated; loop may be a false       
positive)                                                                       
    cell $abc$1958$auto$blifparse.cc:397:parse_blif$2374 ($_MUX_)               
      (cell's internal connectivity overapproximated; loop may be a false       
positive)                                                                       
    wire \i_dut.x_grid_loop[1].y_grid_loop[0].fpga_bb_i.i_clb.adder_stage_result
source:                                                                         
/Users/yuri/Documents/5_projects/swisschips-fpga/tt-fpga/src/tt-fpga/configurabl
e_logic_block.sv:74.11-74.29                                                    
    cell $abc$1958$auto$blifparse.cc:397:parse_blif$2375 ($_MUX_)               
      (cell's internal connectivity overapproximated; loop may be a false       
positive)                                                                       
    wire \i_dut.x_grid_loop[1].y_grid_loop[0].fpga_bb_i.clb_output source:      
/Users/yuri/Documents/5_projects/swisschips-fpga/tt-fpga/src/tt-fpga/fpga_buildi
ng_block.sv:34.11-34.21                                                         
    cell $abc$1958$auto$blifparse.cc:397:parse_blif$2135 ($_MUX_)               
      (cell's internal connectivity overapproximated; loop may be a false       
positive)                                                                       
    cell $abc$1958$auto$blifparse.cc:397:parse_blif$2136 ($_ANDNOT_)            
      (cell's internal connectivity overapproximated; loop may be a false       
positive)                                                                       
    cell $abc$1958$auto$blifparse.cc:397:parse_blif$2269 ($_MUX_)               
      (cell's internal connectivity overapproximated; loop may be a false       
positive)                                                                       
    wire \i_dut.west_grid [12] source:                                          
/Users/yuri/Documents/5_projects/swisschips-fpga/tt-fpga/src/tt-fpga/fpga_grid.s
v:29.51-29.60                                                                   
    cell $abc$1958$auto$blifparse.cc:397:parse_blif$2306 ($_AND_)               
      (cell's internal connectivity overapproximated; loop may be a false       
positive)                                                                       
    cell $abc$1958$auto$blifparse.cc:397:parse_blif$2307 ($_OR_)                
      (cell's internal connectivity overapproximated; loop may be a false       
positive)                                                                       
    cell $abc$1958$auto$blifparse.cc:397:parse_blif$2309 ($_ANDNOT_)            
      (cell's internal connectivity overapproximated; loop may be a false       
positive)                                                                       
    cell $abc$1958$auto$blifparse.cc:397:parse_blif$2311 ($_MUX_)               
      (cell's internal connectivity overapproximated; loop may be a false       
positive)                                                                       
    cell $abc$1958$auto$blifparse.cc:397:parse_blif$2318 ($_MUX_)               
      (cell's internal connectivity overapproximated; loop may be a false       
positive)                                                                       
    wire                                                                        
\i_dut.x_grid_loop[0].y_grid_loop[1].fpga_bb_i.clb_input_mux[0].i_clb_input_mux.
output_o source:                                                                
/Users/yuri/Documents/5_projects/swisschips-fpga/tt-fpga/src/tt-fpga/input_mux.s
v:20.18-20.26                                                                   
    cell $abc$1958$auto$blifparse.cc:397:parse_blif$1982 ($_MUX_)               
      (cell's internal connectivity overapproximated; loop may be a false       
positive)                                                                       
    cell $abc$1958$auto$blifparse.cc:397:parse_blif$2008 ($_MUX_)               
      (cell's internal connectivity overapproximated; loop may be a false       
positive)                                                                       
    cell $abc$1958$auto$blifparse.cc:397:parse_blif$2029 ($_MUX_)               
      (cell's internal connectivity overapproximated; loop may be a false       
positive)                                                                       
    cell $abc$1958$auto$blifparse.cc:397:parse_blif$2047 ($_NAND_)              
      (cell's internal connectivity overapproximated; loop may be a false       
positive)                                                                       
    cell $abc$1958$auto$blifparse.cc:397:parse_blif$2060 ($_ANDNOT_)            
      (cell's internal connectivity overapproximated; loop may be a false       
positive)                                                                       
    cell $abc$1958$auto$blifparse.cc:397:parse_blif$2128 ($_MUX_)               
      (cell's internal connectivity overapproximated; loop may be a false       
positive)                                                                       
    cell $abc$1958$auto$blifparse.cc:397:parse_blif$2129 ($_MUX_)               
      (cell's internal connectivity overapproximated; loop may be a false       
positive)                                                                       
    cell $abc$1958$auto$blifparse.cc:397:parse_blif$2142 ($_MUX_)               
      (cell's internal connectivity overapproximated; loop may be a false       
positive)                                                                       
    cell $abc$1958$auto$blifparse.cc:397:parse_blif$2340 ($_NOT_)               
      (cell's internal connectivity overapproximated; loop may be a false       
positive)                                                                       
    cell $abc$1958$auto$blifparse.cc:397:parse_blif$2344 ($_MUX_)               
      (cell's internal connectivity overapproximated; loop may be a false       
positive)                                                                       
    cell $abc$1958$auto$blifparse.cc:397:parse_blif$2346 ($_MUX_)               
      (cell's internal connectivity overapproximated; loop may be a false       
positive)                                                                       
    cell $abc$1958$auto$blifparse.cc:397:parse_blif$2352 ($_MUX_)               
      (cell's internal connectivity overapproximated; loop may be a false       
positive)                                                                       
    wire                                                                        
\i_dut.x_grid_loop[1].y_grid_loop[1].fpga_bb_i.clb_input_mux[0].i_clb_input_mux.
output_o source:                                                                
/Users/yuri/Documents/5_projects/swisschips-fpga/tt-fpga/src/tt-fpga/input_mux.s
v:20.18-20.26                                                                   
    cell $abc$1958$auto$blifparse.cc:397:parse_blif$2137 ($_MUX_)               
      (cell's internal connectivity overapproximated; loop may be a false       
positive)                                                                       
    cell $abc$1958$auto$blifparse.cc:397:parse_blif$2138 ($_NOT_)               
      (cell's internal connectivity overapproximated; loop may be a false       
positive)                                                                       
    cell $abc$1958$auto$blifparse.cc:397:parse_blif$2163 ($_MUX_)               
      (cell's internal connectivity overapproximated; loop may be a false       
positive)                                                                       
    cell $abc$1958$auto$blifparse.cc:397:parse_blif$2181 ($_MUX_)               
      (cell's internal connectivity overapproximated; loop may be a false       
positive)                                                                       
    cell $abc$1958$auto$blifparse.cc:397:parse_blif$2194 ($_ANDNOT_)            
      (cell's internal connectivity overapproximated; loop may be a false       
positive)                                                                       
    cell $abc$1958$auto$blifparse.cc:397:parse_blif$2207 ($_ORNOT_)             
      (cell's internal connectivity overapproximated; loop may be a false       
positive)                                                                       
    cell $abc$1958$auto$blifparse.cc:397:parse_blif$2267 ($_MUX_)               
      (cell's internal connectivity overapproximated; loop may be a false       
positive)                                                                       
    wire \i_dut.x_grid_loop[1].y_grid_loop[1].fpga_bb_i.i_clb.adder_stage_result
source:                                                                         
/Users/yuri/Documents/5_projects/swisschips-fpga/tt-fpga/src/tt-fpga/configurabl
e_logic_block.sv:74.11-74.29                                                    
    cell $abc$1958$auto$blifparse.cc:397:parse_blif$2268 ($_MUX_)               
      (cell's internal connectivity overapproximated; loop may be a false       
positive)                                                                       
    cell $abc$1958$auto$blifparse.cc:397:parse_blif$2273 ($_MUX_)               
      (cell's internal connectivity overapproximated; loop may be a false       
positive)                                                                       
    wire \i_dut.south_grid [12] source:                                         
/Users/yuri/Documents/5_projects/swisschips-fpga/tt-fpga/src/tt-fpga/fpga_grid.s
v:32.51-32.61                                                                   
Found and reported 25 problems.                                                 
Consider re-running with '-force-detailed-loop-check' to rule out false         
positives.                                                                      
                                                                                
106. Printing statistics.                                                       
                                                                                
=== tt_um_yuri_fpga ===                                                         
                                                                                
        +----------Local Count, excluding submodules.                           
        |                                                                       
     1092 wires                                                                 
     2195 wire bits                                                             
      696 public wires                                                          
     1799 public wire bits                                                      
        8 ports                                                                 
       43 port bits                                                             
      693 cells                                                                 
       85   $_ANDNOT_                                                           
       17   $_AND_                                                              
      200   $_DFFE_PN0P_                                                        
        4   $_DFF_PN0_                                                          
      154   $_MUX_                                                              
       19   $_NAND_                                                             
       14   $_NOR_                                                              
       36   $_NOT_                                                              
       19   $_ORNOT_                                                            
       70   $_OR_                                                               
        1   $_XNOR_                                                             
        5   $_XOR_                                                              
       69   $scopeinfo                                                          
                                                                                
107. Executing OPT pass (performing simple optimizations).                      
                                                                                
107.1. Executing OPT_EXPR pass (perform const folding).                         
Optimizing module tt_um_yuri_fpga.                                              
Couldn't topologically sort cells, optimizing module tt_um_yuri_fpga may take a 
longer time.                                                                    
Couldn't topologically sort cells, optimizing module tt_um_yuri_fpga may take a 
longer time.                                                                    
                                                                                
107.2. Executing OPT_MERGE pass (detect identical cells).                       
Finding identical cells in module `\tt_um_yuri_fpga'.                           
Computing hashes of 693 cells of `\tt_um_yuri_fpga'.                            
Finding duplicate cells in `\tt_um_yuri_fpga'.                                  
Removed a total of 0 cells.                                                     
                                                                                
107.3. Executing OPT_MUXTREE pass (detect dead branches in mux trees).          
Running muxtree optimizer on module \tt_um_yuri_fpga..                          
  Creating internal representation of mux trees.                                
  No muxes found in this module.                                                
Removed 0 multiplexer ports.                                                    
                                                                                
107.4. Executing OPT_REDUCE pass (consolidate $*mux and $reduce_* inputs).      
  Optimizing cells in module \tt_um_yuri_fpga.                                  
Performed a total of 0 changes.                                                 
                                                                                
107.5. Executing OPT_MERGE pass (detect identical cells).                       
Finding identical cells in module `\tt_um_yuri_fpga'.                           
Computing hashes of 693 cells of `\tt_um_yuri_fpga'.                            
Finding duplicate cells in `\tt_um_yuri_fpga'.                                  
Removed a total of 0 cells.                                                     
                                                                                
107.6. Executing OPT_DFF pass (perform DFF optimizations).                      
                                                                                
107.7. Executing OPT_CLEAN pass (remove unused cells and wires).                
Finding unused cells or wires in module \tt_um_yuri_fpga..                      
                                                                                
107.8. Executing OPT_EXPR pass (perform const folding).                         
Optimizing module tt_um_yuri_fpga.                                              
Couldn't topologically sort cells, optimizing module tt_um_yuri_fpga may take a 
longer time.                                                                    
Couldn't topologically sort cells, optimizing module tt_um_yuri_fpga may take a 
longer time.                                                                    
                                                                                
107.9. Finished fast OPT passes. (There is nothing left to do.)                 
                                                                                
108. Executing OPT_CLEAN pass (remove unused cells and wires).                  
Finding unused cells or wires in module \tt_um_yuri_fpga..                      
Removed 69 unused cells and 591 unused wires.                                   
<suppressed ~660 debug messages>                                                
{                                                                               
   "creator": "Yosys 0.62 (git sha1 7326bb7d6641500ecb285c291a54a662cb1e76cf,   
clang++ 21.1.2 -fPIC -O3)",                                                     
   "invocation": "stat -json -liberty                                           
/Users/yuri/Documents/5_projects/swisschips-fpga/tt-fpga/runs/wokwi/tmp/4498ee1c
2d314219b1f05f52fcaeb0b4.lib -liberty                                           
/Users/yuri/Documents/5_projects/swisschips-fpga/tt-fpga/runs/wokwi/tmp/d5f44d79
296243beb05b4b9438682ba4.lib ",                                                 
   "modules": {                                                                 
      "\\tt_um_yuri_fpga": {                                                    
         "num_wires":         501,                                              
         "num_wire_bits":     761,                                              
         "num_pub_wires":     105,                                              
         "num_pub_wire_bits": 365,                                              
         "num_ports":         8,                                                
         "num_port_bits":     43,                                               
         "num_memories":      0,                                                
         "num_memory_bits":   0,                                                
         "num_processes":     0,                                                
         "num_cells":         624,                                              
         "num_submodules":       0,                                             
         "num_cells_by_type": {                                                 
            "$_ANDNOT_": 85,                                                    
            "$_AND_": 17,                                                       
            "$_DFFE_PN0P_": 200,                                                
            "$_DFF_PN0_": 4,                                                    
            "$_MUX_": 154,                                                      
            "$_NAND_": 19,                                                      
            "$_NOR_": 14,                                                       
            "$_NOT_": 36,                                                       
            "$_ORNOT_": 19,                                                     
            "$_OR_": 70,                                                        
            "$_XNOR_": 1,                                                       
            "$_XOR_": 5                                                         
         }                                                                      
      }                                                                         
   },                                                                           
      "design": {                                                               
         "num_wires":         501,                                              
         "num_wire_bits":     761,                                              
         "num_pub_wires":     105,                                              
         "num_pub_wire_bits": 365,                                              
         "num_ports":         8,                                                
         "num_port_bits":     43,                                               
         "num_memories":      0,                                                
         "num_memory_bits":   0,                                                
         "num_processes":     0,                                                
         "num_cells":         624,                                              
         "num_submodules":       0,                                             
         "num_cells_by_type": {                                                 
            "$_ANDNOT_": 85,                                                    
            "$_AND_": 17,                                                       
            "$_DFFE_PN0P_": 200,                                                
            "$_DFF_PN0_": 4,                                                    
            "$_MUX_": 154,                                                      
            "$_NAND_": 19,                                                      
            "$_NOR_": 14,                                                       
            "$_NOT_": 36,                                                       
            "$_ORNOT_": 19,                                                     
            "$_OR_": 70,                                                        
            "$_XNOR_": 1,                                                       
            "$_XOR_": 5                                                         
         }                                                                      
      }                                                                         
}                                                                               
                                                                                
109. Printing statistics.                                                       
                                                                                
=== tt_um_yuri_fpga ===                                                         
                                                                                
        +----------Local Count, excluding submodules.                           
        |                                                                       
      501 wires                                                                 
      761 wire bits                                                             
      105 public wires                                                          
      365 public wire bits                                                      
        8 ports                                                                 
       43 port bits                                                             
      624 cells                                                                 
       85   $_ANDNOT_                                                           
       17   $_AND_                                                              
      200   $_DFFE_PN0P_                                                        
        4   $_DFF_PN0_                                                          
      154   $_MUX_                                                              
       19   $_NAND_                                                             
       14   $_NOR_                                                              
       36   $_NOT_                                                              
       19   $_ORNOT_                                                            
       70   $_OR_                                                               
        1   $_XNOR_                                                             
        5   $_XOR_                                                              
                                                                                
   Area for cell type $_ANDNOT_ is unknown!                                     
   Area for cell type $_AND_ is unknown!                                        
   Area for cell type $_DFFE_PN0P_ is unknown!                                  
   Area for cell type $_DFF_PN0_ is unknown!                                    
   Area for cell type $_MUX_ is unknown!                                        
   Area for cell type $_NAND_ is unknown!                                       
   Area for cell type $_NOR_ is unknown!                                        
   Area for cell type $_NOT_ is unknown!                                        
   Area for cell type $_ORNOT_ is unknown!                                      
   Area for cell type $_OR_ is unknown!                                         
   Area for cell type $_XNOR_ is unknown!                                       
   Area for cell type $_XOR_ is unknown!                                        
                                                                                
[INFO] Applying tri-state buffer mapping from                                   
'/Users/yuri/ttsetup/pdk/ciel/ihp-sg13g2/versions/c4b8b4e5e7a05f375cca3815d51b3a
37721fbf5c/ihp-sg13g2/libs.tech/librelane/sg13g2_stdcell/tribuff_map.v'…        
                                                                                
110. Executing TECHMAP pass (map to technology primitives).                     
                                                                                
110.1. Executing Verilog-2005 frontend:                                         
/Users/yuri/ttsetup/pdk/ciel/ihp-sg13g2/versions/c4b8b4e5e7a05f375cca3815d51b3a3
7721fbf5c/ihp-sg13g2/libs.tech/librelane/sg13g2_stdcell/tribuff_map.v           
Parsing Verilog input from                                                      
`/Users/yuri/ttsetup/pdk/ciel/ihp-sg13g2/versions/c4b8b4e5e7a05f375cca3815d51b3a
37721fbf5c/ihp-sg13g2/libs.tech/librelane/sg13g2_stdcell/tribuff_map.v' to AST  
representation.                                                                 
Generating RTLIL representation for module `$_TBUF_'.                           
Successfully finished Verilog frontend.                                         
                                                                                
110.2. Continuing TECHMAP pass.                                                 
No more expansions possible.                                                    
<suppressed ~3 debug messages>                                                  
                                                                                
111. Executing SIMPLEMAP pass (map simple cells to gate primitives).            
[INFO] Applying latch mapping from                                              
'/Users/yuri/ttsetup/pdk/ciel/ihp-sg13g2/versions/c4b8b4e5e7a05f375cca3815d51b3a
37721fbf5c/ihp-sg13g2/libs.tech/librelane/sg13g2_stdcell/latch_map.v'…          
                                                                                
112. Executing TECHMAP pass (map to technology primitives).                     
                                                                                
112.1. Executing Verilog-2005 frontend:                                         
/Users/yuri/ttsetup/pdk/ciel/ihp-sg13g2/versions/c4b8b4e5e7a05f375cca3815d51b3a3
7721fbf5c/ihp-sg13g2/libs.tech/librelane/sg13g2_stdcell/latch_map.v             
Parsing Verilog input from                                                      
`/Users/yuri/ttsetup/pdk/ciel/ihp-sg13g2/versions/c4b8b4e5e7a05f375cca3815d51b3a
37721fbf5c/ihp-sg13g2/libs.tech/librelane/sg13g2_stdcell/latch_map.v' to AST    
representation.                                                                 
Generating RTLIL representation for module `$_DLATCH_P_'.                       
Generating RTLIL representation for module `$_DLATCH_PN0_'.                     
Generating RTLIL representation for module `$_DLATCH_N_'.                       
Generating RTLIL representation for module `$_DLATCH_NN0_'.                     
Successfully finished Verilog frontend.                                         
                                                                                
112.2. Continuing TECHMAP pass.                                                 
No more expansions possible.                                                    
<suppressed ~6 debug messages>                                                  
                                                                                
113. Executing SIMPLEMAP pass (map simple cells to gate primitives).            
                                                                                
114. Executing DFFLIBMAP pass (mapping DFF cells to sequential cells from       
liberty file).                                                                  
  cell sg13g2_dfrbpq_1 (noninv, pins=4, area=48.99) is a direct match for cell  
type $_DFF_PN0_.                                                                
  final dff cell mappings:                                                      
    unmapped dff cell: $_DFF_N_                                                 
    unmapped dff cell: $_DFF_P_                                                 
    unmapped dff cell: $_DFF_NN0_                                               
    unmapped dff cell: $_DFF_NN1_                                               
    unmapped dff cell: $_DFF_NP0_                                               
    unmapped dff cell: $_DFF_NP1_                                               
    \sg13g2_dfrbpq_1 _DFF_PN0_ (.CLK( C), .D( D), .Q( Q), .RESET_B( R));        
    unmapped dff cell: $_DFF_PN1_                                               
    unmapped dff cell: $_DFF_PP0_                                               
    unmapped dff cell: $_DFF_PP1_                                               
    unmapped dff cell: $_DFFE_NN_                                               
    unmapped dff cell: $_DFFE_NP_                                               
    unmapped dff cell: $_DFFE_PN_                                               
    unmapped dff cell: $_DFFE_PP_                                               
    unmapped dff cell: $_DFFSR_NNN_                                             
    unmapped dff cell: $_DFFSR_NNP_                                             
    unmapped dff cell: $_DFFSR_NPN_                                             
    unmapped dff cell: $_DFFSR_NPP_                                             
    unmapped dff cell: $_DFFSR_PNN_                                             
    unmapped dff cell: $_DFFSR_PNP_                                             
    unmapped dff cell: $_DFFSR_PPN_                                             
    unmapped dff cell: $_DFFSR_PPP_                                             
                                                                                
114.1. Executing DFFLEGALIZE pass (convert FFs to types supported by the        
target).                                                                        
<suppressed ~4 debug messages>                                                  
Mapping DFF cells in module `\tt_um_yuri_fpga':                                 
  mapped 204 $_DFF_PN0_ cells to \sg13g2_dfrbpq_1 cells.                        
{                                                                               
   "creator": "Yosys 0.62 (git sha1 7326bb7d6641500ecb285c291a54a662cb1e76cf,   
clang++ 21.1.2 -fPIC -O3)",                                                     
   "invocation": "stat -json -liberty                                           
/Users/yuri/Documents/5_projects/swisschips-fpga/tt-fpga/runs/wokwi/tmp/4498ee1c
2d314219b1f05f52fcaeb0b4.lib -liberty                                           
/Users/yuri/Documents/5_projects/swisschips-fpga/tt-fpga/runs/wokwi/tmp/d5f44d79
296243beb05b4b9438682ba4.lib ",                                                 
   "modules": {                                                                 
      "\\tt_um_yuri_fpga": {                                                    
         "num_wires":         701,                                              
         "num_wire_bits":     961,                                              
         "num_pub_wires":     105,                                              
         "num_pub_wire_bits": 365,                                              
         "num_ports":         8,                                                
         "num_port_bits":     43,                                               
         "num_memories":      0,                                                
         "num_memory_bits":   0,                                                
         "num_processes":     0,                                                
         "num_cells":         824,                                              
         "num_submodules":       0,                                             
         "area":              9993.715200,                                      
         "sequential_area":    9993.715200,                                     
         "num_cells_by_type": {                                                 
            "$_ANDNOT_": 85,                                                    
            "$_AND_": 17,                                                       
            "$_MUX_": 354,                                                      
            "$_NAND_": 19,                                                      
            "$_NOR_": 14,                                                       
            "$_NOT_": 36,                                                       
            "$_ORNOT_": 19,                                                     
            "$_OR_": 70,                                                        
            "$_XNOR_": 1,                                                       
            "$_XOR_": 5,                                                        
            "sg13g2_dfrbpq_1": 204                                              
         }                                                                      
      }                                                                         
   },                                                                           
      "design": {                                                               
         "num_wires":         701,                                              
         "num_wire_bits":     961,                                              
         "num_pub_wires":     105,                                              
         "num_pub_wire_bits": 365,                                              
         "num_ports":         8,                                                
         "num_port_bits":     43,                                               
         "num_memories":      0,                                                
         "num_memory_bits":   0,                                                
         "num_processes":     0,                                                
         "num_cells":         824,                                              
         "num_submodules":       0,                                             
         "area":              9993.715200,                                      
         "sequential_area":    9993.715200,                                     
         "num_cells_by_type": {                                                 
            "$_ANDNOT_": 85,                                                    
            "$_AND_": 17,                                                       
            "$_MUX_": 354,                                                      
            "$_NAND_": 19,                                                      
            "$_NOR_": 14,                                                       
            "$_NOT_": 36,                                                       
            "$_ORNOT_": 19,                                                     
            "$_OR_": 70,                                                        
            "$_XNOR_": 1,                                                       
            "$_XOR_": 5,                                                        
            "sg13g2_dfrbpq_1": 204                                              
         }                                                                      
      }                                                                         
}                                                                               
                                                                                
115. Printing statistics.                                                       
                                                                                
=== tt_um_yuri_fpga ===                                                         
                                                                                
        +----------Local Count, excluding submodules.                           
        |        +-Local Area, excluding submodules.                            
        |        |                                                              
      701        - wires                                                        
      961        - wire bits                                                    
      105        - public wires                                                 
      365        - public wire bits                                             
        8        - ports                                                        
       43        - port bits                                                    
      824 9.99E+03 cells                                                        
       85        -   $_ANDNOT_                                                  
       17        -   $_AND_                                                     
      354        -   $_MUX_                                                     
       19        -   $_NAND_                                                    
       14        -   $_NOR_                                                     
       36        -   $_NOT_                                                     
       19        -   $_ORNOT_                                                   
       70        -   $_OR_                                                      
        1        -   $_XNOR_                                                    
        5        -   $_XOR_                                                     
      204 9.99E+03   sg13g2_dfrbpq_1                                            
                                                                                
   Area for cell type $_ANDNOT_ is unknown!                                     
   Area for cell type $_AND_ is unknown!                                        
   Area for cell type $_MUX_ is unknown!                                        
   Area for cell type $_NAND_ is unknown!                                       
   Area for cell type $_NOR_ is unknown!                                        
   Area for cell type $_NOT_ is unknown!                                        
   Area for cell type $_ORNOT_ is unknown!                                      
   Area for cell type $_OR_ is unknown!                                         
   Area for cell type $_XNOR_ is unknown!                                       
   Area for cell type $_XOR_ is unknown!                                        
                                                                                
   Chip area for module '\tt_um_yuri_fpga': 9993.715200                         
     of which used for sequential elements: 9993.715200 (100.00%)               
                                                                                
[INFO] Using generated ABC script                                               
'/Users/yuri/Documents/5_projects/swisschips-fpga/tt-fpga/runs/wokwi/06-yosys-sy
nthesis/AREA_0.abc'…                                                            
                                                                                
116. Executing ABC pass (technology mapping using ABC).                         
                                                                                
116.1. Extracting gate netlist of module `\tt_um_yuri_fpga' to                  
`/tmp/yosys-abc-RSgFJy/input.blif'..                                            
Breaking loop using new signal $abcloop$2814:                                   
\i_dut.x_grid_loop[0].y_grid_loop[0].fpga_bb_i.clb_input_mux[0].i_clb_input_mux.
output_o -> $abc$1958$new_n382                                                  
                                              \i_dut.x_grid_loop[0].y_grid_loop[
0].fpga_bb_i.clb_input_mux[0].i_clb_input_mux.output_o -> $abc$1958$new_n380    
                                              \i_dut.x_grid_loop[0].y_grid_loop[
0].fpga_bb_i.clb_input_mux[0].i_clb_input_mux.output_o -> $abc$1958$new_n377    
                                              \i_dut.x_grid_loop[0].y_grid_loop[
0].fpga_bb_i.clb_input_mux[0].i_clb_input_mux.output_o -> $abc$1958$new_n375    
                                              \i_dut.x_grid_loop[0].y_grid_loop[
0].fpga_bb_i.clb_input_mux[0].i_clb_input_mux.output_o -> $abc$1958$new_n372    
                                              \i_dut.x_grid_loop[0].y_grid_loop[
0].fpga_bb_i.clb_input_mux[0].i_clb_input_mux.output_o -> $abc$1958$new_n371    
                                              \i_dut.x_grid_loop[0].y_grid_loop[
0].fpga_bb_i.clb_input_mux[0].i_clb_input_mux.output_o -> $abc$1958$new_n345    
                                              \i_dut.x_grid_loop[0].y_grid_loop[
0].fpga_bb_i.clb_input_mux[0].i_clb_input_mux.output_o -> $abc$1958$new_n318    
Breaking loop using new signal $abcloop$2815:                                   
\i_dut.x_grid_loop[0].y_grid_loop[1].fpga_bb_i.clb_input_mux[0].i_clb_input_mux.
output_o -> $abc$1958$new_n311                                                  
                                              \i_dut.x_grid_loop[0].y_grid_loop[
1].fpga_bb_i.clb_input_mux[0].i_clb_input_mux.output_o -> $abc$1958$new_n309    
                                              \i_dut.x_grid_loop[0].y_grid_loop[
1].fpga_bb_i.clb_input_mux[0].i_clb_input_mux.output_o -> $abc$1958$new_n306    
                                              \i_dut.x_grid_loop[0].y_grid_loop[
1].fpga_bb_i.clb_input_mux[0].i_clb_input_mux.output_o -> $abc$1958$new_n304    
                                              \i_dut.x_grid_loop[0].y_grid_loop[
1].fpga_bb_i.clb_input_mux[0].i_clb_input_mux.output_o -> $abc$1958$new_n282    
                                              \i_dut.x_grid_loop[0].y_grid_loop[
1].fpga_bb_i.clb_input_mux[0].i_clb_input_mux.output_o -> $abc$1958$new_n281    
                                              \i_dut.x_grid_loop[0].y_grid_loop[
1].fpga_bb_i.clb_input_mux[0].i_clb_input_mux.output_o -> $abc$1958$new_n262    
                                              \i_dut.x_grid_loop[0].y_grid_loop[
1].fpga_bb_i.clb_input_mux[0].i_clb_input_mux.output_o -> $abc$1958$new_n236    
Breaking loop using new signal $abcloop$2816:                                   
\i_dut.x_grid_loop[1].y_grid_loop[0].fpga_bb_i.clb_input_mux[0].i_clb_input_mux.
output_o -> $abc$1958$new_n525                                                  
                                              \i_dut.x_grid_loop[1].y_grid_loop[
0].fpga_bb_i.clb_input_mux[0].i_clb_input_mux.output_o -> $abc$1958$new_n524    
                                              \i_dut.x_grid_loop[1].y_grid_loop[
0].fpga_bb_i.clb_input_mux[0].i_clb_input_mux.output_o -> $abc$1958$new_n522    
                                              \i_dut.x_grid_loop[1].y_grid_loop[
0].fpga_bb_i.clb_input_mux[0].i_clb_input_mux.output_o -> $abc$1958$new_n521    
                                              \i_dut.x_grid_loop[1].y_grid_loop[
0].fpga_bb_i.clb_input_mux[0].i_clb_input_mux.output_o -> $abc$1958$new_n518    
                                              \i_dut.x_grid_loop[1].y_grid_loop[
0].fpga_bb_i.clb_input_mux[0].i_clb_input_mux.output_o -> $abc$1958$new_n517    
                                              \i_dut.x_grid_loop[1].y_grid_loop[
0].fpga_bb_i.clb_input_mux[0].i_clb_input_mux.output_o -> $abc$1958$new_n496    
                                              \i_dut.x_grid_loop[1].y_grid_loop[
0].fpga_bb_i.clb_input_mux[0].i_clb_input_mux.output_o -> $abc$1958$new_n472    
Breaking loop using new signal $abcloop$2817:                                   
\i_dut.x_grid_loop[1].y_grid_loop[1].fpga_bb_i.clb_input_mux[0].i_clb_input_mux.
output_o -> $abc$1958$new_n465                                                  
                                              \i_dut.x_grid_loop[1].y_grid_loop[
1].fpga_bb_i.clb_input_mux[0].i_clb_input_mux.output_o -> $abc$1958$new_n463    
                                              \i_dut.x_grid_loop[1].y_grid_loop[
1].fpga_bb_i.clb_input_mux[0].i_clb_input_mux.output_o -> $abc$1958$new_n460    
                                              \i_dut.x_grid_loop[1].y_grid_loop[
1].fpga_bb_i.clb_input_mux[0].i_clb_input_mux.output_o -> $abc$1958$new_n458    
                                              \i_dut.x_grid_loop[1].y_grid_loop[
1].fpga_bb_i.clb_input_mux[0].i_clb_input_mux.output_o -> $abc$1958$new_n440    
                                              \i_dut.x_grid_loop[1].y_grid_loop[
1].fpga_bb_i.clb_input_mux[0].i_clb_input_mux.output_o -> $abc$1958$new_n438    
                                              \i_dut.x_grid_loop[1].y_grid_loop[
1].fpga_bb_i.clb_input_mux[0].i_clb_input_mux.output_o -> $abc$1958$new_n422    
                                              \i_dut.x_grid_loop[1].y_grid_loop[
1].fpga_bb_i.clb_input_mux[0].i_clb_input_mux.output_o -> $abc$1958$new_n397    
Breaking loop using new signal $abcloop$2818: \i_dut.west_grid [10] ->          
$abc$1958$new_n672                                                              
                                              \i_dut.west_grid [10] ->          
$abc$1958$new_n660                                                              
                                              \i_dut.west_grid [10] ->          
$abc$1958$new_n557                                                              
                                              \i_dut.west_grid [10] ->          
$abc$1958$new_n363                                                              
                                              \i_dut.west_grid [10] ->          
$abc$1958$new_n337                                                              
                                              \i_dut.west_grid [10] ->          
$abc$1958$new_n252                                                              
Breaking loop using new signal $abcloop$2819: \i_dut.west_grid [8] ->           
$abc$1958$new_n674                                                              
                                              \i_dut.west_grid [8] ->           
$abc$1958$new_n650                                                              
                                              \i_dut.west_grid [8] ->           
$abc$1958$new_n547                                                              
                                              \i_dut.west_grid [8] ->           
$abc$1958$new_n351                                                              
                                              \i_dut.west_grid [8] ->           
$abc$1958$new_n324                                                              
                                              \i_dut.west_grid [8] ->           
$abc$1958$new_n239                                                              
Breaking loop using new signal $abcloop$2820:                                   
\i_dut.x_grid_loop[1].y_grid_loop[0].fpga_bb_i.clb_output -> \uo_out [4]        
                                              \i_dut.x_grid_loop[1].y_grid_loop[
0].fpga_bb_i.clb_output -> \uo_out [6]                                          
                                              \i_dut.x_grid_loop[1].y_grid_loop[
0].fpga_bb_i.clb_output -> $abc$1958$new_n415                                   
                                              \i_dut.x_grid_loop[1].y_grid_loop[
0].fpga_bb_i.clb_output -> $abc$1958$new_n395                                   
                                              \i_dut.x_grid_loop[1].y_grid_loop[
0].fpga_bb_i.clb_output -> \i_dut.west_grid [10]                                
                                              \i_dut.x_grid_loop[1].y_grid_loop[
0].fpga_bb_i.clb_output -> \i_dut.west_grid [8]                                 
Breaking loop using new signal $abcloop$2821: \i_dut.south_grid [6] ->          
$abc$1958$new_n662                                                              
                                              \i_dut.south_grid [6] ->          
$abc$1958$new_n559                                                              
                                              \i_dut.south_grid [6] ->          
$abc$1958$new_n539                                                              
                                              \i_dut.south_grid [6] ->          
$abc$1958$new_n365                                                              
                                              \i_dut.south_grid [6] ->          
$abc$1958$new_n339                                                              
Breaking loop using new signal $abcloop$2822: \i_dut.south_grid [4] ->          
$abc$1958$new_n653                                                              
                                              \i_dut.south_grid [4] ->          
$abc$1958$new_n550                                                              
                                              \i_dut.south_grid [4] ->          
$abc$1958$new_n541                                                              
                                              \i_dut.south_grid [4] ->          
$abc$1958$new_n354                                                              
                                              \i_dut.south_grid [4] ->          
$abc$1958$new_n327                                                              
Breaking loop using new signal $abcloop$2823: \i_dut.south_grid [14] ->         
$abc$1958$new_n629                                                              
                                              \i_dut.south_grid [14] ->         
$abc$1958$new_n595                                                              
                                              \i_dut.south_grid [14] ->         
$abc$1958$new_n510                                                              
                                              \i_dut.south_grid [14] ->         
$abc$1958$new_n489                                                              
                                              \i_dut.south_grid [14] ->         
$abc$1958$new_n231                                                              
Breaking loop using new signal $abcloop$2824: \i_dut.south_grid [12] ->         
$abc$1958$new_n622                                                              
                                              \i_dut.south_grid [12] ->         
$abc$1958$new_n587                                                              
                                              \i_dut.south_grid [12] ->         
$abc$1958$new_n503                                                              
                                              \i_dut.south_grid [12] ->         
$abc$1958$new_n480                                                              
                                              \i_dut.south_grid [12] ->         
$abc$1958$new_n229                                                              
Breaking loop using new signal $abcloop$2825: \i_dut.west_grid [14] ->          
$abc$1958$new_n576                                                              
                                              \i_dut.west_grid [14] ->          
$abc$1958$new_n392                                                              
                                              \i_dut.west_grid [14] ->          
$abc$1958$new_n297                                                              
                                              \i_dut.west_grid [14] ->          
$abc$1958$new_n275                                                              
                                              \i_dut.west_grid [14] ->          
$abc$1958$new_n255                                                              
Breaking loop using new signal $abcloop$2826: \i_dut.west_grid [12] ->          
$abc$1958$new_n569                                                              
                                              \i_dut.west_grid [12] ->          
$abc$1958$new_n289                                                              
                                              \i_dut.west_grid [12] ->          
$abc$1958$new_n268                                                              
                                              \i_dut.west_grid [12] ->          
$abc$1958$new_n244                                                              
                                              \i_dut.west_grid [12] ->          
$abc$1958$new_n233                                                              
                                                                                
116.1.1. Executed ABC.                                                          
Extracted 620 gates and 845 wires to a netlist network with 225 inputs and 221  
outputs.                                                                        
Running ABC script: /tmp/yosys-abc-RSgFJy/abc.script                            
ABC: ======== ABC command line "source /tmp/yosys-abc-RSgFJy/abc.script"        
ABC: + read_blif /tmp/yosys-abc-RSgFJy/input.blif                               
ABC: + read_lib -w                                                              
/Users/yuri/Documents/5_projects/swisschips-fpga/tt-fpga/runs/wokwi/tmp/4498ee1c
2d314219b1f05f52fcaeb0b4.lib                                                    
ABC: Parsing finished successfully.  Parsing time =     0.01 sec                
ABC: Scl_LibertyReadGenlib() skipped cell "sg13g2_antennanp" due to dont_use    
attribute.                                                                      
ABC: Scl_LibertyReadGenlib() skipped cell "sg13g2_decap_4" due to dont_use      
attribute.                                                                      
ABC: Scl_LibertyReadGenlib() skipped cell "sg13g2_decap_8" due to dont_use      
attribute.                                                                      
ABC: Scl_LibertyReadGenlib() skipped sequential cell "sg13g2_dfrbp_1".          
ABC: Scl_LibertyReadGenlib() skipped sequential cell "sg13g2_dfrbpq_1".         
ABC: Scl_LibertyReadGenlib() skipped sequential cell "sg13g2_dfrbpq_2".         
ABC: Scl_LibertyReadGenlib() skipped sequential cell "sg13g2_dlhq_1".           
ABC: Scl_LibertyReadGenlib() skipped sequential cell "sg13g2_dlhr_1".           
ABC: Scl_LibertyReadGenlib() skipped sequential cell "sg13g2_dlhrq_1".          
ABC: Scl_LibertyReadGenlib() skipped sequential cell "sg13g2_dllr_1".           
ABC: Scl_LibertyReadGenlib() skipped sequential cell "sg13g2_dllrq_1".          
ABC: Scl_LibertyReadGenlib() skipped three-state cell "sg13g2_ebufn_2".         
ABC: Scl_LibertyReadGenlib() skipped three-state cell "sg13g2_ebufn_4".         
ABC: Scl_LibertyReadGenlib() skipped three-state cell "sg13g2_ebufn_8".         
ABC: Scl_LibertyReadGenlib() skipped three-state cell "sg13g2_einvn_2".         
ABC: Scl_LibertyReadGenlib() skipped three-state cell "sg13g2_einvn_4".         
ABC: Scl_LibertyReadGenlib() skipped three-state cell "sg13g2_einvn_8".         
ABC: Scl_LibertyReadGenlib() skipped cell "sg13g2_fill_1" due to dont_use       
attribute.                                                                      
ABC: Scl_LibertyReadGenlib() skipped cell "sg13g2_fill_2" due to dont_use       
attribute.                                                                      
ABC: Scl_LibertyReadGenlib() skipped cell "sg13g2_fill_4" due to dont_use       
attribute.                                                                      
ABC: Scl_LibertyReadGenlib() skipped cell "sg13g2_fill_8" due to dont_use       
attribute.                                                                      
ABC: Scl_LibertyReadGenlib() skipped sequential cell "sg13g2_sdfrbp_1".         
ABC: Scl_LibertyReadGenlib() skipped sequential cell "sg13g2_sdfrbp_2".         
ABC: Scl_LibertyReadGenlib() skipped sequential cell "sg13g2_sdfrbpq_1".        
ABC: Scl_LibertyReadGenlib() skipped sequential cell "sg13g2_sdfrbpq_2".        
ABC: Library "sg13g2_stdcell_typ_1p20V_25C" from                                
"/Users/yuri/Documents/5_projects/swisschips-fpga/tt-fpga/runs/wokwi/tmp/4498ee1
c2d314219b1f05f52fcaeb0b4.lib" has 54 cells (25 skipped: 12 seq; 6 tri-state; 0 
no func; 7 dont_use; 0 with 2 outputs; 0 with 3+ outputs).  Time =     0.01 sec 
ABC: Memory =    2.63 MB. Time =     0.01 sec                                   
ABC: + read_lib -m -w                                                           
/Users/yuri/Documents/5_projects/swisschips-fpga/tt-fpga/runs/wokwi/tmp/d5f44d79
296243beb05b4b9438682ba4.lib                                                    
ABC: Parsing finished successfully.  Parsing time =     0.00 sec                
ABC: Scl_LibertyReadGenlib() skipped cell "sg13g2_IOPadIOVdd" without logic     
function.                                                                       
ABC: Scl_LibertyReadGenlib() skipped cell "sg13g2_IOPadIOVss" without logic     
function.                                                                       
ABC: Scl_LibertyReadGenlib() skipped cell "sg13g2_IOPadIn" due to dont_use      
attribute.                                                                      
ABC: Scl_LibertyReadGenlib() skipped cell "sg13g2_IOPadInOut16mA" due to        
dont_use attribute.                                                             
ABC: Scl_LibertyReadGenlib() skipped cell "sg13g2_IOPadInOut30mA" due to        
dont_use attribute.                                                             
ABC: Scl_LibertyReadGenlib() skipped cell "sg13g2_IOPadInOut4mA" due to dont_use
attribute.                                                                      
ABC: Scl_LibertyReadGenlib() skipped cell "sg13g2_IOPadOut16mA" due to dont_use 
attribute.                                                                      
ABC: Scl_LibertyReadGenlib() skipped cell "sg13g2_IOPadOut30mA" due to dont_use 
attribute.                                                                      
ABC: Scl_LibertyReadGenlib() skipped cell "sg13g2_IOPadOut4mA" due to dont_use  
attribute.                                                                      
ABC: Scl_LibertyReadGenlib() skipped cell "sg13g2_IOPadTriOut16mA" due to       
dont_use attribute.                                                             
ABC: Scl_LibertyReadGenlib() skipped cell "sg13g2_IOPadTriOut30mA" due to       
dont_use attribute.                                                             
ABC: Scl_LibertyReadGenlib() skipped cell "sg13g2_IOPadTriOut4mA" due to        
dont_use attribute.                                                             
ABC: Scl_LibertyReadGenlib() skipped cell "sg13g2_IOPadVdd" without logic       
function.                                                                       
ABC: Scl_LibertyReadGenlib() skipped cell "sg13g2_IOPadVss" without logic       
function.                                                                       
ABC: Scl_LibertyReadGenlib() skipped cell "sg13g2_IOPadAnalog" due to dont_use  
attribute.                                                                      
ABC: Library "sg13g2_io_typ_1p2V_3p3V_25C" from                                 
"/Users/yuri/Documents/5_projects/swisschips-fpga/tt-fpga/runs/wokwi/tmp/d5f44d7
9296243beb05b4b9438682ba4.lib" has 0 cells (15 skipped: 0 seq; 0 tri-state; 4 no
func; 11 dont_use; 0 with 2 outputs; 0 with 3+ outputs).  Time =     0.00 sec   
ABC: Memory =    0.38 MB. Time =     0.00 sec                                   
ABC: Updated library "sg13g2_stdcell_typ_1p20V_25C" with additional 0 cells from
library "sg13g2_io_typ_1p2V_3p3V_25C".                                          
ABC: + read_constr -v                                                           
/Users/yuri/Documents/5_projects/swisschips-fpga/tt-fpga/runs/wokwi/06-yosys-syn
thesis/synthesis.abc.sdc                                                        
ABC: Setting driving cell to be "sg13g2_buf_4/X".                               
ABC: Setting output load to be 6.000000.                                        
ABC: + source                                                                   
/Users/yuri/Documents/5_projects/swisschips-fpga/tt-fpga/runs/wokwi/06-yosys-syn
thesis/AREA_0.abc                                                               
ABC: Error: The network is combinational.                                       
ABC: Cannot find the default PI driving cell (sg13g2_buf_4/X) in the library.   
ABC: WireLoad = "none"  Gates =    523 (  5.7 %)   Cap =  8.4 ff ( 19.6 %)      
Area =     7138.72 ( 60.8 %)   Delay =  3364.69 ps  ( 11.1 %)                   
ABC: Path  0 --      46 : 0   10 pi              A =   0.00  Df =   0.0   -0.0  
ps  S =   0.0 ps  Cin =  0.0 ff  Cout =  28.9 ff  Cmax =   0.0 ff  G =    0     
ABC: Path  1 --     466 : 3    1 sg13g2_nand3b_1 A =  12.70  Df =  80.2  -27.1  
ps  S =  51.6 ps  Cin =  2.7 ff  Cout =   3.1 ff  Cmax = 300.0 ff  G =  109     
ABC: Path  2 --     467 : 4    1 sg13g2_nand4_1  A =  10.89  Df = 156.7  -21.7  
ps  S =  78.0 ps  Cin =  3.0 ff  Cout =   3.1 ff  Cmax = 300.0 ff  G =  104     
ABC: Path  3 --     476 : 4    4 sg13g2_a22oi_1  A =  10.85  Df = 348.8  -61.8  
ps  S = 208.1 ps  Cin =  3.1 ff  Cout =  20.3 ff  Cmax = 300.0 ff  G =  655     
ABC: Path  4 --     490 : 6    1 sg13g2_mux4_1   A =  38.10  Df = 511.8  -65.1  
ps  S =  37.8 ps  Cin =  4.1 ff  Cout =   2.8 ff  Cmax = 300.0 ff  G =   68     
ABC: Path  5 --     491 : 3    2 sg13g2_mux2_1   A =  18.14  Df = 614.4  -45.9  
ps  S =  44.4 ps  Cin =  3.6 ff  Cout =   6.2 ff  Cmax = 300.0 ff  G =  170     
ABC: Path  6 --     505 : 3    1 sg13g2_o21ai_1  A =   9.07  Df = 672.9  -52.4  
ps  S =  95.7 ps  Cin =  3.3 ff  Cout =   5.8 ff  Cmax = 300.0 ff  G =  173     
ABC: Path  7 --     510 : 2    2 sg13g2_xor2_1   A =  14.52  Df = 794.1  -18.8  
ps  S = 104.3 ps  Cin =  5.4 ff  Cout =   8.8 ff  Cmax = 300.0 ff  G =  161     
ABC: Path  8 --     511 : 3    7 sg13g2_mux2_1   A =  18.14  Df = 978.9  -25.0  
ps  S =  99.3 ps  Cin =  3.6 ff  Cout =  21.4 ff  Cmax = 300.0 ff  G =  584     
ABC: Path  9 --     522 : 4    5 sg13g2_a22oi_1  A =  10.85  Df =1145.8  -54.2  
ps  S = 158.6 ps  Cin =  3.1 ff  Cout =  14.4 ff  Cmax = 300.0 ff  G =  459     
ABC: Path 10 --     531 : 3    1 sg13g2_o21ai_1  A =   9.07  Df =1241.3  -38.1  
ps  S =  72.1 ps  Cin =  3.3 ff  Cout =   2.8 ff  Cmax = 300.0 ff  G =   84     
ABC: Path 11 --     536 : 6    3 sg13g2_mux4_1   A =  38.10  Df =1470.3  -39.5  
ps  S =  99.8 ps  Cin =  4.1 ff  Cout =  20.0 ff  Cmax = 300.0 ff  G =  449     
ABC: Path 12 --     553 : 6    2 sg13g2_mux4_1   A =  38.10  Df =1723.4  -50.2  
ps  S =  57.7 ps  Cin =  4.1 ff  Cout =   8.8 ff  Cmax = 300.0 ff  G =  212     
ABC: Path 13 --     557 : 2    1 sg13g2_xnor2_1  A =  14.52  Df =1828.9  -46.4  
ps  S =  75.2 ps  Cin =  5.4 ff  Cout =   5.1 ff  Cmax = 300.0 ff  G =   95     
ABC: Path 14 --     558 : 2    1 sg13g2_xnor2_1  A =  14.52  Df =1922.8  -37.7  
ps  S =  65.6 ps  Cin =  5.4 ff  Cout =   3.2 ff  Cmax = 300.0 ff  G =   56     
ABC: Path 15 --     559 : 4    2 sg13g2_a22oi_1  A =  10.85  Df =2035.3  -60.7  
ps  S = 115.2 ps  Cin =  3.1 ff  Cout =   8.8 ff  Cmax = 300.0 ff  G =  286     
ABC: Path 16 --     560 : 3    4 sg13g2_mux2_1   A =  18.14  Df =2189.8  -56.3  
ps  S =  66.5 ps  Cin =  3.6 ff  Cout =  12.5 ff  Cmax = 300.0 ff  G =  345     
ABC: Path 17 --     562 : 4    3 sg13g2_a22oi_1  A =  10.85  Df =2293.9  -29.9  
ps  S = 121.7 ps  Cin =  3.1 ff  Cout =   9.8 ff  Cmax = 300.0 ff  G =  313     
ABC: Path 18 --     597 : 3    1 sg13g2_o21ai_1  A =   9.07  Df =2397.2  -46.3  
ps  S =  69.6 ps  Cin =  3.3 ff  Cout =   2.8 ff  Cmax = 300.0 ff  G =   84     
ABC: Path 19 --     602 : 6    2 sg13g2_mux4_1   A =  38.10  Df =2612.1  -40.8  
ps  S =  80.7 ps  Cin =  4.1 ff  Cout =  14.9 ff  Cmax = 300.0 ff  G =  326     
ABC: Path 20 --     611 : 6    2 sg13g2_mux4_1   A =  38.10  Df =2845.2  -28.6  
ps  S =  57.0 ps  Cin =  4.1 ff  Cout =   8.6 ff  Cmax = 300.0 ff  G =  209     
ABC: Path 21 --     653 : 2    2 sg13g2_xnor2_1  A =  14.52  Df =2956.0  -33.2  
ps  S =  77.9 ps  Cin =  5.4 ff  Cout =   5.4 ff  Cmax = 300.0 ff  G =   99     
ABC: Path 22 --     654 : 2    1 sg13g2_or2_1    A =   9.07  Df =3040.6  -11.8  
ps  S =  28.3 ps  Cin =  2.4 ff  Cout =   3.2 ff  Cmax = 300.0 ff  G =  127     
ABC: Path 23 --     656 : 4    2 sg13g2_a22oi_1  A =  10.85  Df =3117.8  -16.4  
ps  S =  89.0 ps  Cin =  3.1 ff  Cout =   5.7 ff  Cmax = 300.0 ff  G =  184     
ABC: Path 24 --     658 : 3    4 sg13g2_mux2_1   A =  18.14  Df =3263.9   -9.9  
ps  S =  67.9 ps  Cin =  3.6 ff  Cout =  12.8 ff  Cmax = 300.0 ff  G =  349     
ABC: Path 25 --     700 : 3    1 sg13g2_o21ai_1  A =   9.07  Df =3364.7  -24.0  
ps  S = 100.4 ps  Cin =  3.3 ff  Cout =   6.0 ff  Cmax = 300.0 ff  G =  181     
ABC: Start-point = pi45                                                         
(\i_dut.x_grid_loop[0].y_grid_loop[0].fpga_bb_i.clb_input_mux[1].i_clb_input_mux
.heading_config [0]).  End-point = po7 (\i_dut.west_grid [14]).                 
ABC: netlist                       : i/o =  225/  221  lat =    0  nd =   523   
edge =   1516  area =7137.69  delay =25.00  lev = 25                            
ABC: + write_blif /tmp/yosys-abc-RSgFJy/output.blif                             
                                                                                
116.1.2. Re-integrating ABC results.                                            
ABC RESULTS:     sg13g2_a21o_1 cells:        6                                  
ABC RESULTS:    sg13g2_a21oi_1 cells:       45                                  
ABC RESULTS:   sg13g2_a221oi_1 cells:       10                                  
ABC RESULTS:    sg13g2_a22oi_1 cells:       25                                  
ABC RESULTS:     sg13g2_and2_1 cells:       10                                  
ABC RESULTS:     sg13g2_and3_1 cells:       11                                  
ABC RESULTS:      sg13g2_inv_1 cells:       30                                  
ABC RESULTS:     sg13g2_mux2_1 cells:      198                                  
ABC RESULTS:     sg13g2_mux4_1 cells:       20                                  
ABC RESULTS:    sg13g2_nand2_1 cells:       32                                  
ABC RESULTS:   sg13g2_nand2b_1 cells:        9                                  
ABC RESULTS:    sg13g2_nand3_1 cells:       18                                  
ABC RESULTS:   sg13g2_nand3b_1 cells:        7                                  
ABC RESULTS:    sg13g2_nand4_1 cells:        2                                  
ABC RESULTS:     sg13g2_nor2_1 cells:       20                                  
ABC RESULTS:    sg13g2_nor2b_1 cells:       18                                  
ABC RESULTS:     sg13g2_nor3_1 cells:       18                                  
ABC RESULTS:    sg13g2_o21ai_1 cells:       32                                  
ABC RESULTS:      sg13g2_or2_1 cells:        6                                  
ABC RESULTS:      sg13g2_or3_1 cells:        1                                  
ABC RESULTS:    sg13g2_xnor2_1 cells:        4                                  
ABC RESULTS:     sg13g2_xor2_1 cells:        1                                  
ABC RESULTS:        internal signals:      399                                  
ABC RESULTS:           input signals:      225                                  
ABC RESULTS:          output signals:      221                                  
Removing temp directory.                                                        
Removing global temp directory.                                                 
                                                                                
117. Executing SETUNDEF pass (replace undef values with defined constants).     
                                                                                
118. Executing HILOMAP pass (mapping to constant drivers).                      
                                                                                
119. Executing SPLITNETS pass (splitting up multi-bit signals).                 
                                                                                
120. Executing OPT_CLEAN pass (remove unused cells and wires).                  
Finding unused cells or wires in module \tt_um_yuri_fpga..                      
Removed 32 unused cells and 1004 unused wires.                                  
<suppressed ~130 debug messages>                                                
                                                                                
121. Executing INSBUF pass (insert buffer cells for connected wires).           
Add tt_um_yuri_fpga/$auto$insbuf.cc:97:execute$3454: \i_dut.south_grid[0] ->    
\uo_out [0]                                                                     
Add tt_um_yuri_fpga/$auto$insbuf.cc:97:execute$3455: \i_dut.south_grid[2] ->    
\uo_out [2]                                                                     
Add tt_um_yuri_fpga/$auto$insbuf.cc:97:execute$3456: \i_dut.south_grid[8] ->    
\uo_out [4]                                                                     
Add tt_um_yuri_fpga/$auto$insbuf.cc:97:execute$3457: \i_dut.south_grid[10] ->   
\uo_out [6]                                                                     
                                                                                
122. Executing CHECK pass (checking for obvious problems).                      
Checking module tt_um_yuri_fpga...                                              
Found and reported 0 problems.                                                  
{                                                                               
   "creator": "Yosys 0.62 (git sha1 7326bb7d6641500ecb285c291a54a662cb1e76cf,   
clang++ 21.1.2 -fPIC -O3)",                                                     
   "invocation": "stat -json -liberty                                           
/Users/yuri/Documents/5_projects/swisschips-fpga/tt-fpga/runs/wokwi/tmp/4498ee1c
2d314219b1f05f52fcaeb0b4.lib -liberty                                           
/Users/yuri/Documents/5_projects/swisschips-fpga/tt-fpga/runs/wokwi/tmp/d5f44d79
296243beb05b4b9438682ba4.lib ",                                                 
   "modules": {                                                                 
      "\\tt_um_yuri_fpga": {                                                    
         "num_wires":         735,                                              
         "num_wire_bits":     770,                                              
         "num_pub_wires":     233,                                              
         "num_pub_wire_bits": 268,                                              
         "num_ports":         8,                                                
         "num_port_bits":     43,                                               
         "num_memories":      0,                                                
         "num_memory_bits":   0,                                                
         "num_processes":     0,                                                
         "num_cells":         751,                                              
         "num_submodules":       0,                                             
         "area":              17306.616600,                                     
         "sequential_area":    9993.715200,                                     
         "num_cells_by_type": {                                                 
            "sg13g2_a21o_1": 6,                                                 
            "sg13g2_a21oi_1": 45,                                               
            "sg13g2_a221oi_1": 10,                                              
            "sg13g2_a22oi_1": 25,                                               
            "sg13g2_and2_1": 10,                                                
            "sg13g2_and3_1": 11,                                                
            "sg13g2_buf_1": 4,                                                  
            "sg13g2_dfrbpq_1": 204,                                             
            "sg13g2_inv_1": 30,                                                 
            "sg13g2_mux2_1": 198,                                               
            "sg13g2_mux4_1": 20,                                                
            "sg13g2_nand2_1": 32,                                               
            "sg13g2_nand2b_1": 9,                                               
            "sg13g2_nand3_1": 18,                                               
            "sg13g2_nand3b_1": 7,                                               
            "sg13g2_nand4_1": 2,                                                
            "sg13g2_nor2_1": 20,                                                
            "sg13g2_nor2b_1": 18,                                               
            "sg13g2_nor3_1": 18,                                                
            "sg13g2_o21ai_1": 32,                                               
            "sg13g2_or2_1": 6,                                                  
            "sg13g2_or3_1": 1,                                                  
            "sg13g2_tielo": 20,                                                 
            "sg13g2_xnor2_1": 4,                                                
            "sg13g2_xor2_1": 1                                                  
         }                                                                      
      }                                                                         
   },                                                                           
      "design": {                                                               
         "num_wires":         735,                                              
         "num_wire_bits":     770,                                              
         "num_pub_wires":     233,                                              
         "num_pub_wire_bits": 268,                                              
         "num_ports":         8,                                                
         "num_port_bits":     43,                                               
         "num_memories":      0,                                                
         "num_memory_bits":   0,                                                
         "num_processes":     0,                                                
         "num_cells":         751,                                              
         "num_submodules":       0,                                             
         "area":              17306.616600,                                     
         "sequential_area":    9993.715200,                                     
         "num_cells_by_type": {                                                 
            "sg13g2_a21o_1": 6,                                                 
            "sg13g2_a21oi_1": 45,                                               
            "sg13g2_a221oi_1": 10,                                              
            "sg13g2_a22oi_1": 25,                                               
            "sg13g2_and2_1": 10,                                                
            "sg13g2_and3_1": 11,                                                
            "sg13g2_buf_1": 4,                                                  
            "sg13g2_dfrbpq_1": 204,                                             
            "sg13g2_inv_1": 30,                                                 
            "sg13g2_mux2_1": 198,                                               
            "sg13g2_mux4_1": 20,                                                
            "sg13g2_nand2_1": 32,                                               
            "sg13g2_nand2b_1": 9,                                               
            "sg13g2_nand3_1": 18,                                               
            "sg13g2_nand3b_1": 7,                                               
            "sg13g2_nand4_1": 2,                                                
            "sg13g2_nor2_1": 20,                                                
            "sg13g2_nor2b_1": 18,                                               
            "sg13g2_nor3_1": 18,                                                
            "sg13g2_o21ai_1": 32,                                               
            "sg13g2_or2_1": 6,                                                  
            "sg13g2_or3_1": 1,                                                  
            "sg13g2_tielo": 20,                                                 
            "sg13g2_xnor2_1": 4,                                                
            "sg13g2_xor2_1": 1                                                  
         }                                                                      
      }                                                                         
}                                                                               
                                                                                
123. Printing statistics.                                                       
                                                                                
=== tt_um_yuri_fpga ===                                                         
                                                                                
        +----------Local Count, excluding submodules.                           
        |        +-Local Area, excluding submodules.                            
        |        |                                                              
      735        - wires                                                        
      770        - wire bits                                                    
      233        - public wires                                                 
      268        - public wire bits                                             
        8        - ports                                                        
       43        - port bits                                                    
      751 1.73E+04 cells                                                        
        6   76.205   sg13g2_a21o_1                                              
       45   408.24   sg13g2_a21oi_1                                             
       10  145.152   sg13g2_a221oi_1                                            
       25  271.215   sg13g2_a22oi_1                                             
       10    90.72   sg13g2_and2_1                                              
       11  139.709   sg13g2_and3_1                                              
        4    29.03   sg13g2_buf_1                                               
      204 9.99E+03   sg13g2_dfrbpq_1                                            
       30  163.296   sg13g2_inv_1                                               
      198 3.59E+03   sg13g2_mux2_1                                              
       20  762.048   sg13g2_mux4_1                                              
       32  232.243   sg13g2_nand2_1                                             
        9   81.648   sg13g2_nand2b_1                                            
       18  163.296   sg13g2_nand3_1                                             
        7   88.906   sg13g2_nand3b_1                                            
        2   21.773   sg13g2_nand4_1                                             
       20  145.152   sg13g2_nor2_1                                              
       18  163.296   sg13g2_nor2b_1                                             
       18  163.296   sg13g2_nor3_1                                              
       32  290.304   sg13g2_o21ai_1                                             
        6   54.432   sg13g2_or2_1                                               
        1   12.701   sg13g2_or3_1                                               
       20  145.152   sg13g2_tielo                                               
        4   58.061   sg13g2_xnor2_1                                             
        1   14.515   sg13g2_xor2_1                                              
                                                                                
   Chip area for module '\tt_um_yuri_fpga': 17306.616600                        
     of which used for sequential elements: 9993.715200 (57.75%)                
                                                                                
124. Executing Verilog backend.                                                 
Dumping module `\tt_um_yuri_fpga'.                                              
                                                                                
125. Executing JSON backend.                                                    
[20:32:25] VERBOSE  Parsing synthesis checks…                       pyosys.py:59
──────────────────────────── Unmapped Cells Checker ────────────────────────────
[20:32:25] VERBOSE  Running 'Checker.YosysUnmappedCells' at         step.py:1138
                    'runs/wokwi/07-checker-yosysunmappedcells'…                 
[20:32:25] INFO     Check for Unmapped Yosys instances clear.     checker.py:131
────────────────────────────── Yosys Synth Checks ──────────────────────────────
[20:32:25] VERBOSE  Running 'Checker.YosysSynthChecks' at           step.py:1138
                    'runs/wokwi/08-checker-yosyssynthchecks'…                   
[20:32:25] INFO     Check for Yosys check errors clear.           checker.py:131
─────────────────────── Netlist Assign Statement Checker ───────────────────────
[20:32:25] VERBOSE  Running 'Checker.NetlistAssignStatements' at    step.py:1138
                    'runs/wokwi/09-checker-netlistassignstatements'             
                    …                                                           
─────────────────────────────── Check SDC Files ────────────────────────────────
[20:32:25] VERBOSE  Running 'OpenROAD.CheckSDCFiles' at             step.py:1138
                    'runs/wokwi/10-openroad-checksdcfiles'…                     
[20:32:25] WARNING  'PNR_SDC_FILE' is not defined. Using generic openroad.py:184
                    fallback SDC for OpenROAD PnR steps.                        
[20:32:25] WARNING  'SIGNOFF_SDC_FILE' is not defined. Using     openroad.py:188
                    generic fallback SDC for OpenROAD PnR steps.                
──────────────────────────── Check Macro Instances ─────────────────────────────
[20:32:25] VERBOSE  Running 'OpenROAD.CheckMacroInstances' at       step.py:1138
                    'runs/wokwi/11-openroad-checkmacroinstances'…               
[20:32:25] INFO     No macros found, skipping instance check…    openroad.py:692
─────────────────────── Static Timing Analysis (Pre-PnR) ───────────────────────
[20:32:25] VERBOSE  Running 'OpenROAD.STAPrePNR' at                 step.py:1138
                    'runs/wokwi/12-openroad-staprepnr'…                         
[20:32:25] INFO     Starting STA for the nom_fast_1p32V_m40C     openroad.py:747
                    timing corner…                                              
[20:32:25] INFO     Starting STA for the nom_slow_1p08V_125C     openroad.py:747
                    timing corner…                                              
[20:32:25] INFO     Starting STA for the nom_typ_1p20V_25C       openroad.py:747
                    timing corner…                                              
[20:32:25] VERBOSE  Logging subprocess to                           step.py:1338
                    'runs/wokwi/12-openroad-staprepnr/nom_fast_1p32             
                    V_m40C/sta.log'…                                            
[20:32:25] VERBOSE  Logging subprocess to                           step.py:1338
                    'runs/wokwi/12-openroad-staprepnr/nom_slow_1p08             
                    V_125C/sta.log'…                                            
[20:32:25] VERBOSE  Logging subprocess to                           step.py:1338
                    'runs/wokwi/12-openroad-staprepnr/nom_typ_1p20V             
                    _25C/sta.log'…                                              
[20:32:25] INFO     Finished STA for the nom_slow_1p08V_125C     openroad.py:762
                    timing corner.                                              
[20:32:25] INFO     Finished STA for the nom_fast_1p32V_m40C     openroad.py:762
                    timing corner.                                              
[20:32:25] INFO     Finished STA for the nom_typ_1p20V_25C       openroad.py:762
                    timing corner.                                              
┏━━━━━━━━━━━━━━━━━━━━━━┳━━━━┳━━━━┳━━━━┳━━━━┳━━━━┳━━━┳━━━━┳━━━┳━━━━┳━━━┳━━━━┳━━━┓
┃                      ┃    ┃    ┃    ┃    ┃ of ┃   ┃    ┃   ┃    ┃ … ┃    ┃   ┃
┃                      ┃    ┃ R… ┃    ┃    ┃ w… ┃   ┃ R… ┃   ┃    ┃ … ┃    ┃   ┃
┃                      ┃ H… ┃ to ┃    ┃ H… ┃ r… ┃ … ┃ to ┃   ┃ S… ┃ … ┃ M… ┃ … ┃
┃                      ┃ W… ┃ R… ┃ H… ┃ V… ┃ to ┃ … ┃ R… ┃ … ┃ V… ┃ … ┃ C… ┃ … ┃
┃ Corner/Group         ┃ S… ┃ P… ┃ T… ┃ C… ┃ r… ┃ … ┃ P… ┃ … ┃ C… ┃ … ┃ V… ┃ … ┃
┡━━━━━━━━━━━━━━━━━━━━━━╇━━━━╇━━━━╇━━━━╇━━━━╇━━━━╇━━━╇━━━━╇━━━╇━━━━╇━━━╇━━━━╇━━━┩
│ Overall              │ -… │ -… │ -… │ 1… │ 1… │ … │ N… │ … │ 0  │ 0 │ 0  │ 0 │
│ nom_fast_1p32V_m40C  │ -… │ -… │ -… │ 1… │ 1… │ … │ N… │ … │ 0  │ 0 │ 0  │ 0 │
│ nom_slow_1p08V_125C  │ 0… │ 0… │ 0… │ 0  │ 0  │ … │ N… │ … │ 0  │ 0 │ 0  │ 0 │
│ nom_typ_1p20V_25C    │ 0… │ 0… │ 0… │ 0  │ 0  │ … │ N… │ … │ 0  │ 0 │ 0  │ 0 │
└──────────────────────┴────┴────┴────┴────┴────┴───┴────┴───┴────┴───┴────┴───┘
─────────────────────────── Floorplan Initialization ───────────────────────────
[20:32:25] VERBOSE  Running 'OpenROAD.Floorplan' at                 step.py:1138
                    'runs/wokwi/13-openroad-floorplan'…                         
[20:32:25] VERBOSE  Logging subprocess to                           step.py:1338
                    'runs/wokwi/13-openroad-floorplan/openroad-floo             
                    rplan.log'…                                                 
Reading timing models for corner nom_typ_1p20V_25C…                             
Reading timing library for the 'nom_typ_1p20V_25C' corner at                    
'/Users/yuri/ttsetup/pdk/ciel/ihp-sg13g2/versions/c4b8b4e5e7a05f375cca3815d51b3a
37721fbf5c/ihp-sg13g2/libs.ref/sg13g2_stdcell/lib/sg13g2_stdcell_typ_1p20V_25C.l
ib'…                                                                            
Reading timing library for the 'nom_typ_1p20V_25C' corner at                    
'/Users/yuri/ttsetup/pdk/ciel/ihp-sg13g2/versions/c4b8b4e5e7a05f375cca3815d51b3a
37721fbf5c/ihp-sg13g2/libs.ref/sg13g2_io/lib/sg13g2_io_typ_1p2V_3p3V_25C.lib'…  
Reading technology LEF file at                                                  
'/Users/yuri/ttsetup/pdk/ciel/ihp-sg13g2/versions/c4b8b4e5e7a05f375cca3815d51b3a
37721fbf5c/ihp-sg13g2/libs.ref/sg13g2_stdcell/lef/sg13g2_tech.lef'…             
[INFO ODB-0227] LEF file:                                                       
/Users/yuri/ttsetup/pdk/ciel/ihp-sg13g2/versions/c4b8b4e5e7a05f375cca3815d51b3a3
7721fbf5c/ihp-sg13g2/libs.ref/sg13g2_stdcell/lef/sg13g2_tech.lef, created 19    
layers, 70 vias                                                                 
Reading cell LEF file at                                                        
'/Users/yuri/ttsetup/pdk/ciel/ihp-sg13g2/versions/c4b8b4e5e7a05f375cca3815d51b3a
37721fbf5c/ihp-sg13g2/libs.ref/sg13g2_stdcell/lef/sg13g2_stdcell.lef'…          
[INFO ODB-0227] LEF file:                                                       
/Users/yuri/ttsetup/pdk/ciel/ihp-sg13g2/versions/c4b8b4e5e7a05f375cca3815d51b3a3
7721fbf5c/ihp-sg13g2/libs.ref/sg13g2_stdcell/lef/sg13g2_stdcell.lef, created 84 
library cells                                                                   
Reading gpio pad LEF file at                                                    
'/Users/yuri/ttsetup/pdk/ciel/ihp-sg13g2/versions/c4b8b4e5e7a05f375cca3815d51b3a
37721fbf5c/ihp-sg13g2/libs.ref/sg13g2_io/lef/sg13g2_io.lef'…                    
[INFO ODB-0227] LEF file:                                                       
/Users/yuri/ttsetup/pdk/ciel/ihp-sg13g2/versions/c4b8b4e5e7a05f375cca3815d51b3a3
7721fbf5c/ihp-sg13g2/libs.ref/sg13g2_io/lef/sg13g2_io.lef, created 22 library   
cells                                                                           
Reading top-level netlist at                                                    
'/Users/yuri/Documents/5_projects/swisschips-fpga/tt-fpga/runs/wokwi/06-yosys-sy
nthesis/tt_um_yuri_fpga.nl.v'…                                                  
Linking design 'tt_um_yuri_fpga' from netlist…                                  
Reading design constraints file at                                              
'/nix/store/cil34vbqkmknv7wg2qsj1xm4wv8rivpj-python3-3.13.9-env/lib/python3.13/s
ite-packages/librelane/scripts/base.sdc'…                                       
[INFO] Using clock clk…                                                         
[INFO] Setting output delay to: 4                                               
[INFO] Setting input delay to: 4                                                
[INFO] Setting load to: 0.006                                                   
[INFO] Setting clock uncertainty to: 0.25                                       
[INFO] Setting clock transition to: 0.15                                        
[INFO] Setting timing derate to: 5%                                             
Using site height: 3.78 and site width: 0.48…                                   
[INFO] Using absolute sizing for the floorplan.                                 
+ initialize_floorplan -site CoreSite -die_area 0 0 202.08 154.98 -core_area    
2.88 3.78 199.20000000000002 151.2                                              
[INFO IFP-0001] Added 39 rows of 409 site CoreSite.                             
[INFO IFP-0100] Die BBox:  (  0.000  0.000 ) ( 202.080 154.980 ) um             
[INFO IFP-0101] Core BBox: (  2.880  3.780 ) ( 199.200 151.200 ) um             
[INFO IFP-0102] Core area:                        28941.494 um^2                
[INFO IFP-0103] Total instances area:             17307.562 um^2                
[INFO IFP-0104] Effective utilization:                0.598                     
[INFO IFP-0105] Number of instances:                    751                     
[INFO IFP-0030] Inserted 0 tiecells using sg13g2_tielo/L_LO.                    
[INFO IFP-0030] Inserted 0 tiecells using sg13g2_tiehi/L_HI.                    
[INFO] Extracting DIE_AREA and CORE_AREA from the floorplan                     
[INFO] Floorplanned on a die area of 0.0 0.0 202.08 154.98 (µm).                
[INFO] Floorplanned on a core area of 2.88 3.78 199.2 151.2 (µm).               
Writing metric design__die__bbox: 0.0 0.0 202.08 154.98                         
Writing metric design__core__bbox: 2.88 3.78 199.2 151.2                        
Setting global connections for newly added cells…                               
[INFO] Setting global connections...                                            
[INFO ODB-0403] 0 connections made, 0 conflicts skipped.                        
Updating metrics…                                                               
Cell type report:                       Count       Area                        
  Buffer                                    4      29.03                        
  Inverter                                 30     163.30                        
  Sequential cell                         204    9993.72                        
  Multi-Input combinational cell          513    7121.52                        
  Total                                   751   17307.56                        
Writing OpenROAD database to                                                    
'/Users/yuri/Documents/5_projects/swisschips-fpga/tt-fpga/runs/wokwi/13-openroad
-floorplan/tt_um_yuri_fpga.odb'…                                                
Writing netlist to                                                              
'/Users/yuri/Documents/5_projects/swisschips-fpga/tt-fpga/runs/wokwi/13-openroad
-floorplan/tt_um_yuri_fpga.nl.v'…                                               
Writing powered netlist to                                                      
'/Users/yuri/Documents/5_projects/swisschips-fpga/tt-fpga/runs/wokwi/13-openroad
-floorplan/tt_um_yuri_fpga.pnl.v'…                                              
Writing layout to                                                               
'/Users/yuri/Documents/5_projects/swisschips-fpga/tt-fpga/runs/wokwi/13-openroad
-floorplan/tt_um_yuri_fpga.def'…                                                
Writing timing constraints to                                                   
'/Users/yuri/Documents/5_projects/swisschips-fpga/tt-fpga/runs/wokwi/13-openroad
-floorplan/tt_um_yuri_fpga.sdc'…                                                
──────────────────────────────── Dump RC Values ────────────────────────────────
[20:32:26] VERBOSE  Running 'OpenROAD.DumpRCValues' at              step.py:1138
                    'runs/wokwi/14-openroad-dumprcvalues'…                      
[20:32:26] VERBOSE  Logging subprocess to                           step.py:1338
                    'runs/wokwi/14-openroad-dumprcvalues/openroad-d             
                    umprcvalues.log'…                                           
Reading timing models for corner nom_typ_1p20V_25C…                             
Reading timing library for the 'nom_typ_1p20V_25C' corner at                    
'/Users/yuri/ttsetup/pdk/ciel/ihp-sg13g2/versions/c4b8b4e5e7a05f375cca3815d51b3a
37721fbf5c/ihp-sg13g2/libs.ref/sg13g2_stdcell/lib/sg13g2_stdcell_typ_1p20V_25C.l
ib'…                                                                            
Reading timing library for the 'nom_typ_1p20V_25C' corner at                    
'/Users/yuri/ttsetup/pdk/ciel/ihp-sg13g2/versions/c4b8b4e5e7a05f375cca3815d51b3a
37721fbf5c/ihp-sg13g2/libs.ref/sg13g2_io/lib/sg13g2_io_typ_1p2V_3p3V_25C.lib'…  
Reading technology LEF file at                                                  
'/Users/yuri/ttsetup/pdk/ciel/ihp-sg13g2/versions/c4b8b4e5e7a05f375cca3815d51b3a
37721fbf5c/ihp-sg13g2/libs.ref/sg13g2_stdcell/lef/sg13g2_tech.lef'…             
[INFO ODB-0227] LEF file:                                                       
/Users/yuri/ttsetup/pdk/ciel/ihp-sg13g2/versions/c4b8b4e5e7a05f375cca3815d51b3a3
7721fbf5c/ihp-sg13g2/libs.ref/sg13g2_stdcell/lef/sg13g2_tech.lef, created 19    
layers, 70 vias                                                                 
Reading cell LEF file at                                                        
'/Users/yuri/ttsetup/pdk/ciel/ihp-sg13g2/versions/c4b8b4e5e7a05f375cca3815d51b3a
37721fbf5c/ihp-sg13g2/libs.ref/sg13g2_stdcell/lef/sg13g2_stdcell.lef'…          
[INFO ODB-0227] LEF file:                                                       
/Users/yuri/ttsetup/pdk/ciel/ihp-sg13g2/versions/c4b8b4e5e7a05f375cca3815d51b3a3
7721fbf5c/ihp-sg13g2/libs.ref/sg13g2_stdcell/lef/sg13g2_stdcell.lef, created 84 
library cells                                                                   
Reading gpio pad LEF file at                                                    
'/Users/yuri/ttsetup/pdk/ciel/ihp-sg13g2/versions/c4b8b4e5e7a05f375cca3815d51b3a
37721fbf5c/ihp-sg13g2/libs.ref/sg13g2_io/lef/sg13g2_io.lef'…                    
[INFO ODB-0227] LEF file:                                                       
/Users/yuri/ttsetup/pdk/ciel/ihp-sg13g2/versions/c4b8b4e5e7a05f375cca3815d51b3a3
7721fbf5c/ihp-sg13g2/libs.ref/sg13g2_io/lef/sg13g2_io.lef, created 22 library   
cells                                                                           
[INFO ODB-0127] Reading DEF file:                                               
/Users/yuri/Documents/5_projects/swisschips-fpga/tt-fpga/runs/wokwi/13-openroad-
floorplan/tt_um_yuri_fpga.def                                                   
[INFO ODB-0128] Design: tt_um_yuri_fpga                                         
[INFO ODB-0130]     Created 43 pins.                                            
[INFO ODB-0131]     Created 751 components and 4385 component-terminals.        
[INFO ODB-0132]     Created 2 special nets and 1502 connections.                
[INFO ODB-0133]     Created 770 nets and 2883 connections.                      
[INFO ODB-0134] Finished DEF file:                                              
/Users/yuri/Documents/5_projects/swisschips-fpga/tt-fpga/runs/wokwi/13-openroad-
floorplan/tt_um_yuri_fpga.def                                                   
────────── Check Antenna Properties of Macros Pins in Their LEF Views ──────────
[20:32:26] VERBOSE  Running 'Odb.CheckMacroAntennaProperties' at    step.py:1138
                    'runs/wokwi/15-odb-checkmacroantennaproperties'             
                    …                                                           
[20:32:26] INFO     No cells provided, skipping                       odb.py:234
                    'Odb.CheckMacroAntennaProperties'…                          
──────────────────────────── Set Power Connections ─────────────────────────────
[20:32:26] VERBOSE  Running 'Odb.SetPowerConnections' at            step.py:1138
                    'runs/wokwi/16-odb-setpowerconnections'…                    
[20:32:26] VERBOSE  Logging subprocess to                           step.py:1338
                    'runs/wokwi/16-odb-setpowerconnections/odb-setp             
                    owerconnections.log'…                                       
──────────────────────────── Manual Macro Placement ────────────────────────────
[20:32:27] VERBOSE  Running 'Odb.ManualMacroPlacement' at           step.py:1138
                    'runs/wokwi/17-odb-manualmacroplacement'…                   
[20:32:27] INFO     No instances found, skipping                      odb.py:468
                    'Odb.ManualMacroPlacement'…                                 
─────────────────────────────────── Cut Rows ───────────────────────────────────
[20:32:27] VERBOSE  Running 'OpenROAD.CutRows' at                   step.py:1138
                    'runs/wokwi/18-openroad-cutrows'…                           
[20:32:27] VERBOSE  Logging subprocess to                           step.py:1338
                    'runs/wokwi/18-openroad-cutrows/openroad-cutrow             
                    s.log'…                                                     
Reading timing models for corner nom_typ_1p20V_25C…                             
Reading timing library for the 'nom_typ_1p20V_25C' corner at                    
'/Users/yuri/ttsetup/pdk/ciel/ihp-sg13g2/versions/c4b8b4e5e7a05f375cca3815d51b3a
37721fbf5c/ihp-sg13g2/libs.ref/sg13g2_stdcell/lib/sg13g2_stdcell_typ_1p20V_25C.l
ib'…                                                                            
Reading timing library for the 'nom_typ_1p20V_25C' corner at                    
'/Users/yuri/ttsetup/pdk/ciel/ihp-sg13g2/versions/c4b8b4e5e7a05f375cca3815d51b3a
37721fbf5c/ihp-sg13g2/libs.ref/sg13g2_io/lib/sg13g2_io_typ_1p2V_3p3V_25C.lib'…  
Reading OpenROAD database at                                                    
'/Users/yuri/Documents/5_projects/swisschips-fpga/tt-fpga/runs/wokwi/16-odb-setp
owerconnections/tt_um_yuri_fpga.odb'…                                           
Reading design constraints file at                                              
'/nix/store/cil34vbqkmknv7wg2qsj1xm4wv8rivpj-python3-3.13.9-env/lib/python3.13/s
ite-packages/librelane/scripts/base.sdc'…                                       
[INFO] Using clock clk…                                                         
[INFO] Setting output delay to: 4                                               
[INFO] Setting input delay to: 4                                                
[INFO] Setting load to: 0.006                                                   
[INFO] Setting clock uncertainty to: 0.25                                       
[INFO] Setting clock transition to: 0.15                                        
[INFO] Setting timing derate to: 5%                                             
+ cut_rows -halo_width_x 10 -halo_width_y 10                                    
Setting global connections for newly added cells…                               
[INFO] Setting global connections...                                            
[INFO ODB-0403] 0 connections made, 0 conflicts skipped.                        
Updating metrics…                                                               
Cell type report:                       Count       Area                        
  Buffer                                    4      29.03                        
  Inverter                                 30     163.30                        
  Sequential cell                         204    9993.72                        
  Multi-Input combinational cell          513    7121.52                        
  Total                                   751   17307.56                        
Writing OpenROAD database to                                                    
'/Users/yuri/Documents/5_projects/swisschips-fpga/tt-fpga/runs/wokwi/18-openroad
-cutrows/tt_um_yuri_fpga.odb'…                                                  
Writing layout to                                                               
'/Users/yuri/Documents/5_projects/swisschips-fpga/tt-fpga/runs/wokwi/18-openroad
-cutrows/tt_um_yuri_fpga.def'…                                                  
───────────────────────────── Tap/Decap Insertion ──────────────────────────────
[20:32:27] VERBOSE  Running 'OpenROAD.TapEndcapInsertion' at        step.py:1138
                    'runs/wokwi/19-openroad-tapendcapinsertion'…                
[20:32:27] VERBOSE  Logging subprocess to                           step.py:1338
                    'runs/wokwi/19-openroad-tapendcapinsertion/open             
                    road-tapendcapinsertion.log'…                               
Reading timing models for corner nom_typ_1p20V_25C…                             
Reading timing library for the 'nom_typ_1p20V_25C' corner at                    
'/Users/yuri/ttsetup/pdk/ciel/ihp-sg13g2/versions/c4b8b4e5e7a05f375cca3815d51b3a
37721fbf5c/ihp-sg13g2/libs.ref/sg13g2_stdcell/lib/sg13g2_stdcell_typ_1p20V_25C.l
ib'…                                                                            
Reading timing library for the 'nom_typ_1p20V_25C' corner at                    
'/Users/yuri/ttsetup/pdk/ciel/ihp-sg13g2/versions/c4b8b4e5e7a05f375cca3815d51b3a
37721fbf5c/ihp-sg13g2/libs.ref/sg13g2_io/lib/sg13g2_io_typ_1p2V_3p3V_25C.lib'…  
Reading OpenROAD database at                                                    
'/Users/yuri/Documents/5_projects/swisschips-fpga/tt-fpga/runs/wokwi/18-openroad
-cutrows/tt_um_yuri_fpga.odb'…                                                  
Reading design constraints file at                                              
'/nix/store/cil34vbqkmknv7wg2qsj1xm4wv8rivpj-python3-3.13.9-env/lib/python3.13/s
ite-packages/librelane/scripts/base.sdc'…                                       
[INFO] Using clock clk…                                                         
[INFO] Setting output delay to: 4                                               
[INFO] Setting input delay to: 4                                                
[INFO] Setting load to: 0.006                                                   
[INFO] Setting clock uncertainty to: 0.25                                       
[INFO] Setting clock transition to: 0.15                                        
[INFO] Setting timing derate to: 5%                                             
+ tapcell -halo_width_x 10 -halo_width_y 10 -distance 0                         
Setting global connections for newly added cells…                               
[INFO] Setting global connections...                                            
[INFO ODB-0403] 0 connections made, 0 conflicts skipped.                        
Updating metrics…                                                               
Cell type report:                       Count       Area                        
  Buffer                                    4      29.03                        
  Inverter                                 30     163.30                        
  Sequential cell                         204    9993.72                        
  Multi-Input combinational cell          513    7121.52                        
  Total                                   751   17307.56                        
Writing OpenROAD database to                                                    
'/Users/yuri/Documents/5_projects/swisschips-fpga/tt-fpga/runs/wokwi/19-openroad
-tapendcapinsertion/tt_um_yuri_fpga.odb'…                                       
Writing netlist to                                                              
'/Users/yuri/Documents/5_projects/swisschips-fpga/tt-fpga/runs/wokwi/19-openroad
-tapendcapinsertion/tt_um_yuri_fpga.nl.v'…                                      
Writing powered netlist to                                                      
'/Users/yuri/Documents/5_projects/swisschips-fpga/tt-fpga/runs/wokwi/19-openroad
-tapendcapinsertion/tt_um_yuri_fpga.pnl.v'…                                     
Writing layout to                                                               
'/Users/yuri/Documents/5_projects/swisschips-fpga/tt-fpga/runs/wokwi/19-openroad
-tapendcapinsertion/tt_um_yuri_fpga.def'…                                       
Writing timing constraints to                                                   
'/Users/yuri/Documents/5_projects/swisschips-fpga/tt-fpga/runs/wokwi/19-openroad
-tapendcapinsertion/tt_um_yuri_fpga.sdc'…                                       
───────────────────────────── Add PDN obstructions ─────────────────────────────
[20:32:27] VERBOSE  Running 'Odb.AddPDNObstructions' at             step.py:1138
                    'runs/wokwi/20-odb-addpdnobstructions'…                     
[20:32:27] INFO     'PDN_OBSTRUCTIONS' is not defined. Skipping       odb.py:589
                    'Odb.AddPDNObstructions'…                                   
──────────────────── Power Distribution Network Generation ─────────────────────
[20:32:27] VERBOSE  Running 'OpenROAD.GeneratePDN' at               step.py:1138
                    'runs/wokwi/21-openroad-generatepdn'…                       
[20:32:27] INFO     'PDN_CFG' not explicitly set, setting it to openroad.py:1481
                    /nix/store/cil34vbqkmknv7wg2qsj1xm4wv8rivpj                 
                    -python3-3.13.9-env/lib/python3.13/site-pac                 
                    kages/librelane/scripts/openroad/common/pdn                 
                    _cfg.tcl…                                                   
[20:32:27] VERBOSE  Logging subprocess to                           step.py:1338
                    'runs/wokwi/21-openroad-generatepdn/openroad-ge             
                    neratepdn.log'…                                             
Reading timing models for corner nom_typ_1p20V_25C…                             
Reading timing library for the 'nom_typ_1p20V_25C' corner at                    
'/Users/yuri/ttsetup/pdk/ciel/ihp-sg13g2/versions/c4b8b4e5e7a05f375cca3815d51b3a
37721fbf5c/ihp-sg13g2/libs.ref/sg13g2_stdcell/lib/sg13g2_stdcell_typ_1p20V_25C.l
ib'…                                                                            
Reading timing library for the 'nom_typ_1p20V_25C' corner at                    
'/Users/yuri/ttsetup/pdk/ciel/ihp-sg13g2/versions/c4b8b4e5e7a05f375cca3815d51b3a
37721fbf5c/ihp-sg13g2/libs.ref/sg13g2_io/lib/sg13g2_io_typ_1p2V_3p3V_25C.lib'…  
Reading OpenROAD database at                                                    
'/Users/yuri/Documents/5_projects/swisschips-fpga/tt-fpga/runs/wokwi/19-openroad
-tapendcapinsertion/tt_um_yuri_fpga.odb'…                                       
Reading design constraints file at                                              
'/nix/store/cil34vbqkmknv7wg2qsj1xm4wv8rivpj-python3-3.13.9-env/lib/python3.13/s
ite-packages/librelane/scripts/base.sdc'…                                       
[INFO] Using clock clk…                                                         
[INFO] Setting output delay to: 4                                               
[INFO] Setting input delay to: 4                                                
[INFO] Setting load to: 0.006                                                   
[INFO] Setting clock uncertainty to: 0.25                                       
[INFO] Setting clock transition to: 0.15                                        
[INFO] Setting timing derate to: 5%                                             
[INFO] Setting global connections...                                            
[INFO ODB-0403] 0 connections made, 0 conflicts skipped.                        
+ pdngen                                                                        
[INFO PDN-0001] Inserting grid: stdcell_grid                                    
Setting global connections for newly added cells…                               
[INFO] Setting global connections...                                            
[INFO ODB-0403] 0 connections made, 0 conflicts skipped.                        
Updating metrics…                                                               
Cell type report:                       Count       Area                        
  Buffer                                    4      29.03                        
  Inverter                                 30     163.30                        
  Sequential cell                         204    9993.72                        
  Multi-Input combinational cell          513    7121.52                        
  Total                                   751   17307.56                        
Writing OpenROAD database to                                                    
'/Users/yuri/Documents/5_projects/swisschips-fpga/tt-fpga/runs/wokwi/21-openroad
-generatepdn/tt_um_yuri_fpga.odb'…                                              
Writing netlist to                                                              
'/Users/yuri/Documents/5_projects/swisschips-fpga/tt-fpga/runs/wokwi/21-openroad
-generatepdn/tt_um_yuri_fpga.nl.v'…                                             
Writing powered netlist to                                                      
'/Users/yuri/Documents/5_projects/swisschips-fpga/tt-fpga/runs/wokwi/21-openroad
-generatepdn/tt_um_yuri_fpga.pnl.v'…                                            
Writing layout to                                                               
'/Users/yuri/Documents/5_projects/swisschips-fpga/tt-fpga/runs/wokwi/21-openroad
-generatepdn/tt_um_yuri_fpga.def'…                                              
Writing timing constraints to                                                   
'/Users/yuri/Documents/5_projects/swisschips-fpga/tt-fpga/runs/wokwi/21-openroad
-generatepdn/tt_um_yuri_fpga.sdc'…                                              
[INFO PSM-0040] All shapes on net VPWR are connected.                           
[INFO PSM-0040] All shapes on net VGND are connected.                           
─────────────────────────── Remove PDN obstructions ────────────────────────────
[20:32:28] VERBOSE  Running 'Odb.RemovePDNObstructions' at          step.py:1138
                    'runs/wokwi/22-odb-removepdnobstructions'…                  
[20:32:28] INFO     'PDN_OBSTRUCTIONS' is not defined. Skipping       odb.py:589
                    'Odb.RemovePDNObstructions'…                                
─────────────────────────────── Add Obstructions ───────────────────────────────
[20:32:28] VERBOSE  Running 'Odb.AddRoutingObstructions' at         step.py:1138
                    'runs/wokwi/23-odb-addroutingobstructions'…                 
[20:32:28] INFO     'ROUTING_OBSTRUCTIONS' is not defined. Skipping   odb.py:589
                    'Odb.AddRoutingObstructions'…                               
─────────────────────────── Global Placement Skip IO ───────────────────────────
[20:32:28] VERBOSE  Running 'OpenROAD.GlobalPlacementSkipIO' at     step.py:1138
                    'runs/wokwi/24-openroad-globalplacementskipio'…             
[20:32:28] INFO     I/O pins were loaded from                   openroad.py:1660
                    /Users/yuri/Documents/5_projects/swisschips                 
                    -fpga/tt-fpga/tt/tech/ihp-sg13g2/def/tt_blo                 
                    ck_1x1_pgvdd.def. Returning state                           
                    unaltered…                                                  
──────────────────────────────── I/O Placement ─────────────────────────────────
[20:32:28] VERBOSE  Running 'OpenROAD.IOPlacement' at               step.py:1138
                    'runs/wokwi/25-openroad-ioplacement'…                       
[20:32:28] INFO     I/O pins were loaded from                   openroad.py:1358
                    /Users/yuri/Documents/5_projects/swisschips                 
                    -fpga/tt-fpga/tt/tech/ihp-sg13g2/def/tt_blo                 
                    ck_1x1_pgvdd.def. Skipping                                  
                    OpenROAD.IOPlacement…                                       
─────────────────────── Custom I/O Pin Placement Script ────────────────────────
[20:32:28] VERBOSE  Running 'Odb.CustomIOPlacement' at              step.py:1138
                    'runs/wokwi/26-odb-customioplacement'…                      
[20:32:28] INFO     No custom I/O placement file configured, skipping odb.py:718
                    'Odb.CustomIOPlacement'…                                    
────────────────────────────── Apply DEF Template ──────────────────────────────
[20:32:28] VERBOSE  Running 'Odb.ApplyDEFTemplate' at               step.py:1138
                    'runs/wokwi/27-odb-applydeftemplate'…                       
[20:32:28] VERBOSE  Logging subprocess to                           step.py:1338
                    'runs/wokwi/27-odb-applydeftemplate/odb-applyde             
                    ftemplate.log'…                                             
[20:32:28] WARNING  Bterm VPWR is declared as a 'POWER' pin. It will   odb.py:71
                    be ignored.                                                 
[20:32:28] WARNING  Bterm VGND is declared as a 'GROUND' pin. It will  odb.py:71
                    be ignored.                                                 
[INFO ODB-0227] LEF file:                                                       
/Users/yuri/ttsetup/pdk/ciel/ihp-sg13g2/versions/c4b8b4e5e7a05f375cca3815d51b3a3
7721fbf5c/ihp-sg13g2/libs.ref/sg13g2_stdcell/lef/sg13g2_tech.lef, created 19    
layers, 70 vias                                                                 
[INFO ODB-0227] LEF file:                                                       
/Users/yuri/ttsetup/pdk/ciel/ihp-sg13g2/versions/c4b8b4e5e7a05f375cca3815d51b3a3
7721fbf5c/ihp-sg13g2/libs.ref/sg13g2_stdcell/lef/sg13g2_stdcell.lef, created 84 
library cells                                                                   
[INFO ODB-0227] LEF file:                                                       
/Users/yuri/ttsetup/pdk/ciel/ihp-sg13g2/versions/c4b8b4e5e7a05f375cca3815d51b3a3
7721fbf5c/ihp-sg13g2/libs.ref/sg13g2_io/lef/sg13g2_io.lef, created 22 library   
cells                                                                           
[INFO ODB-0127] Reading DEF file:                                               
/Users/yuri/Documents/5_projects/swisschips-fpga/tt-fpga/tt/tech/ihp-sg13g2/def/
tt_block_1x1_pgvdd.def                                                          
[INFO ODB-0128] Design: tt_um_template                                          
[INFO ODB-0130]     Created 43 pins.                                            
[INFO ODB-0132]     Created 2 special nets and 0 connections.                   
[INFO ODB-0133]     Created 43 nets and 0 connections.                          
[INFO ODB-0134] Finished DEF file:                                              
/Users/yuri/Documents/5_projects/swisschips-fpga/tt-fpga/tt/tech/ihp-sg13g2/def/
tt_block_1x1_pgvdd.def                                                          
[INFO ODB-0227] LEF file:                                                       
/Users/yuri/ttsetup/pdk/ciel/ihp-sg13g2/versions/c4b8b4e5e7a05f375cca3815d51b3a3
7721fbf5c/ihp-sg13g2/libs.ref/sg13g2_stdcell/lef/sg13g2_tech.lef, created 19    
layers, 70 vias                                                                 
[INFO ODB-0227] LEF file:                                                       
/Users/yuri/ttsetup/pdk/ciel/ihp-sg13g2/versions/c4b8b4e5e7a05f375cca3815d51b3a3
7721fbf5c/ihp-sg13g2/libs.ref/sg13g2_stdcell/lef/sg13g2_stdcell.lef, created 84 
library cells                                                                   
[INFO ODB-0227] LEF file:                                                       
/Users/yuri/ttsetup/pdk/ciel/ihp-sg13g2/versions/c4b8b4e5e7a05f375cca3815d51b3a3
7721fbf5c/ihp-sg13g2/libs.ref/sg13g2_io/lef/sg13g2_io.lef, created 22 library   
cells                                                                           
[INFO ODB-0127] Reading DEF file:                                               
/Users/yuri/Documents/5_projects/swisschips-fpga/tt-fpga/tt/tech/ihp-sg13g2/def/
tt_block_1x1_pgvdd.def                                                          
[INFO ODB-0128] Design: tt_um_template                                          
[INFO ODB-0130]     Created 43 pins.                                            
[INFO ODB-0132]     Created 2 special nets and 0 connections.                   
[INFO ODB-0133]     Created 43 nets and 0 connections.                          
[INFO ODB-0134] Finished DEF file:                                              
/Users/yuri/Documents/5_projects/swisschips-fpga/tt-fpga/tt/tech/ihp-sg13g2/def/
tt_block_1x1_pgvdd.def                                                          
Using manufacturing grid: 5 Using dbu per mircons: 1000                         
Found 43 block terminals in existing database...                                
Found 43 template_bterms…                                                       
Wrote pin clk at layer Metal4 at (187050, 153980, 187350, 154980, 'PLACED')...  
Wrote pin ena at layer Metal4 at (190890, 153980, 191190, 154980, 'PLACED')...  
Wrote pin rst_n at layer Metal4 at (183210, 153980, 183510, 154980, 'PLACED')...
Wrote pin ui_in[0] at layer Metal4 at (179370, 153980, 179670, 154980,          
'PLACED')...                                                                    
Wrote pin ui_in[1] at layer Metal4 at (175530, 153980, 175830, 154980,          
'PLACED')...                                                                    
Wrote pin ui_in[2] at layer Metal4 at (171690, 153980, 171990, 154980,          
'PLACED')...                                                                    
Wrote pin ui_in[3] at layer Metal4 at (167850, 153980, 168150, 154980,          
'PLACED')...                                                                    
Wrote pin ui_in[4] at layer Metal4 at (164010, 153980, 164310, 154980,          
'PLACED')...                                                                    
Wrote pin ui_in[5] at layer Metal4 at (160170, 153980, 160470, 154980,          
'PLACED')...                                                                    
Wrote pin ui_in[6] at layer Metal4 at (156330, 153980, 156630, 154980,          
'PLACED')...                                                                    
Wrote pin ui_in[7] at layer Metal4 at (152490, 153980, 152790, 154980,          
'PLACED')...                                                                    
Wrote pin uio_in[0] at layer Metal4 at (148650, 153980, 148950, 154980,         
'PLACED')...                                                                    
Wrote pin uio_in[1] at layer Metal4 at (144810, 153980, 145110, 154980,         
'PLACED')...                                                                    
Wrote pin uio_in[2] at layer Metal4 at (140970, 153980, 141270, 154980,         
'PLACED')...                                                                    
Wrote pin uio_in[3] at layer Metal4 at (137130, 153980, 137430, 154980,         
'PLACED')...                                                                    
Wrote pin uio_in[4] at layer Metal4 at (133290, 153980, 133590, 154980,         
'PLACED')...                                                                    
Wrote pin uio_in[5] at layer Metal4 at (129450, 153980, 129750, 154980,         
'PLACED')...                                                                    
Wrote pin uio_in[6] at layer Metal4 at (125610, 153980, 125910, 154980,         
'PLACED')...                                                                    
Wrote pin uio_in[7] at layer Metal4 at (121770, 153980, 122070, 154980,         
'PLACED')...                                                                    
Wrote pin uio_oe[0] at layer Metal4 at (56490, 153980, 56790, 154980,           
'PLACED')...                                                                    
Wrote pin uio_oe[1] at layer Metal4 at (52650, 153980, 52950, 154980,           
'PLACED')...                                                                    
Wrote pin uio_oe[2] at layer Metal4 at (48810, 153980, 49110, 154980,           
'PLACED')...                                                                    
Wrote pin uio_oe[3] at layer Metal4 at (44970, 153980, 45270, 154980,           
'PLACED')...                                                                    
Wrote pin uio_oe[4] at layer Metal4 at (41130, 153980, 41430, 154980,           
'PLACED')...                                                                    
Wrote pin uio_oe[5] at layer Metal4 at (37290, 153980, 37590, 154980,           
'PLACED')...                                                                    
Wrote pin uio_oe[6] at layer Metal4 at (33450, 153980, 33750, 154980,           
'PLACED')...                                                                    
Wrote pin uio_oe[7] at layer Metal4 at (29610, 153980, 29910, 154980,           
'PLACED')...                                                                    
Wrote pin uio_out[0] at layer Metal4 at (87210, 153980, 87510, 154980,          
'PLACED')...                                                                    
Wrote pin uio_out[1] at layer Metal4 at (83370, 153980, 83670, 154980,          
'PLACED')...                                                                    
Wrote pin uio_out[2] at layer Metal4 at (79530, 153980, 79830, 154980,          
'PLACED')...                                                                    
Wrote pin uio_out[3] at layer Metal4 at (75690, 153980, 75990, 154980,          
'PLACED')...                                                                    
Wrote pin uio_out[4] at layer Metal4 at (71850, 153980, 72150, 154980,          
'PLACED')...                                                                    
Wrote pin uio_out[5] at layer Metal4 at (68010, 153980, 68310, 154980,          
'PLACED')...                                                                    
Wrote pin uio_out[6] at layer Metal4 at (64170, 153980, 64470, 154980,          
'PLACED')...                                                                    
Wrote pin uio_out[7] at layer Metal4 at (60330, 153980, 60630, 154980,          
'PLACED')...                                                                    
Wrote pin uo_out[0] at layer Metal4 at (117930, 153980, 118230, 154980,         
'PLACED')...                                                                    
Wrote pin uo_out[1] at layer Metal4 at (114090, 153980, 114390, 154980,         
'PLACED')...                                                                    
Wrote pin uo_out[2] at layer Metal4 at (110250, 153980, 110550, 154980,         
'PLACED')...                                                                    
Wrote pin uo_out[3] at layer Metal4 at (106410, 153980, 106710, 154980,         
'PLACED')...                                                                    
Wrote pin uo_out[4] at layer Metal4 at (102570, 153980, 102870, 154980,         
'PLACED')...                                                                    
Wrote pin uo_out[5] at layer Metal4 at (98730, 153980, 99030, 154980,           
'PLACED')...                                                                    
Wrote pin uo_out[6] at layer Metal4 at (94890, 153980, 95190, 154980,           
'PLACED')...                                                                    
Wrote pin uo_out[7] at layer Metal4 at (91050, 153980, 91350, 154980,           
'PLACED')...                                                                    
─────────────────────────────── Global Placement ───────────────────────────────
[20:32:28] VERBOSE  Running 'OpenROAD.GlobalPlacement' at           step.py:1138
                    'runs/wokwi/28-openroad-globalplacement'…                   
[20:32:28] VERBOSE  Logging subprocess to                           step.py:1338
                    'runs/wokwi/28-openroad-globalplacement/openroa             
                    d-globalplacement.log'…                                     
Reading timing models for corner nom_typ_1p20V_25C…                             
Reading timing library for the 'nom_typ_1p20V_25C' corner at                    
'/Users/yuri/ttsetup/pdk/ciel/ihp-sg13g2/versions/c4b8b4e5e7a05f375cca3815d51b3a
37721fbf5c/ihp-sg13g2/libs.ref/sg13g2_stdcell/lib/sg13g2_stdcell_typ_1p20V_25C.l
ib'…                                                                            
Reading timing library for the 'nom_typ_1p20V_25C' corner at                    
'/Users/yuri/ttsetup/pdk/ciel/ihp-sg13g2/versions/c4b8b4e5e7a05f375cca3815d51b3a
37721fbf5c/ihp-sg13g2/libs.ref/sg13g2_io/lib/sg13g2_io_typ_1p2V_3p3V_25C.lib'…  
Reading OpenROAD database at                                                    
'/Users/yuri/Documents/5_projects/swisschips-fpga/tt-fpga/runs/wokwi/27-odb-appl
ydeftemplate/tt_um_yuri_fpga.odb'…                                              
Reading design constraints file at                                              
'/nix/store/cil34vbqkmknv7wg2qsj1xm4wv8rivpj-python3-3.13.9-env/lib/python3.13/s
ite-packages/librelane/scripts/base.sdc'…                                       
[INFO] Using clock clk…                                                         
[INFO] Setting output delay to: 4                                               
[INFO] Setting input delay to: 4                                                
[INFO] Setting load to: 0.006                                                   
[INFO] Setting clock uncertainty to: 0.25                                       
[INFO] Setting clock transition to: 0.15                                        
[INFO] Setting timing derate to: 5%                                             
[INFO] Setting signal min routing layer to: Metal2 and clock min routing layer  
to Metal2.                                                                      
[INFO] Setting signal max routing layer to: TopMetal1 and clock max routing     
layer to TopMetal1.                                                             
+ global_placement -density 0.6 -routability_driven -pad_right 0 -pad_left 0    
-init_wirelength_coef 0.25                                                      
[INFO GPL-0001] ---- Initialize GPL Main Data Structures                        
[INFO GPL-0002] DBU: 1000                                                       
[INFO GPL-0003] SiteSize: (  0.480  3.780 ) um                                  
[INFO GPL-0004] CoreBBox: (  2.880  3.780 ) ( 199.200 151.200 ) um              
[INFO GPL-0036] Movable instances area:      17307.562 um^2                     
[INFO GPL-0037] Total instances area:        17307.562 um^2                     
[INFO GPL-0035] Pin density area adjust:      1401.495 um^2                     
[INFO GPL-0032] ---- Initialize Region: Top-level                               
[INFO GPL-0006] Number of instances:               751                          
[INFO GPL-0007] Movable instances:                 751                          
[INFO GPL-0008] Fixed instances:                     0                          
[INFO GPL-0009] Dummy instances:                     0                          
[INFO GPL-0010] Number of nets:                    770                          
[INFO GPL-0011] Number of pins:                   2926                          
[INFO GPL-0012] Die BBox:  (  0.000  0.000 ) ( 202.080 154.980 ) um             
[INFO GPL-0013] Core BBox: (  2.880  3.780 ) ( 199.200 151.200 ) um             
[INFO GPL-0016] Core area:                   28941.494 um^2                     
[INFO GPL-0014] Region name: top-level.                                         
[INFO GPL-0015] Region area:                 28941.494 um^2                     
[INFO GPL-0017] Fixed instances area:            0.000 um^2                     
[INFO GPL-0018] Movable instances area:      18709.057 um^2                     
[INFO GPL-0019] Utilization:                    64.644 %                        
[INFO GPL-0020] Standard cells area:         18709.057 um^2                     
[INFO GPL-0021] Large instances area:            0.000 um^2                     
[INFO GPL-0005] ---- Execute Conjugate Gradient Initial Placement.              
[INFO GPL-0051] Source of initial instance position counters:                   
        Odb location = 0        Core center = 751       Region center = 0       
[InitialPlace]  Iter: 1 conjugate gradient residual: 0.00017457 HPWL: 18180900  
[InitialPlace]  Iter: 2 conjugate gradient residual: 0.00000035 HPWL: 10616539  
[InitialPlace]  Iter: 3 conjugate gradient residual: 0.00000010 HPWL: 10613980  
[InitialPlace]  Iter: 4 conjugate gradient residual: 0.00000115 HPWL: 10620705  
[InitialPlace]  Iter: 5 conjugate gradient residual: 0.00000010 HPWL: 10602491  
[INFO GPL-0033] ---- Initialize Nesterov Region: Top-level                      
[20:32:28] WARNING  [GPL-0302] Target density 0.6000 is too low  openroad.py:314
                    for the available free area.                                
Automatically adjusting to uniform density 0.6500.                              
[INFO GPL-0023] Placement target density:       0.6500                          
[INFO GPL-0024] Movable insts average area:     24.912 um^2                     
[INFO GPL-0025] Ideal bin area:                 38.326 um^2                     
[INFO GPL-0026] Ideal bin count:                   755                          
[INFO GPL-0027] Total bin area:              28941.494 um^2                     
[INFO GPL-0028] Bin count (X, Y):          16 ,     16                          
[INFO GPL-0029] Bin size (W * H):      12.270 *  9.214 um                       
[INFO GPL-0030] Number of bins:                    256                          
[INFO GPL-0007] ---- Execute Nesterov Global Placement.                         
[INFO GPL-0031] HPWL: Half-Perimeter Wirelength                                 
Iteration | Overflow |     HPWL (um) |  HPWL(%) |   Penalty | Group             
---------------------------------------------------------------                 
        0 |   0.9674 |  4.277264e+03 |   +0.00% |  6.44e-16 |                   
       10 |   0.9665 |  4.296160e+03 |   +0.44% |  1.05e-15 |                   
       20 |   0.9650 |  4.317403e+03 |   +0.49% |  1.71e-15 |                   
       30 |   0.9651 |  4.315582e+03 |   -0.04% |  2.78e-15 |                   
       40 |   0.9658 |  4.310621e+03 |   -0.11% |  4.53e-15 |                   
       50 |   0.9662 |  4.306797e+03 |   -0.09% |  7.38e-15 |                   
       60 |   0.9665 |  4.301674e+03 |   -0.12% |  1.20e-14 |                   
       70 |   0.9667 |  4.296623e+03 |   -0.12% |  1.96e-14 |                   
       80 |   0.9668 |  4.293103e+03 |   -0.08% |  3.19e-14 |                   
       90 |   0.9668 |  4.290792e+03 |   -0.05% |  5.20e-14 |                   
      100 |   0.9668 |  4.291138e+03 |   +0.01% |  8.46e-14 |                   
      110 |   0.9667 |  4.296574e+03 |   +0.13% |  1.38e-13 |                   
      120 |   0.9666 |  4.315282e+03 |   +0.44% |  2.25e-13 |                   
      130 |   0.9666 |  4.354758e+03 |   +0.91% |  3.66e-13 |                   
      140 |   0.9663 |  4.417092e+03 |   +1.43% |  5.96e-13 |                   
      150 |   0.9531 |  4.516645e+03 |   +2.25% |  9.70e-13 |                   
      160 |   0.9455 |  4.697219e+03 |   +4.00% |  1.58e-12 |                   
      170 |   0.9320 |  4.996890e+03 |   +6.38% |  2.57e-12 |                   
      180 |   0.9205 |  5.445300e+03 |   +8.97% |  4.19e-12 |                   
      190 |   0.9023 |  5.941031e+03 |   +9.10% |  6.83e-12 |                   
      200 |   0.8749 |  6.380042e+03 |   +7.39% |  1.11e-11 |                   
      210 |   0.8419 |  6.818982e+03 |   +6.88% |  1.81e-11 |                   
      220 |   0.8100 |  7.274994e+03 |   +6.69% |  2.95e-11 |                   
      230 |   0.7615 |  7.728356e+03 |   +6.23% |  4.81e-11 |                   
      240 |   0.7345 |  8.042328e+03 |   +4.06% |  7.83e-11 |                   
      250 |   0.7034 |  8.416150e+03 |   +4.65% |  1.28e-10 |                   
      260 |   0.6610 |  8.815088e+03 |   +4.74% |  2.08e-10 |                   
      270 |   0.6092 |  9.232401e+03 |   +4.73% |  3.38e-10 |                   
[INFO GPL-0038] Routability snapshot saved at iter = 274                        
      273 |   0.5979 |  9.343094e+03 |          |           |                   
      280 |   0.5715 |  9.663053e+03 |   +4.66% |  5.51e-10 |                   
      290 |   0.5183 |  1.015370e+04 |   +5.08% |  8.98e-10 |                   
      300 |   0.4719 |  1.055128e+04 |   +3.92% |  1.46e-09 |                   
      310 |   0.4239 |  1.098812e+04 |   +4.14% |  2.38e-09 |                   
      320 |   0.3828 |  1.126748e+04 |   +2.54% |  3.88e-09 |                   
      330 |   0.3343 |  1.147683e+04 |   +1.86% |  6.26e-09 |                   
[INFO GPL-0040] Routability iteration: 1                                        
[INFO GPL-0041] Total routing overflow: 0.0000                                  
[INFO GPL-0042] Number of overflowed tiles: 0 (0.00%)                           
[INFO GPL-0043] Average top 0.5% routing congestion: 0.6891                     
[INFO GPL-0044] Average top 1.0% routing congestion: 0.6609                     
[INFO GPL-0045] Average top 2.0% routing congestion: 0.6390                     
[INFO GPL-0046] Average top 5.0% routing congestion: 0.6091                     
[INFO GPL-0047] Routability iteration weighted routing congestion: 0.6750       
[INFO GPL-0050] Weighted routing congestion is lower than target routing        
congestion(1.0100), end routability optimization.                               
[INFO GPL-0090] Routability finished. Target routing congestion achieved        
succesfully.                                                                    
Iteration | Overflow |     HPWL (um) |  HPWL(%) |   Penalty | Group             
---------------------------------------------------------------                 
      340 |   0.2898 |  1.146443e+04 |   -0.11% |  9.22e-09 |                   
      350 |   0.2606 |  1.168652e+04 |   +1.94% |  1.36e-08 |                   
      360 |   0.2400 |  1.183024e+04 |   +1.23% |  2.00e-08 |                   
      370 |   0.2066 |  1.187129e+04 |   +0.35% |  2.95e-08 |                   
      380 |   0.1823 |  1.190026e+04 |   +0.24% |  4.34e-08 |                   
      390 |   0.1674 |  1.193355e+04 |   +0.28% |  6.39e-08 |                   
      400 |   0.1474 |  1.204540e+04 |   +0.94% |  9.42e-08 |                   
      410 |   0.1233 |  1.207018e+04 |   +0.21% |  1.39e-07 |                   
      420 |   0.1025 |  1.211157e+04 |   +0.34% |  2.04e-07 |                   
      422 |   0.0989 |  1.211803e+04 |          |  2.30e-07 |                   
---------------------------------------------------------------                 
[INFO GPL-1001] Global placement finished at iteration 422                      
[INFO GPL-1003] Routability mode iteration count: 64                            
[INFO GPL-1005] Routability final weighted congestion: 0.6291                   
[INFO GPL-1002] Placed Cell Area            18709.0567                          
[INFO GPL-1003] Available Free Area         28941.4944                          
[INFO GPL-1004] Minimum Feasible Density        0.6500 (cell_area / free_area)  
[INFO GPL-1006]   Suggested Target Densities:                                   
[INFO GPL-1007]     - For 90% usage of free space: 0.7183                       
[INFO GPL-1008]     - For 80% usage of free space: 0.8081                       
[INFO GPL-1011] Original area (um^2): 18709.06                                  
[INFO GPL-1012] Total routability artificial inflation: 0.00 (+0.00%)           
[INFO GPL-1014] Final placement area: 18709.06 (+0.00%)                         
Setting global connections for newly added cells…                               
[INFO] Setting global connections...                                            
[INFO ODB-0403] 0 connections made, 0 conflicts skipped.                        
Updating metrics…                                                               
Cell type report:                       Count       Area                        
  Buffer                                    4      29.03                        
  Inverter                                 30     163.30                        
  Sequential cell                         204    9993.72                        
  Multi-Input combinational cell          513    7121.52                        
  Total                                   751   17307.56                        
Writing OpenROAD database to                                                    
'/Users/yuri/Documents/5_projects/swisschips-fpga/tt-fpga/runs/wokwi/28-openroad
-globalplacement/tt_um_yuri_fpga.odb'…                                          
Writing netlist to                                                              
'/Users/yuri/Documents/5_projects/swisschips-fpga/tt-fpga/runs/wokwi/28-openroad
-globalplacement/tt_um_yuri_fpga.nl.v'…                                         
Writing powered netlist to                                                      
'/Users/yuri/Documents/5_projects/swisschips-fpga/tt-fpga/runs/wokwi/28-openroad
-globalplacement/tt_um_yuri_fpga.pnl.v'…                                        
Writing layout to                                                               
'/Users/yuri/Documents/5_projects/swisschips-fpga/tt-fpga/runs/wokwi/28-openroad
-globalplacement/tt_um_yuri_fpga.def'…                                          
Writing timing constraints to                                                   
'/Users/yuri/Documents/5_projects/swisschips-fpga/tt-fpga/runs/wokwi/28-openroad
-globalplacement/tt_um_yuri_fpga.sdc'…                                          
───────────────────────────── Write Verilog Header ─────────────────────────────
[20:32:28] VERBOSE  Running 'Odb.WriteVerilogHeader' at             step.py:1138
                    'runs/wokwi/29-odb-writeverilogheader'…                     
[20:32:28] VERBOSE  Logging subprocess to                           step.py:1338
                    'runs/wokwi/29-odb-writeverilogheader/odb-write             
                    verilogheader.log'…                                         
───────────────────────── Power Grid Violation Checker ─────────────────────────
[20:32:29] VERBOSE  Running 'Checker.PowerGridViolations' at        step.py:1138
                    'runs/wokwi/30-checker-powergridviolations'…                
[20:32:29] INFO     Check for power grid violations (as reported  checker.py:131
                    by OpenROAD PSM- you may ignore these if LVS                
                    passes) clear.                                              
─────────────────────── Static Timing Analysis (Mid-PnR) ───────────────────────
[20:32:29] VERBOSE  Running 'OpenROAD.STAMidPNR' at                 step.py:1138
                    'runs/wokwi/31-openroad-stamidpnr'…                         
[20:32:29] VERBOSE  Logging subprocess to                           step.py:1338
                    'runs/wokwi/31-openroad-stamidpnr/openroad-stam             
                    idpnr.log'…                                                 
Reading timing models for corner nom_typ_1p20V_25C…                             
Reading timing library for the 'nom_typ_1p20V_25C' corner at                    
'/Users/yuri/ttsetup/pdk/ciel/ihp-sg13g2/versions/c4b8b4e5e7a05f375cca3815d51b3a
37721fbf5c/ihp-sg13g2/libs.ref/sg13g2_stdcell/lib/sg13g2_stdcell_typ_1p20V_25C.l
ib'…                                                                            
Reading timing library for the 'nom_typ_1p20V_25C' corner at                    
'/Users/yuri/ttsetup/pdk/ciel/ihp-sg13g2/versions/c4b8b4e5e7a05f375cca3815d51b3a
37721fbf5c/ihp-sg13g2/libs.ref/sg13g2_io/lib/sg13g2_io_typ_1p2V_3p3V_25C.lib'…  
Reading OpenROAD database at                                                    
'/Users/yuri/Documents/5_projects/swisschips-fpga/tt-fpga/runs/wokwi/28-openroad
-globalplacement/tt_um_yuri_fpga.odb'…                                          
Reading design constraints file at                                              
'/nix/store/cil34vbqkmknv7wg2qsj1xm4wv8rivpj-python3-3.13.9-env/lib/python3.13/s
ite-packages/librelane/scripts/base.sdc'…                                       
[INFO] Using clock clk…                                                         
[INFO] Setting output delay to: 4                                               
[INFO] Setting input delay to: 4                                                
[INFO] Setting load to: 0.006                                                   
[INFO] Setting clock uncertainty to: 0.25                                       
[INFO] Setting clock transition to: 0.15                                        
[INFO] Setting timing derate to: 5%                                             
──────────────────── Repair Design (Post-Global Placement) ─────────────────────
[20:32:29] VERBOSE  Running 'OpenROAD.RepairDesignPostGPL' at       step.py:1138
                    'runs/wokwi/32-openroad-repairdesignpostgpl'…               
[20:32:29] VERBOSE  Logging subprocess to                           step.py:1338
                    'runs/wokwi/32-openroad-repairdesignpostgpl/ope             
                    nroad-repairdesignpostgpl.log'…                             
Reading timing models for corner nom_fast_1p32V_m40C…                           
Reading timing library for the 'nom_fast_1p32V_m40C' corner at                  
'/Users/yuri/ttsetup/pdk/ciel/ihp-sg13g2/versions/c4b8b4e5e7a05f375cca3815d51b3a
37721fbf5c/ihp-sg13g2/libs.ref/sg13g2_stdcell/lib/sg13g2_stdcell_fast_1p32V_m40C
.lib'…                                                                          
Reading timing library for the 'nom_fast_1p32V_m40C' corner at                  
'/Users/yuri/ttsetup/pdk/ciel/ihp-sg13g2/versions/c4b8b4e5e7a05f375cca3815d51b3a
37721fbf5c/ihp-sg13g2/libs.ref/sg13g2_io/lib/sg13g2_io_fast_1p32V_3p6V_m40C.lib'
…                                                                               
Reading timing models for corner nom_slow_1p08V_125C…                           
Reading timing library for the 'nom_slow_1p08V_125C' corner at                  
'/Users/yuri/ttsetup/pdk/ciel/ihp-sg13g2/versions/c4b8b4e5e7a05f375cca3815d51b3a
37721fbf5c/ihp-sg13g2/libs.ref/sg13g2_stdcell/lib/sg13g2_stdcell_slow_1p08V_125C
.lib'…                                                                          
Reading timing library for the 'nom_slow_1p08V_125C' corner at                  
'/Users/yuri/ttsetup/pdk/ciel/ihp-sg13g2/versions/c4b8b4e5e7a05f375cca3815d51b3a
37721fbf5c/ihp-sg13g2/libs.ref/sg13g2_io/lib/sg13g2_io_slow_1p08V_3p0V_125C.lib'
…                                                                               
Reading timing models for corner nom_typ_1p20V_25C…                             
Reading timing library for the 'nom_typ_1p20V_25C' corner at                    
'/Users/yuri/ttsetup/pdk/ciel/ihp-sg13g2/versions/c4b8b4e5e7a05f375cca3815d51b3a
37721fbf5c/ihp-sg13g2/libs.ref/sg13g2_stdcell/lib/sg13g2_stdcell_typ_1p20V_25C.l
ib'…                                                                            
Reading timing library for the 'nom_typ_1p20V_25C' corner at                    
'/Users/yuri/ttsetup/pdk/ciel/ihp-sg13g2/versions/c4b8b4e5e7a05f375cca3815d51b3a
37721fbf5c/ihp-sg13g2/libs.ref/sg13g2_io/lib/sg13g2_io_typ_1p2V_3p3V_25C.lib'…  
Reading OpenROAD database at                                                    
'/Users/yuri/Documents/5_projects/swisschips-fpga/tt-fpga/runs/wokwi/28-openroad
-globalplacement/tt_um_yuri_fpga.odb'…                                          
Reading design constraints file at                                              
'/nix/store/cil34vbqkmknv7wg2qsj1xm4wv8rivpj-python3-3.13.9-env/lib/python3.13/s
ite-packages/librelane/scripts/base.sdc'…                                       
[INFO] Using clock clk…                                                         
[INFO] Setting output delay to: 4                                               
[INFO] Setting input delay to: 4                                                
[INFO] Setting load to: 0.006                                                   
[INFO] Setting clock uncertainty to: 0.25                                       
[INFO] Setting clock transition to: 0.15                                        
[INFO] Setting timing derate to: 5%                                             
[INFO RSZ-0027] Inserted 9 sg13g2_buf_1 input buffers.                          
+ repair_design -verbose -max_wire_length 0 -slew_margin 20 -cap_margin 20      
Iteration |   Area    | Resized | Buffers | Nets repaired | Remaining           
---------------------------------------------------------------------           
        0 |     +0.0% |       0 |       0 |             0 |       779           
       10 |     +0.0% |       0 |       0 |             0 |       769           
       20 |     +0.0% |       0 |       0 |             0 |       759           
       30 |     +0.0% |       0 |       0 |             0 |       749           
       40 |     +0.0% |       0 |       0 |             0 |       739           
       50 |     +0.0% |       0 |       0 |             0 |       729           
       60 |     +0.0% |       0 |       0 |             0 |       719           
       70 |     +0.0% |       0 |       0 |             0 |       709           
       80 |     +0.0% |       0 |       0 |             0 |       699           
       90 |     +0.0% |       0 |       0 |             0 |       689           
      100 |     +0.0% |       0 |       0 |             0 |       679           
      110 |     +0.0% |       0 |       0 |             0 |       669           
      120 |     +0.0% |       0 |       0 |             0 |       659           
      130 |     +0.0% |       0 |       0 |             0 |       649           
      140 |     +0.0% |       0 |       0 |             0 |       639           
      150 |     +0.0% |       0 |       0 |             0 |       629           
      160 |     +0.0% |       0 |       0 |             0 |       619           
      170 |     +0.0% |       0 |       0 |             0 |       609           
      180 |     +0.0% |       0 |       0 |             0 |       599           
      190 |     +0.0% |       0 |       0 |             0 |       589           
      200 |     +0.0% |       0 |       0 |             0 |       579           
      210 |     +0.0% |       0 |       0 |             0 |       569           
      220 |     +0.0% |       0 |       0 |             0 |       559           
      230 |     +0.0% |       0 |       0 |             0 |       549           
      240 |     +0.0% |       0 |       0 |             0 |       539           
      250 |     +0.0% |       0 |       0 |             0 |       529           
      260 |     +0.0% |       0 |       0 |             0 |       519           
      270 |     +0.0% |       0 |       0 |             0 |       509           
      280 |     +0.0% |       0 |       0 |             0 |       499           
      290 |     +0.0% |       0 |       0 |             0 |       489           
      300 |     +0.0% |       0 |       0 |             0 |       479           
      310 |     +0.0% |       0 |       0 |             0 |       469           
      320 |     +0.0% |       0 |       0 |             0 |       459           
      330 |     +0.0% |       0 |       0 |             0 |       449           
      340 |     +0.0% |       0 |       0 |             0 |       439           
      350 |     +0.0% |       0 |       0 |             0 |       429           
      360 |     +0.0% |       0 |       0 |             0 |       419           
      370 |     +0.0% |       0 |       0 |             0 |       409           
      380 |     +0.0% |       0 |       0 |             0 |       399           
      390 |     +0.0% |       0 |       0 |             0 |       389           
      400 |     +0.0% |       0 |       0 |             0 |       379           
      410 |     +0.0% |       0 |       0 |             0 |       369           
      420 |     +0.0% |       0 |       0 |             0 |       359           
      430 |     +0.0% |       0 |       0 |             0 |       349           
      440 |     +0.0% |       0 |       0 |             0 |       339           
      450 |     +0.0% |       0 |       0 |             0 |       329           
      460 |     +0.0% |       0 |       0 |             0 |       319           
      470 |     +0.0% |       0 |       0 |             0 |       309           
      480 |     +0.0% |       0 |       0 |             0 |       299           
      490 |     +0.0% |       0 |       0 |             0 |       289           
      500 |     +0.0% |       0 |       0 |             0 |       279           
      510 |     +0.0% |       0 |       0 |             0 |       269           
      520 |     +0.0% |       0 |       0 |             0 |       259           
      530 |     +0.0% |       0 |       0 |             0 |       249           
      540 |     +0.0% |       0 |       0 |             0 |       239           
      550 |     +0.0% |       0 |       0 |             0 |       229           
      560 |     +0.0% |       0 |       0 |             0 |       219           
      570 |     +0.0% |       0 |       0 |             0 |       209           
      580 |     +0.0% |       0 |       0 |             0 |       199           
      590 |     +0.0% |       0 |       0 |             0 |       189           
      600 |     +0.0% |       0 |       0 |             0 |       179           
      610 |     +0.0% |       0 |       0 |             0 |       169           
      620 |     +0.0% |       0 |       0 |             0 |       159           
      630 |     +0.0% |       0 |       0 |             0 |       149           
      640 |     +0.0% |       0 |       0 |             0 |       139           
      650 |     +0.0% |       0 |       0 |             0 |       129           
      660 |     +0.0% |       0 |       0 |             0 |       119           
      670 |     +0.0% |       0 |       0 |             0 |       109           
      680 |     +0.0% |       0 |       0 |             0 |        99           
      690 |     +0.0% |       0 |       0 |             0 |        89           
      700 |     +0.0% |       0 |       0 |             0 |        79           
      710 |     +0.0% |       0 |       0 |             0 |        69           
      720 |     +0.0% |       0 |       0 |             0 |        59           
      730 |     +0.1% |       0 |       2 |             2 |        49           
      740 |     +1.8% |       0 |      42 |             4 |        39           
      750 |     +3.3% |       0 |      78 |             5 |        29           
      760 |     +3.3% |       0 |      78 |             5 |        19           
      770 |     +3.3% |       0 |      78 |             5 |         9           
    final |     +3.3% |       0 |      78 |             5 |         0           
---------------------------------------------------------------------           
[INFO RSZ-0034] Found 2 slew violations.                                        
[INFO RSZ-0035] Found 5 fanout violations.                                      
[INFO RSZ-0038] Inserted 78 buffers in 5 nets.                                  
[INFO RSZ-0042] Inserted 20 tie sg13g2_tielo instances.                         
+ detailed_placement -max_displacement  500 100                                 
Placement Analysis                                                              
---------------------------------                                               
total displacement       3379.8 u                                               
average displacement        4.0 u                                               
max displacement           16.7 u                                               
original HPWL           16134.3 u                                               
legalized HPWL          19816.7 u                                               
delta HPWL                   23 %                                               
                                                                                
[INFO DPL-0020] Mirrored 362 instances                                          
[INFO DPL-0021] HPWL before           19816.7 u                                 
[INFO DPL-0022] HPWL after            19077.2 u                                 
[INFO DPL-0023] HPWL delta               -3.7 %                                 
Setting global connections for newly added cells…                               
[INFO] Setting global connections...                                            
[INFO ODB-0403] 214 connections made, 0 conflicts skipped.                      
Updating metrics…                                                               
Cell type report:                       Count       Area                        
  Buffer                                    4      29.03                        
  Timing Repair Buffer                     87     631.41                        
  Inverter                                 30     163.30                        
  Sequential cell                         204    9993.72                        
  Multi-Input combinational cell          513    7121.52                        
  Total                                   838   17938.97                        
Writing OpenROAD database to                                                    
'/Users/yuri/Documents/5_projects/swisschips-fpga/tt-fpga/runs/wokwi/32-openroad
-repairdesignpostgpl/tt_um_yuri_fpga.odb'…                                      
Writing netlist to                                                              
'/Users/yuri/Documents/5_projects/swisschips-fpga/tt-fpga/runs/wokwi/32-openroad
-repairdesignpostgpl/tt_um_yuri_fpga.nl.v'…                                     
Writing powered netlist to                                                      
'/Users/yuri/Documents/5_projects/swisschips-fpga/tt-fpga/runs/wokwi/32-openroad
-repairdesignpostgpl/tt_um_yuri_fpga.pnl.v'…                                    
Writing layout to                                                               
'/Users/yuri/Documents/5_projects/swisschips-fpga/tt-fpga/runs/wokwi/32-openroad
-repairdesignpostgpl/tt_um_yuri_fpga.def'…                                      
Writing timing constraints to                                                   
'/Users/yuri/Documents/5_projects/swisschips-fpga/tt-fpga/runs/wokwi/32-openroad
-repairdesignpostgpl/tt_um_yuri_fpga.sdc'…                                      
─────────────────────────── Manual Global Placement ────────────────────────────
[20:32:30] VERBOSE  Running 'Odb.ManualGlobalPlacement' at          step.py:1138
                    'runs/wokwi/33-odb-manualglobalplacement'…                  
[20:32:30] INFO     'MANUAL_GLOBAL_PLACEMENTS' not set. Skipping     odb.py:1031
                    'Odb.ManualGlobalPlacement'…                                
────────────────────────────── Detailed Placement ──────────────────────────────
[20:32:30] VERBOSE  Running 'OpenROAD.DetailedPlacement' at         step.py:1138
                    'runs/wokwi/34-openroad-detailedplacement'…                 
[20:32:30] VERBOSE  Logging subprocess to                           step.py:1338
                    'runs/wokwi/34-openroad-detailedplacement/openr             
                    oad-detailedplacement.log'…                                 
Reading timing models for corner nom_typ_1p20V_25C…                             
Reading timing library for the 'nom_typ_1p20V_25C' corner at                    
'/Users/yuri/ttsetup/pdk/ciel/ihp-sg13g2/versions/c4b8b4e5e7a05f375cca3815d51b3a
37721fbf5c/ihp-sg13g2/libs.ref/sg13g2_stdcell/lib/sg13g2_stdcell_typ_1p20V_25C.l
ib'…                                                                            
Reading timing library for the 'nom_typ_1p20V_25C' corner at                    
'/Users/yuri/ttsetup/pdk/ciel/ihp-sg13g2/versions/c4b8b4e5e7a05f375cca3815d51b3a
37721fbf5c/ihp-sg13g2/libs.ref/sg13g2_io/lib/sg13g2_io_typ_1p2V_3p3V_25C.lib'…  
Reading OpenROAD database at                                                    
'/Users/yuri/Documents/5_projects/swisschips-fpga/tt-fpga/runs/wokwi/32-openroad
-repairdesignpostgpl/tt_um_yuri_fpga.odb'…                                      
Reading design constraints file at                                              
'/nix/store/cil34vbqkmknv7wg2qsj1xm4wv8rivpj-python3-3.13.9-env/lib/python3.13/s
ite-packages/librelane/scripts/base.sdc'…                                       
[INFO] Using clock clk…                                                         
[INFO] Setting output delay to: 4                                               
[INFO] Setting input delay to: 4                                                
[INFO] Setting load to: 0.006                                                   
[INFO] Setting clock uncertainty to: 0.25                                       
[INFO] Setting clock transition to: 0.15                                        
[INFO] Setting timing derate to: 5%                                             
+ detailed_placement -max_displacement  500 100                                 
Placement Analysis                                                              
---------------------------------                                               
total displacement          0.0 u                                               
average displacement        0.0 u                                               
max displacement            0.0 u                                               
original HPWL           19077.2 u                                               
legalized HPWL          19816.7 u                                               
delta HPWL                    4 %                                               
                                                                                
[INFO DPL-0020] Mirrored 362 instances                                          
[INFO DPL-0021] HPWL before           19816.7 u                                 
[INFO DPL-0022] HPWL after            19077.2 u                                 
[INFO DPL-0023] HPWL delta               -3.7 %                                 
Setting global connections for newly added cells…                               
[INFO] Setting global connections...                                            
[INFO ODB-0403] 0 connections made, 0 conflicts skipped.                        
Updating metrics…                                                               
Cell type report:                       Count       Area                        
  Buffer                                    4      29.03                        
  Timing Repair Buffer                     87     631.41                        
  Inverter                                 30     163.30                        
  Sequential cell                         204    9993.72                        
  Multi-Input combinational cell          513    7121.52                        
  Total                                   838   17938.97                        
Writing OpenROAD database to                                                    
'/Users/yuri/Documents/5_projects/swisschips-fpga/tt-fpga/runs/wokwi/34-openroad
-detailedplacement/tt_um_yuri_fpga.odb'…                                        
Writing netlist to                                                              
'/Users/yuri/Documents/5_projects/swisschips-fpga/tt-fpga/runs/wokwi/34-openroad
-detailedplacement/tt_um_yuri_fpga.nl.v'…                                       
Writing powered netlist to                                                      
'/Users/yuri/Documents/5_projects/swisschips-fpga/tt-fpga/runs/wokwi/34-openroad
-detailedplacement/tt_um_yuri_fpga.pnl.v'…                                      
Writing layout to                                                               
'/Users/yuri/Documents/5_projects/swisschips-fpga/tt-fpga/runs/wokwi/34-openroad
-detailedplacement/tt_um_yuri_fpga.def'…                                        
Writing timing constraints to                                                   
'/Users/yuri/Documents/5_projects/swisschips-fpga/tt-fpga/runs/wokwi/34-openroad
-detailedplacement/tt_um_yuri_fpga.sdc'…                                        
───────────────────────────── Clock Tree Synthesis ─────────────────────────────
[20:32:30] VERBOSE  Running 'OpenROAD.CTS' at                       step.py:1138
                    'runs/wokwi/35-openroad-cts'…                               
[20:32:30] VERBOSE  Logging subprocess to                           step.py:1338
                    'runs/wokwi/35-openroad-cts/openroad-cts.log'…              
Reading timing models for corner nom_fast_1p32V_m40C…                           
Reading timing library for the 'nom_fast_1p32V_m40C' corner at                  
'/Users/yuri/ttsetup/pdk/ciel/ihp-sg13g2/versions/c4b8b4e5e7a05f375cca3815d51b3a
37721fbf5c/ihp-sg13g2/libs.ref/sg13g2_stdcell/lib/sg13g2_stdcell_fast_1p32V_m40C
.lib'…                                                                          
Reading timing library for the 'nom_fast_1p32V_m40C' corner at                  
'/Users/yuri/ttsetup/pdk/ciel/ihp-sg13g2/versions/c4b8b4e5e7a05f375cca3815d51b3a
37721fbf5c/ihp-sg13g2/libs.ref/sg13g2_io/lib/sg13g2_io_fast_1p32V_3p6V_m40C.lib'
…                                                                               
Reading timing models for corner nom_slow_1p08V_125C…                           
Reading timing library for the 'nom_slow_1p08V_125C' corner at                  
'/Users/yuri/ttsetup/pdk/ciel/ihp-sg13g2/versions/c4b8b4e5e7a05f375cca3815d51b3a
37721fbf5c/ihp-sg13g2/libs.ref/sg13g2_stdcell/lib/sg13g2_stdcell_slow_1p08V_125C
.lib'…                                                                          
Reading timing library for the 'nom_slow_1p08V_125C' corner at                  
'/Users/yuri/ttsetup/pdk/ciel/ihp-sg13g2/versions/c4b8b4e5e7a05f375cca3815d51b3a
37721fbf5c/ihp-sg13g2/libs.ref/sg13g2_io/lib/sg13g2_io_slow_1p08V_3p0V_125C.lib'
…                                                                               
Reading timing models for corner nom_typ_1p20V_25C…                             
Reading timing library for the 'nom_typ_1p20V_25C' corner at                    
'/Users/yuri/ttsetup/pdk/ciel/ihp-sg13g2/versions/c4b8b4e5e7a05f375cca3815d51b3a
37721fbf5c/ihp-sg13g2/libs.ref/sg13g2_stdcell/lib/sg13g2_stdcell_typ_1p20V_25C.l
ib'…                                                                            
Reading timing library for the 'nom_typ_1p20V_25C' corner at                    
'/Users/yuri/ttsetup/pdk/ciel/ihp-sg13g2/versions/c4b8b4e5e7a05f375cca3815d51b3a
37721fbf5c/ihp-sg13g2/libs.ref/sg13g2_io/lib/sg13g2_io_typ_1p2V_3p3V_25C.lib'…  
Reading OpenROAD database at                                                    
'/Users/yuri/Documents/5_projects/swisschips-fpga/tt-fpga/runs/wokwi/34-openroad
-detailedplacement/tt_um_yuri_fpga.odb'…                                        
Reading design constraints file at                                              
'/nix/store/cil34vbqkmknv7wg2qsj1xm4wv8rivpj-python3-3.13.9-env/lib/python3.13/s
ite-packages/librelane/scripts/base.sdc'…                                       
[INFO] Using clock clk…                                                         
[INFO] Setting output delay to: 4                                               
[INFO] Setting input delay to: 4                                                
[INFO] Setting load to: 0.006                                                   
[INFO] Setting clock uncertainty to: 0.25                                       
[INFO] Setting clock transition to: 0.15                                        
[INFO] Setting timing derate to: 5%                                             
[INFO] Configuring cts characterization…                                        
+ configure_cts_characterization                                                
[INFO] Performing clock tree synthesis…                                         
[INFO] Looking for the following net(s): clk                                    
[INFO] Running Clock Tree Synthesis…                                            
+ clock_tree_synthesis -buf_list sg13g2_buf_8 sg13g2_buf_4 sg13g2_buf_2         
-root_buf sg13g2_buf_16 -sink_clustering_enable -apply_ndr half                 
[INFO CTS-0050] Root buffer is sg13g2_buf_16.                                   
[INFO CTS-0051] Sink buffer is sg13g2_buf_8.                                    
[INFO CTS-0052] The following clock buffers will be used for CTS:               
                    sg13g2_buf_2                                                
                    sg13g2_buf_4                                                
                    sg13g2_buf_8                                                
[INFO CTS-0049] Characterization buffer is sg13g2_buf_8.                        
[INFO CTS-0007] Net "clk" found for clock "clk".                                
[INFO CTS-0010]  Clock net "clk" has 204 sinks.                                 
[INFO CTS-0008] TritonCTS found 1 clock nets.                                   
[INFO CTS-0097] Characterization used 3 buffer(s) types.                        
[INFO CTS-0201] 0 blockages from hard placement blockages and placed macros will
be used.                                                                        
[INFO CTS-0027] Generating H-Tree topology for net clk.                         
[INFO CTS-0028]  Total number of sinks: 204.                                    
[INFO CTS-0090]  Sinks will be clustered based on buffer max cap.               
[INFO CTS-0030]  Number of static layers: 0.                                    
[INFO CTS-0020]  Wire segment unit: 18900  dbu (18 um).                         
[INFO CTS-0206] Best clustering solution was found from clustering size of 8 and
clustering diameter of 50.                                                      
[INFO CTS-0019]  Total number of sinks after clustering: 15.                    
[INFO CTS-0024]  Normalized sink region: [(1.29016, 0.934815), (9.72868,        
7.44444)].                                                                      
[INFO CTS-0025]     Width:  8.4385.                                             
[INFO CTS-0026]     Height: 6.5096.                                             
 Level 1                                                                        
    Direction: Horizontal                                                       
    Sinks per sub-region: 8                                                     
    Sub-region size: 4.2193 X 6.5096                                            
[INFO CTS-0034]     Segment length (rounded): 2.                                
 Level 2                                                                        
    Direction: Vertical                                                         
    Sinks per sub-region: 4                                                     
    Sub-region size: 4.2193 X 3.2548                                            
[INFO CTS-0034]     Segment length (rounded): 1.                                
[INFO CTS-0032]  Stop criterion found. Max number of sinks is 8.                
[INFO CTS-0035]  Number of sinks covered: 15.                                   
[INFO CTS-0018]     Created 20 clock buffers.                                   
[INFO CTS-0012]     Minimum number of buffers in the clock path: 3.             
[INFO CTS-0013]     Maximum number of buffers in the clock path: 3.             
[INFO CTS-0015]     Created 20 clock nets.                                      
[INFO CTS-0016]     Fanout distribution for the current clock = 3:1, 4:3, 10:1, 
12:1, 13:5, 14:3, 15:5..                                                        
[INFO CTS-0017]     Max level of the clock tree: 2.                             
[INFO CTS-0098] Clock net "clk"                                                 
[INFO CTS-0099]  Sinks 215                                                      
[INFO CTS-0100]  Leaf buffers 15                                                
[INFO CTS-0101]  Average sink wire length 270.29 um                             
[INFO CTS-0102]  Path depth 2 - 3                                               
[INFO CTS-0207]  Dummy loads inserted 11                                        
[INFO] Repairing long wires on clock nets…                                      
[INFO RSZ-0058] Using max wire length 2937um.                                   
Setting global connections for newly added cells…                               
[INFO] Setting global connections...                                            
[INFO ODB-0403] 62 connections made, 0 conflicts skipped.                       
Updating metrics…                                                               
Cell type report:                       Count       Area                        
  Buffer                                    4      29.03                        
  Clock buffer                             22     627.78                        
  Timing Repair Buffer                     87     631.41                        
  Inverter                                 30     163.30                        
  Clock inverter                            9      63.50                        
  Sequential cell                         204    9993.72                        
  Multi-Input combinational cell          513    7121.52                        
  Total                                   869   18630.26                        
Writing OpenROAD database to                                                    
'/Users/yuri/Documents/5_projects/swisschips-fpga/tt-fpga/runs/wokwi/35-openroad
-cts/tt_um_yuri_fpga.odb'…                                                      
Writing netlist to                                                              
'/Users/yuri/Documents/5_projects/swisschips-fpga/tt-fpga/runs/wokwi/35-openroad
-cts/tt_um_yuri_fpga.nl.v'…                                                     
Writing powered netlist to                                                      
'/Users/yuri/Documents/5_projects/swisschips-fpga/tt-fpga/runs/wokwi/35-openroad
-cts/tt_um_yuri_fpga.pnl.v'…                                                    
Writing layout to                                                               
'/Users/yuri/Documents/5_projects/swisschips-fpga/tt-fpga/runs/wokwi/35-openroad
-cts/tt_um_yuri_fpga.def'…                                                      
Writing timing constraints to                                                   
'/Users/yuri/Documents/5_projects/swisschips-fpga/tt-fpga/runs/wokwi/35-openroad
-cts/tt_um_yuri_fpga.sdc'…                                                      
[INFO] Legalizing…                                                              
+ detailed_placement -max_displacement  500 100                                 
Placement Analysis                                                              
---------------------------------                                               
total displacement        257.4 u                                               
average displacement        0.3 u                                               
max displacement           12.0 u                                               
original HPWL           20666.1 u                                               
legalized HPWL          21509.0 u                                               
delta HPWL                    4 %                                               
                                                                                
[INFO DPL-0020] Mirrored 367 instances                                          
[INFO DPL-0021] HPWL before           21509.0 u                                 
[INFO DPL-0022] HPWL after            20735.4 u                                 
[INFO DPL-0023] HPWL delta               -3.6 %                                 
Setting global connections for newly added cells…                               
[INFO] Setting global connections...                                            
[INFO ODB-0403] 0 connections made, 0 conflicts skipped.                        
Updating metrics…                                                               
Cell type report:                       Count       Area                        
  Buffer                                    4      29.03                        
  Clock buffer                             22     627.78                        
  Timing Repair Buffer                     87     631.41                        
  Inverter                                 30     163.30                        
  Clock inverter                            9      63.50                        
  Sequential cell                         204    9993.72                        
  Multi-Input combinational cell          513    7121.52                        
  Total                                   869   18630.26                        
Writing OpenROAD database to                                                    
'/Users/yuri/Documents/5_projects/swisschips-fpga/tt-fpga/runs/wokwi/35-openroad
-cts/tt_um_yuri_fpga.odb'…                                                      
Writing netlist to                                                              
'/Users/yuri/Documents/5_projects/swisschips-fpga/tt-fpga/runs/wokwi/35-openroad
-cts/tt_um_yuri_fpga.nl.v'…                                                     
Writing powered netlist to                                                      
'/Users/yuri/Documents/5_projects/swisschips-fpga/tt-fpga/runs/wokwi/35-openroad
-cts/tt_um_yuri_fpga.pnl.v'…                                                    
Writing layout to                                                               
'/Users/yuri/Documents/5_projects/swisschips-fpga/tt-fpga/runs/wokwi/35-openroad
-cts/tt_um_yuri_fpga.def'…                                                      
Writing timing constraints to                                                   
'/Users/yuri/Documents/5_projects/swisschips-fpga/tt-fpga/runs/wokwi/35-openroad
-cts/tt_um_yuri_fpga.sdc'…                                                      
─────────────────────── Static Timing Analysis (Mid-PnR) ───────────────────────
[20:32:33] VERBOSE  Running 'OpenROAD.STAMidPNR-1' at               step.py:1138
                    'runs/wokwi/36-openroad-stamidpnr-1'…                       
[20:32:33] VERBOSE  Logging subprocess to                           step.py:1338
                    'runs/wokwi/36-openroad-stamidpnr-1/openroad-st             
                    amidpnr-1.log'…                                             
Reading timing models for corner nom_typ_1p20V_25C…                             
Reading timing library for the 'nom_typ_1p20V_25C' corner at                    
'/Users/yuri/ttsetup/pdk/ciel/ihp-sg13g2/versions/c4b8b4e5e7a05f375cca3815d51b3a
37721fbf5c/ihp-sg13g2/libs.ref/sg13g2_stdcell/lib/sg13g2_stdcell_typ_1p20V_25C.l
ib'…                                                                            
Reading timing library for the 'nom_typ_1p20V_25C' corner at                    
'/Users/yuri/ttsetup/pdk/ciel/ihp-sg13g2/versions/c4b8b4e5e7a05f375cca3815d51b3a
37721fbf5c/ihp-sg13g2/libs.ref/sg13g2_io/lib/sg13g2_io_typ_1p2V_3p3V_25C.lib'…  
Reading OpenROAD database at                                                    
'/Users/yuri/Documents/5_projects/swisschips-fpga/tt-fpga/runs/wokwi/35-openroad
-cts/tt_um_yuri_fpga.odb'…                                                      
Reading design constraints file at                                              
'/nix/store/cil34vbqkmknv7wg2qsj1xm4wv8rivpj-python3-3.13.9-env/lib/python3.13/s
ite-packages/librelane/scripts/base.sdc'…                                       
[INFO] Using clock clk…                                                         
[INFO] Setting output delay to: 4                                               
[INFO] Setting input delay to: 4                                                
[INFO] Setting load to: 0.006                                                   
[INFO] Setting clock uncertainty to: 0.25                                       
[INFO] Setting clock transition to: 0.15                                        
[INFO] Setting timing derate to: 5%                                             
─────────── Resizer Timing Optimizations (Post-Clock Tree Synthesis) ───────────
[20:32:34] VERBOSE  Running 'OpenROAD.ResizerTimingPostCTS' at      step.py:1138
                    'runs/wokwi/37-openroad-resizertimingpostcts'…              
[20:32:34] VERBOSE  Logging subprocess to                           step.py:1338
                    'runs/wokwi/37-openroad-resizertimingpostcts/op             
                    enroad-resizertimingpostcts.log'…                           
Reading timing models for corner nom_fast_1p32V_m40C…                           
Reading timing library for the 'nom_fast_1p32V_m40C' corner at                  
'/Users/yuri/ttsetup/pdk/ciel/ihp-sg13g2/versions/c4b8b4e5e7a05f375cca3815d51b3a
37721fbf5c/ihp-sg13g2/libs.ref/sg13g2_stdcell/lib/sg13g2_stdcell_fast_1p32V_m40C
.lib'…                                                                          
Reading timing library for the 'nom_fast_1p32V_m40C' corner at                  
'/Users/yuri/ttsetup/pdk/ciel/ihp-sg13g2/versions/c4b8b4e5e7a05f375cca3815d51b3a
37721fbf5c/ihp-sg13g2/libs.ref/sg13g2_io/lib/sg13g2_io_fast_1p32V_3p6V_m40C.lib'
…                                                                               
Reading timing models for corner nom_slow_1p08V_125C…                           
Reading timing library for the 'nom_slow_1p08V_125C' corner at                  
'/Users/yuri/ttsetup/pdk/ciel/ihp-sg13g2/versions/c4b8b4e5e7a05f375cca3815d51b3a
37721fbf5c/ihp-sg13g2/libs.ref/sg13g2_stdcell/lib/sg13g2_stdcell_slow_1p08V_125C
.lib'…                                                                          
Reading timing library for the 'nom_slow_1p08V_125C' corner at                  
'/Users/yuri/ttsetup/pdk/ciel/ihp-sg13g2/versions/c4b8b4e5e7a05f375cca3815d51b3a
37721fbf5c/ihp-sg13g2/libs.ref/sg13g2_io/lib/sg13g2_io_slow_1p08V_3p0V_125C.lib'
…                                                                               
Reading timing models for corner nom_typ_1p20V_25C…                             
Reading timing library for the 'nom_typ_1p20V_25C' corner at                    
'/Users/yuri/ttsetup/pdk/ciel/ihp-sg13g2/versions/c4b8b4e5e7a05f375cca3815d51b3a
37721fbf5c/ihp-sg13g2/libs.ref/sg13g2_stdcell/lib/sg13g2_stdcell_typ_1p20V_25C.l
ib'…                                                                            
Reading timing library for the 'nom_typ_1p20V_25C' corner at                    
'/Users/yuri/ttsetup/pdk/ciel/ihp-sg13g2/versions/c4b8b4e5e7a05f375cca3815d51b3a
37721fbf5c/ihp-sg13g2/libs.ref/sg13g2_io/lib/sg13g2_io_typ_1p2V_3p3V_25C.lib'…  
Reading OpenROAD database at                                                    
'/Users/yuri/Documents/5_projects/swisschips-fpga/tt-fpga/runs/wokwi/35-openroad
-cts/tt_um_yuri_fpga.odb'…                                                      
Reading design constraints file at                                              
'/nix/store/cil34vbqkmknv7wg2qsj1xm4wv8rivpj-python3-3.13.9-env/lib/python3.13/s
ite-packages/librelane/scripts/base.sdc'…                                       
[INFO] Using clock clk…                                                         
[INFO] Setting output delay to: 4                                               
[INFO] Setting input delay to: 4                                                
[INFO] Setting load to: 0.006                                                   
[INFO] Setting clock uncertainty to: 0.25                                       
[INFO] Setting clock transition to: 0.15                                        
[INFO] Setting timing derate to: 5%                                             
+ repair_timing -verbose -setup -setup_margin                                   
0.05000000000000000277555756156289135105907917022705078125 -max_buffer_percent  
50                                                                              
[INFO RSZ-0100] Repair move sequence: UnbufferMove SizeUpMove SwapPinsMove      
BufferMove CloneMove SplitLoadMove                                              
[INFO RSZ-0098] No setup violations found                                       
+ repair_timing -verbose -hold -setup_margin                                    
0.05000000000000000277555756156289135105907917022705078125 -hold_margin 0.1     
-max_buffer_percent 50                                                          
[INFO RSZ-0046] Found 203 endpoints with hold violations.                       
Iteration | Resized | Buffers | Cloned Gates |   Area   |   WNS   |   TNS   |   
Endpoint                                                                        
--------------------------------------------------------------------------------
------                                                                          
        0 |       0 |       0 |            0 |    +0.0% |  -0.057 |  -6.014 |   
_1221_/D                                                                        
       10 |       0 |      16 |            0 |    +1.4% |  -0.041 |  -5.592 |   
_1121_/D                                                                        
       20 |       0 |      30 |            0 |    +2.6% |  -0.041 |  -5.140 |   
_1118_/D                                                                        
       30 |       0 |      41 |            0 |    +3.6% |  -0.039 |  -4.777 |   
_1120_/D                                                                        
       40 |       0 |      57 |            0 |    +5.0% |  -0.038 |  -4.353 |   
_1063_/D                                                                        
       50 |       0 |      72 |            0 |    +6.3% |  -0.034 |  -3.977 |   
_1207_/D                                                                        
       60 |       0 |      90 |            0 |    +7.9% |  -0.033 |  -3.591 |   
_1148_/D                                                                        
       70 |       0 |     107 |            0 |    +9.4% |  -0.033 |  -3.261 |   
_1048_/D                                                                        
       80 |       0 |     121 |            0 |   +10.6% |  -0.032 |  -2.881 |   
_1158_/D                                                                        
       90 |       0 |     133 |            0 |   +11.7% |  -0.032 |  -2.573 |   
_1198_/D                                                                        
      100 |       0 |     147 |            0 |   +12.9% |  -0.032 |  -2.260 |   
_1104_/D                                                                        
      110 |       0 |     161 |            0 |   +14.1% |  -0.031 |  -1.888 |   
_1199_/D                                                                        
      120 |       0 |     176 |            0 |   +15.4% |  -0.031 |  -1.524 |   
_1151_/D                                                                        
      130 |       0 |     186 |            0 |   +16.3% |  -0.030 |  -1.322 |   
_1064_/D                                                                        
      140 |       0 |     197 |            0 |   +17.3% |  -0.028 |  -1.039 |   
_1081_/D                                                                        
      150 |       0 |     213 |            0 |   +18.7% |  -0.026 |  -0.706 |   
_1065_/D                                                                        
      160 |       0 |     229 |            0 |   +20.1% |  -0.024 |  -0.399 |   
_1172_/D                                                                        
      170 |       0 |     238 |            0 |   +20.9% |  -0.021 |  -0.266 |   
_1130_/D                                                                        
      180 |       0 |     247 |            0 |   +21.6% |  -0.020 |  -0.145 |   
_1187_/D                                                                        
      190 |       0 |     260 |            0 |   +22.8% |  -0.006 |  -0.013 |   
_1186_/D                                                                        
      200 |       0 |     268 |            0 |   +23.5% |   0.003 |   0.000 |   
_1140_/D                                                                        
    final |       0 |     272 |            0 |   +23.8% |   0.133 |   0.000 |   
_1227_/D                                                                        
--------------------------------------------------------------------------------
------                                                                          
[INFO RSZ-0032] Inserted 272 hold buffers.                                      
+ detailed_placement -max_displacement  500 100                                 
Placement Analysis                                                              
---------------------------------                                               
total displacement       2949.2 u                                               
average displacement        2.6 u                                               
max displacement           30.7 u                                               
original HPWL           22790.5 u                                               
legalized HPWL          26539.3 u                                               
delta HPWL                   16 %                                               
                                                                                
[INFO DPL-0020] Mirrored 579 instances                                          
[INFO DPL-0021] HPWL before           26539.3 u                                 
[INFO DPL-0022] HPWL after            24977.1 u                                 
[INFO DPL-0023] HPWL delta               -5.9 %                                 
Setting global connections for newly added cells…                               
[INFO] Setting global connections...                                            
[INFO ODB-0403] 544 connections made, 0 conflicts skipped.                      
Updating metrics…                                                               
Cell type report:                       Count       Area                        
  Buffer                                    4      29.03                        
  Clock buffer                             22     627.78                        
  Timing Repair Buffer                    359    5073.06                        
  Inverter                                 30     163.30                        
  Clock inverter                            9      63.50                        
  Sequential cell                         204    9993.72                        
  Multi-Input combinational cell          513    7121.52                        
  Total                                  1141   23071.91                        
Writing OpenROAD database to                                                    
'/Users/yuri/Documents/5_projects/swisschips-fpga/tt-fpga/runs/wokwi/37-openroad
-resizertimingpostcts/tt_um_yuri_fpga.odb'…                                     
Writing netlist to                                                              
'/Users/yuri/Documents/5_projects/swisschips-fpga/tt-fpga/runs/wokwi/37-openroad
-resizertimingpostcts/tt_um_yuri_fpga.nl.v'…                                    
Writing powered netlist to                                                      
'/Users/yuri/Documents/5_projects/swisschips-fpga/tt-fpga/runs/wokwi/37-openroad
-resizertimingpostcts/tt_um_yuri_fpga.pnl.v'…                                   
Writing layout to                                                               
'/Users/yuri/Documents/5_projects/swisschips-fpga/tt-fpga/runs/wokwi/37-openroad
-resizertimingpostcts/tt_um_yuri_fpga.def'…                                     
Writing timing constraints to                                                   
'/Users/yuri/Documents/5_projects/swisschips-fpga/tt-fpga/runs/wokwi/37-openroad
-resizertimingpostcts/tt_um_yuri_fpga.sdc'…                                     
─────────────────────── Static Timing Analysis (Mid-PnR) ───────────────────────
[20:32:35] VERBOSE  Running 'OpenROAD.STAMidPNR-2' at               step.py:1138
                    'runs/wokwi/38-openroad-stamidpnr-2'…                       
[20:32:35] VERBOSE  Logging subprocess to                           step.py:1338
                    'runs/wokwi/38-openroad-stamidpnr-2/openroad-st             
                    amidpnr-2.log'…                                             
Reading timing models for corner nom_typ_1p20V_25C…                             
Reading timing library for the 'nom_typ_1p20V_25C' corner at                    
'/Users/yuri/ttsetup/pdk/ciel/ihp-sg13g2/versions/c4b8b4e5e7a05f375cca3815d51b3a
37721fbf5c/ihp-sg13g2/libs.ref/sg13g2_stdcell/lib/sg13g2_stdcell_typ_1p20V_25C.l
ib'…                                                                            
Reading timing library for the 'nom_typ_1p20V_25C' corner at                    
'/Users/yuri/ttsetup/pdk/ciel/ihp-sg13g2/versions/c4b8b4e5e7a05f375cca3815d51b3a
37721fbf5c/ihp-sg13g2/libs.ref/sg13g2_io/lib/sg13g2_io_typ_1p2V_3p3V_25C.lib'…  
Reading OpenROAD database at                                                    
'/Users/yuri/Documents/5_projects/swisschips-fpga/tt-fpga/runs/wokwi/37-openroad
-resizertimingpostcts/tt_um_yuri_fpga.odb'…                                     
Reading design constraints file at                                              
'/nix/store/cil34vbqkmknv7wg2qsj1xm4wv8rivpj-python3-3.13.9-env/lib/python3.13/s
ite-packages/librelane/scripts/base.sdc'…                                       
[INFO] Using clock clk…                                                         
[INFO] Setting output delay to: 4                                               
[INFO] Setting input delay to: 4                                                
[INFO] Setting load to: 0.006                                                   
[INFO] Setting clock uncertainty to: 0.25                                       
[INFO] Setting clock transition to: 0.15                                        
[INFO] Setting timing derate to: 5%                                             
──────────────────────────────── Global Routing ────────────────────────────────
[20:32:36] VERBOSE  Running 'OpenROAD.GlobalRouting' at             step.py:1138
                    'runs/wokwi/39-openroad-globalrouting'…                     
[20:32:36] VERBOSE  Logging subprocess to                           step.py:1338
                    'runs/wokwi/39-openroad-globalrouting/openroad-             
                    globalrouting.log'…                                         
Reading timing models for corner nom_typ_1p20V_25C…                             
Reading timing library for the 'nom_typ_1p20V_25C' corner at                    
'/Users/yuri/ttsetup/pdk/ciel/ihp-sg13g2/versions/c4b8b4e5e7a05f375cca3815d51b3a
37721fbf5c/ihp-sg13g2/libs.ref/sg13g2_stdcell/lib/sg13g2_stdcell_typ_1p20V_25C.l
ib'…                                                                            
Reading timing library for the 'nom_typ_1p20V_25C' corner at                    
'/Users/yuri/ttsetup/pdk/ciel/ihp-sg13g2/versions/c4b8b4e5e7a05f375cca3815d51b3a
37721fbf5c/ihp-sg13g2/libs.ref/sg13g2_io/lib/sg13g2_io_typ_1p2V_3p3V_25C.lib'…  
Reading OpenROAD database at                                                    
'/Users/yuri/Documents/5_projects/swisschips-fpga/tt-fpga/runs/wokwi/37-openroad
-resizertimingpostcts/tt_um_yuri_fpga.odb'…                                     
Reading design constraints file at                                              
'/nix/store/cil34vbqkmknv7wg2qsj1xm4wv8rivpj-python3-3.13.9-env/lib/python3.13/s
ite-packages/librelane/scripts/base.sdc'…                                       
[INFO] Using clock clk…                                                         
[INFO] Setting output delay to: 4                                               
[INFO] Setting input delay to: 4                                                
[INFO] Setting load to: 0.006                                                   
[INFO] Setting clock uncertainty to: 0.25                                       
[INFO] Setting clock transition to: 0.15                                        
[INFO] Setting timing derate to: 5%                                             
[INFO] Setting signal min routing layer to: Metal2 and clock min routing layer  
to Metal2.                                                                      
[INFO] Setting signal max routing layer to: TopMetal1 and clock max routing     
layer to TopMetal1.                                                             
+ global_route -congestion_iterations 50 -verbose -allow_congestion             
[INFO GRT-0020] Min routing layer: Metal2                                       
[INFO GRT-0021] Max routing layer: TopMetal1                                    
[INFO GRT-0022] Global adjustment: 30%                                          
[INFO GRT-0023] Grid origin: (0, 0)                                             
[INFO GRT-0088] Layer Metal1  Track-Pitch = 0.4200  line-2-Via Pitch: 0.3650    
[INFO GRT-0088] Layer Metal2  Track-Pitch = 0.4800  line-2-Via Pitch: 0.4150    
[INFO GRT-0088] Layer Metal3  Track-Pitch = 0.4200  line-2-Via Pitch: 0.4150    
[INFO GRT-0088] Layer Metal4  Track-Pitch = 0.4800  line-2-Via Pitch: 0.4150    
[INFO GRT-0088] Layer Metal5  Track-Pitch = 0.4200  line-2-Via Pitch: 0.6200    
[INFO GRT-0088] Layer TopMetal1 Track-Pitch = 2.2800  line-2-Via Pitch: 3.2100  
[INFO GRT-0003] Macros: 0                                                       
[INFO GRT-0004] Blockages: 0                                                    
[INFO GRT-0019] Found 21 clock nets.                                            
[INFO GRT-0001] Minimum degree: 2                                               
[INFO GRT-0002] Maximum degree: 16                                              
                                                                                
[INFO GRT-0053] Routing resources analysis:                                     
          Routing      Original      Derated      Resource                      
Layer     Direction    Resources     Resources    Reduction (%)                 
---------------------------------------------------------------                 
Metal1     Horizontal          0             0          0.00%                   
Metal2     Vertical         7583          5010          33.93%                  
Metal3     Horizontal       9736          6450          33.75%                  
Metal4     Vertical         7583          5010          33.93%                  
Metal5     Horizontal       9531          6270          34.21%                  
TopMetal1    Vertical         1480           920          37.84%                
---------------------------------------------------------------                 
                                                                                
[INFO GRT-0197] Via related to pin nodes: 6377                                  
[INFO GRT-0198] Via related Steiner nodes: 102                                  
[INFO GRT-0199] Via filling finished.                                           
[INFO GRT-0111] Final number of vias: 7782                                      
[INFO GRT-0112] Final usage 3D: 27307                                           
                                                                                
[INFO GRT-0096] Final congestion report:                                        
Layer         Resource        Demand        Usage (%)    Max H / Max V / Total  
Overflow                                                                        
--------------------------------------------------------------------------------
-------                                                                         
Metal1               0             0            0.00%             0 /  0 /  0   
Metal2            5010          1974           39.40%             0 /  0 /  0   
Metal3            6450          1910           29.61%             0 /  0 /  0   
Metal4            5010            77            1.54%             0 /  0 /  0   
Metal5            6270             0            0.00%             0 /  0 /  0   
TopMetal1            920             0            0.00%             0 /  0 /  0 
--------------------------------------------------------------------------------
-------                                                                         
Total            23660          3961           16.74%             0 /  0 /  0   
                                                                                
[INFO GRT-0018] Total wirelength: 48319 um                                      
[INFO GRT-0014] Routed nets: 1140                                               
[INFO GRT-0303] Global routing runtime = 00:00:00                               
Setting global connections for newly added cells…                               
[INFO] Setting global connections...                                            
[INFO ODB-0403] 0 connections made, 0 conflicts skipped.                        
Updating metrics…                                                               
Cell type report:                       Count       Area                        
  Buffer                                    4      29.03                        
  Clock buffer                             22     627.78                        
  Timing Repair Buffer                    359    5073.06                        
  Inverter                                 30     163.30                        
  Clock inverter                            9      63.50                        
  Sequential cell                         204    9993.72                        
  Multi-Input combinational cell          513    7121.52                        
  Total                                  1141   23071.91                        
Writing OpenROAD database to                                                    
'/Users/yuri/Documents/5_projects/swisschips-fpga/tt-fpga/runs/wokwi/39-openroad
-globalrouting/tt_um_yuri_fpga.odb'…                                            
Writing layout to                                                               
'/Users/yuri/Documents/5_projects/swisschips-fpga/tt-fpga/runs/wokwi/39-openroad
-globalrouting/tt_um_yuri_fpga.def'…                                            
──────────────────────────────── Check Antennas ────────────────────────────────
[20:32:37] VERBOSE  Running 'OpenROAD.CheckAntennas' at             step.py:1138
                    'runs/wokwi/40-openroad-checkantennas'…                     
[20:32:37] VERBOSE  Logging subprocess to                           step.py:1338
                    'runs/wokwi/40-openroad-checkantennas/openroad-             
                    checkantennas.log'…                                         
Reading timing models for corner nom_typ_1p20V_25C…                             
Reading timing library for the 'nom_typ_1p20V_25C' corner at                    
'/Users/yuri/ttsetup/pdk/ciel/ihp-sg13g2/versions/c4b8b4e5e7a05f375cca3815d51b3a
37721fbf5c/ihp-sg13g2/libs.ref/sg13g2_stdcell/lib/sg13g2_stdcell_typ_1p20V_25C.l
ib'…                                                                            
Reading timing library for the 'nom_typ_1p20V_25C' corner at                    
'/Users/yuri/ttsetup/pdk/ciel/ihp-sg13g2/versions/c4b8b4e5e7a05f375cca3815d51b3a
37721fbf5c/ihp-sg13g2/libs.ref/sg13g2_io/lib/sg13g2_io_typ_1p2V_3p3V_25C.lib'…  
Reading OpenROAD database at                                                    
'/Users/yuri/Documents/5_projects/swisschips-fpga/tt-fpga/runs/wokwi/39-openroad
-globalrouting/tt_um_yuri_fpga.odb'…                                            
Reading design constraints file at                                              
'/nix/store/cil34vbqkmknv7wg2qsj1xm4wv8rivpj-python3-3.13.9-env/lib/python3.13/s
ite-packages/librelane/scripts/base.sdc'…                                       
[INFO] Using clock clk…                                                         
[INFO] Setting output delay to: 4                                               
[INFO] Setting input delay to: 4                                                
[INFO] Setting load to: 0.006                                                   
[INFO] Setting clock uncertainty to: 0.25                                       
[INFO] Setting clock transition to: 0.15                                        
[INFO] Setting timing derate to: 5%                                             
[20:32:37] INFO     Gating variable for step                   sequential.py:362
                    'OpenROAD.RepairDesignPostGRT' set to                       
                    'False'- the step will be skipped.                          
[20:32:37] INFO     Skipping step 'Repair Design (Post-Global  sequential.py:370
                    Routing)'…                                                  
────────────────────── Diodes on Ports Protection Routine ──────────────────────
[20:32:37] VERBOSE  Running 'Odb.DiodesOnPorts' at                  step.py:1138
                    'runs/wokwi/41-odb-diodesonports'…                          
[20:32:37] INFO     'DIODE_ON_PORTS' is set to 'none': skipping       odb.py:820
                    'Odb.DiodesOnPorts'…                                        
[20:32:37] INFO     Gating variable for step                   sequential.py:362
                    'Odb.HeuristicDiodeInsertion' set to                        
                    'False'- the step will be skipped.                          
[20:32:37] INFO     Skipping step 'Heuristic Diode Insertion'… sequential.py:370
──────────────────────────────── Antenna Repair ────────────────────────────────
[20:32:37] VERBOSE  Running 'OpenROAD.RepairAntennas' at            step.py:1138
                    'runs/wokwi/42-openroad-repairantennas'…                    
─────────────────────────────── Diode Insertion ────────────────────────────────
[20:32:37] VERBOSE  Running 'OpenROAD.DiodeInsertion' at            step.py:1138
                    'runs/wokwi/42-openroad-repairantennas/1-openro             
                    ad-diodeinsertion'…                                         
[20:32:37] VERBOSE  Logging subprocess to                           step.py:1338
                    'runs/wokwi/42-openroad-repairantennas/1-openro             
                    ad-diodeinsertion/openroad-diodeinsertion.log'…             
Reading timing models for corner nom_typ_1p20V_25C…                             
Reading timing library for the 'nom_typ_1p20V_25C' corner at                    
'/Users/yuri/ttsetup/pdk/ciel/ihp-sg13g2/versions/c4b8b4e5e7a05f375cca3815d51b3a
37721fbf5c/ihp-sg13g2/libs.ref/sg13g2_stdcell/lib/sg13g2_stdcell_typ_1p20V_25C.l
ib'…                                                                            
Reading timing library for the 'nom_typ_1p20V_25C' corner at                    
'/Users/yuri/ttsetup/pdk/ciel/ihp-sg13g2/versions/c4b8b4e5e7a05f375cca3815d51b3a
37721fbf5c/ihp-sg13g2/libs.ref/sg13g2_io/lib/sg13g2_io_typ_1p2V_3p3V_25C.lib'…  
Reading OpenROAD database at                                                    
'/Users/yuri/Documents/5_projects/swisschips-fpga/tt-fpga/runs/wokwi/39-openroad
-globalrouting/tt_um_yuri_fpga.odb'…                                            
Reading design constraints file at                                              
'/nix/store/cil34vbqkmknv7wg2qsj1xm4wv8rivpj-python3-3.13.9-env/lib/python3.13/s
ite-packages/librelane/scripts/base.sdc'…                                       
[INFO] Using clock clk…                                                         
[INFO] Setting output delay to: 4                                               
[INFO] Setting input delay to: 4                                                
[INFO] Setting load to: 0.006                                                   
[INFO] Setting clock uncertainty to: 0.25                                       
[INFO] Setting clock transition to: 0.15                                        
[INFO] Setting timing derate to: 5%                                             
+ repair_antennas sg13g2_antennanp -iterations 3 -ratio_margin 10               
-allow_congestion                                                               
[INFO GRT-0012] Found 0 antenna violations.                                     
Setting global connections for newly added cells…                               
[INFO] Setting global connections...                                            
[INFO ODB-0403] 0 connections made, 0 conflicts skipped.                        
Updating metrics…                                                               
Cell type report:                       Count       Area                        
  Buffer                                    4      29.03                        
  Clock buffer                             22     627.78                        
  Timing Repair Buffer                    359    5073.06                        
  Inverter                                 30     163.30                        
  Clock inverter                            9      63.50                        
  Sequential cell                         204    9993.72                        
  Multi-Input combinational cell          513    7121.52                        
  Total                                  1141   23071.91                        
Writing OpenROAD database to                                                    
'/Users/yuri/Documents/5_projects/swisschips-fpga/tt-fpga/runs/wokwi/42-openroad
-repairantennas/1-openroad-diodeinsertion/tt_um_yuri_fpga.odb'…                 
Writing layout to                                                               
'/Users/yuri/Documents/5_projects/swisschips-fpga/tt-fpga/runs/wokwi/42-openroad
-repairantennas/1-openroad-diodeinsertion/tt_um_yuri_fpga.def'…                 
──────────────────────────────── Check Antennas ────────────────────────────────
[20:32:38] VERBOSE  Running 'OpenROAD.CheckAntennas' at             step.py:1138
                    'runs/wokwi/42-openroad-repairantennas/2-openro             
                    ad-checkantennas'…                                          
[20:32:38] VERBOSE  Logging subprocess to                           step.py:1338
                    'runs/wokwi/42-openroad-repairantennas/2-openro             
                    ad-checkantennas/openroad-checkantennas.log'…               
Reading timing models for corner nom_typ_1p20V_25C…                             
Reading timing library for the 'nom_typ_1p20V_25C' corner at                    
'/Users/yuri/ttsetup/pdk/ciel/ihp-sg13g2/versions/c4b8b4e5e7a05f375cca3815d51b3a
37721fbf5c/ihp-sg13g2/libs.ref/sg13g2_stdcell/lib/sg13g2_stdcell_typ_1p20V_25C.l
ib'…                                                                            
Reading timing library for the 'nom_typ_1p20V_25C' corner at                    
'/Users/yuri/ttsetup/pdk/ciel/ihp-sg13g2/versions/c4b8b4e5e7a05f375cca3815d51b3a
37721fbf5c/ihp-sg13g2/libs.ref/sg13g2_io/lib/sg13g2_io_typ_1p2V_3p3V_25C.lib'…  
Reading OpenROAD database at                                                    
'/Users/yuri/Documents/5_projects/swisschips-fpga/tt-fpga/runs/wokwi/42-openroad
-repairantennas/1-openroad-diodeinsertion/tt_um_yuri_fpga.odb'…                 
Reading design constraints file at                                              
'/nix/store/cil34vbqkmknv7wg2qsj1xm4wv8rivpj-python3-3.13.9-env/lib/python3.13/s
ite-packages/librelane/scripts/base.sdc'…                                       
[INFO] Using clock clk…                                                         
[INFO] Setting output delay to: 4                                               
[INFO] Setting input delay to: 4                                                
[INFO] Setting load to: 0.006                                                   
[INFO] Setting clock uncertainty to: 0.25                                       
[INFO] Setting clock transition to: 0.15                                        
[INFO] Setting timing derate to: 5%                                             
[20:32:39] INFO     Gating variable for step                   sequential.py:362
                    'OpenROAD.ResizerTimingPostGRT' set to                      
                    'False'- the step will be skipped.                          
[20:32:39] INFO     Skipping step 'Resizer Timing              sequential.py:370
                    Optimizations (Post-Global Routing)'…                       
─────────────────────── Static Timing Analysis (Mid-PnR) ───────────────────────
[20:32:39] VERBOSE  Running 'OpenROAD.STAMidPNR-3' at               step.py:1138
                    'runs/wokwi/43-openroad-stamidpnr-3'…                       
[20:32:39] VERBOSE  Logging subprocess to                           step.py:1338
                    'runs/wokwi/43-openroad-stamidpnr-3/openroad-st             
                    amidpnr-3.log'…                                             
Reading timing models for corner nom_typ_1p20V_25C…                             
Reading timing library for the 'nom_typ_1p20V_25C' corner at                    
'/Users/yuri/ttsetup/pdk/ciel/ihp-sg13g2/versions/c4b8b4e5e7a05f375cca3815d51b3a
37721fbf5c/ihp-sg13g2/libs.ref/sg13g2_stdcell/lib/sg13g2_stdcell_typ_1p20V_25C.l
ib'…                                                                            
Reading timing library for the 'nom_typ_1p20V_25C' corner at                    
'/Users/yuri/ttsetup/pdk/ciel/ihp-sg13g2/versions/c4b8b4e5e7a05f375cca3815d51b3a
37721fbf5c/ihp-sg13g2/libs.ref/sg13g2_io/lib/sg13g2_io_typ_1p2V_3p3V_25C.lib'…  
Reading OpenROAD database at                                                    
'/Users/yuri/Documents/5_projects/swisschips-fpga/tt-fpga/runs/wokwi/42-openroad
-repairantennas/1-openroad-diodeinsertion/tt_um_yuri_fpga.odb'…                 
Reading design constraints file at                                              
'/nix/store/cil34vbqkmknv7wg2qsj1xm4wv8rivpj-python3-3.13.9-env/lib/python3.13/s
ite-packages/librelane/scripts/base.sdc'…                                       
[INFO] Using clock clk…                                                         
[INFO] Setting output delay to: 4                                               
[INFO] Setting input delay to: 4                                                
[INFO] Setting load to: 0.006                                                   
[INFO] Setting clock uncertainty to: 0.25                                       
[INFO] Setting clock transition to: 0.15                                        
[INFO] Setting timing derate to: 5%                                             
─────────────────────────────── Detailed Routing ───────────────────────────────
[20:32:39] VERBOSE  Running 'OpenROAD.DetailedRouting' at           step.py:1138
                    'runs/wokwi/44-openroad-detailedrouting'…                   
[20:32:39] INFO     Running TritonRoute with 12 threads…        openroad.py:2002
[20:32:39] VERBOSE  Logging subprocess to                           step.py:1338
                    'runs/wokwi/44-openroad-detailedrouting/openroa             
                    d-detailedrouting.log'…                                     
Reading timing models for corner nom_typ_1p20V_25C…                             
Reading timing library for the 'nom_typ_1p20V_25C' corner at                    
'/Users/yuri/ttsetup/pdk/ciel/ihp-sg13g2/versions/c4b8b4e5e7a05f375cca3815d51b3a
37721fbf5c/ihp-sg13g2/libs.ref/sg13g2_stdcell/lib/sg13g2_stdcell_typ_1p20V_25C.l
ib'…                                                                            
Reading timing library for the 'nom_typ_1p20V_25C' corner at                    
'/Users/yuri/ttsetup/pdk/ciel/ihp-sg13g2/versions/c4b8b4e5e7a05f375cca3815d51b3a
37721fbf5c/ihp-sg13g2/libs.ref/sg13g2_io/lib/sg13g2_io_typ_1p2V_3p3V_25C.lib'…  
Reading OpenROAD database at                                                    
'/Users/yuri/Documents/5_projects/swisschips-fpga/tt-fpga/runs/wokwi/42-openroad
-repairantennas/1-openroad-diodeinsertion/tt_um_yuri_fpga.odb'…                 
Reading design constraints file at                                              
'/nix/store/cil34vbqkmknv7wg2qsj1xm4wv8rivpj-python3-3.13.9-env/lib/python3.13/s
ite-packages/librelane/scripts/base.sdc'…                                       
[INFO] Using clock clk…                                                         
[INFO] Setting output delay to: 4                                               
[INFO] Setting input delay to: 4                                                
[INFO] Setting load to: 0.006                                                   
[INFO] Setting clock uncertainty to: 0.25                                       
[INFO] Setting clock transition to: 0.15                                        
[INFO] Setting timing derate to: 5%                                             
[INFO ORD-0030] Using 12 thread(s).                                             
+ detailed_route -droute_end_iter 64 -or_seed 42 -verbose 1 -output_drc         
/Users/yuri/Documents/5_projects/swisschips-fpga/tt-fpga/runs/wokwi/44-openroad-
detailedrouting/drt-run-0/tt_um_yuri_fpga.drc                                   
[INFO DRT-0149] Reading tech and libs.                                          
[20:32:39] WARNING  [DRT-0349] LEF58_ENCLOSURE with no CUTCLASS  openroad.py:314
                    is not supported. Skipping for layer Cont                   
[20:32:39] WARNING  [DRT-0349] LEF58_ENCLOSURE with no CUTCLASS  openroad.py:314
                    is not supported. Skipping for layer Via1                   
[20:32:39] WARNING  [DRT-0349] LEF58_ENCLOSURE with no CUTCLASS  openroad.py:314
                    is not supported. Skipping for layer Via1                   
[20:32:39] WARNING  [DRT-0349] LEF58_ENCLOSURE with no CUTCLASS  openroad.py:314
                    is not supported. Skipping for layer Via2                   
[20:32:39] WARNING  [DRT-0349] LEF58_ENCLOSURE with no CUTCLASS  openroad.py:314
                    is not supported. Skipping for layer Via3                   
[20:32:39] WARNING  [DRT-0349] LEF58_ENCLOSURE with no CUTCLASS  openroad.py:314
                    is not supported. Skipping for layer Via4                   
[20:32:39] WARNING  [DRT-0349] LEF58_ENCLOSURE with no CUTCLASS  openroad.py:314
                    is not supported. Skipping for layer TopVia1                
[20:32:39] WARNING  [DRT-0349] LEF58_ENCLOSURE with no CUTCLASS  openroad.py:314
                    is not supported. Skipping for layer TopVia1                
[20:32:39] WARNING  [DRT-0349] LEF58_ENCLOSURE with no CUTCLASS  openroad.py:314
                    is not supported. Skipping for layer TopVia2                
[20:32:39] WARNING  [DRT-0349] LEF58_ENCLOSURE with no CUTCLASS  openroad.py:314
                    is not supported. Skipping for layer TopVia2                
                                                                                
Units:                1000                                                      
Number of layers:     15                                                        
Number of macros:     106                                                       
Number of vias:       75                                                        
Number of viarulegen: 6                                                         
                                                                                
[INFO DRT-0150] Reading design.                                                 
                                                                                
Design:                   tt_um_yuri_fpga                                       
Die area:                 ( 0 0 ) ( 202080 154980 )                             
Number of track patterns: 14                                                    
Number of DEF vias:       0                                                     
Number of components:     1141                                                  
Number of terminals:      45                                                    
Number of snets:          2                                                     
Number of nets:           1149                                                  
                                                                                
[INFO DRT-0167] List of default vias:                                           
  Layer Via2                                                                    
    default via: Via2_YX                                                        
  Layer Via3                                                                    
    default via: Via3_XY                                                        
  Layer Via4                                                                    
    default via: Via4_YX                                                        
  Layer TopVia1                                                                 
    default via: TopVia1EWNS                                                    
  Layer TopVia2                                                                 
    default via: TopVia2EWNS                                                    
[INFO DRT-0162] Library cell analysis.                                          
[INFO DRT-0163] Instance analysis.                                              
[INFO DRT-0164] Number of unique instances = 101.                               
[INFO DRT-0168] Init region query.                                              
[INFO DRT-0024]   Complete GatPoly.                                             
[INFO DRT-0024]   Complete Cont.                                                
[INFO DRT-0024]   Complete Metal1.                                              
[INFO DRT-0024]   Complete Via1.                                                
[INFO DRT-0024]   Complete Metal2.                                              
[INFO DRT-0024]   Complete Via2.                                                
[INFO DRT-0024]   Complete Metal3.                                              
[INFO DRT-0024]   Complete Via3.                                                
[INFO DRT-0024]   Complete Metal4.                                              
[INFO DRT-0024]   Complete Via4.                                                
[INFO DRT-0024]   Complete Metal5.                                              
[INFO DRT-0024]   Complete TopVia1.                                             
[INFO DRT-0024]   Complete TopMetal1.                                           
[INFO DRT-0024]   Complete TopVia2.                                             
[INFO DRT-0024]   Complete TopMetal2.                                           
[INFO DRT-0033] GatPoly shape region query size = 0.                            
[INFO DRT-0033] Cont shape region query size = 0.                               
[INFO DRT-0033] Metal1 shape region query size = 39190.                         
[INFO DRT-0033] Via1 shape region query size = 1000.                            
[INFO DRT-0033] Metal2 shape region query size = 400.                           
[INFO DRT-0033] Via2 shape region query size = 1000.                            
[INFO DRT-0033] Metal3 shape region query size = 400.                           
[INFO DRT-0033] Via3 shape region query size = 1000.                            
[INFO DRT-0033] Metal4 shape region query size = 443.                           
[INFO DRT-0033] Via4 shape region query size = 1000.                            
[INFO DRT-0033] Metal5 shape region query size = 600.                           
[INFO DRT-0033] TopVia1 shape region query size = 400.                          
[INFO DRT-0033] TopMetal1 shape region query size = 220.                        
[INFO DRT-0033] TopVia2 shape region query size = 0.                            
[INFO DRT-0033] TopMetal2 shape region query size = 0.                          
[INFO DRT-0165] Start pin access.                                               
[INFO DRT-0078]   Complete 552 pins.                                            
[INFO DRT-0079]   Complete 100 unique inst patterns.                            
[INFO DRT-0081]   Complete 101 unique inst patterns.                            
[INFO DRT-0084]   Complete 449 groups.                                          
#scanned instances     = 1141                                                   
#unique  instances     = 101                                                    
#stdCellGenAp          = 4654                                                   
#stdCellValidPlanarAp  = 0                                                      
#stdCellValidViaAp     = 3606                                                   
#stdCellPinNoAp        = 0                                                      
#stdCellPinCnt         = 3652                                                   
#instTermValidViaApCnt = 0                                                      
#macroGenAp            = 0                                                      
#macroValidPlanarAp    = 0                                                      
#macroValidViaAp       = 0                                                      
#macroNoAp             = 0                                                      
[INFO DRT-0166] Complete pin access.                                            
[INFO DRT-0267] cpu time = 00:00:36, elapsed time = 00:00:03, memory = 113.33   
(MB), peak = 112.32 (MB)                                                        
                                                                                
[INFO DRT-0157] Number of guides:     8592                                      
                                                                                
[INFO DRT-0169] Post process guides.                                            
[INFO DRT-0176] GCELLGRID X 0 DO 28 STEP 7200 ;                                 
[INFO DRT-0177] GCELLGRID Y 0 DO 21 STEP 7200 ;                                 
[INFO DRT-0028]   Complete GatPoly.                                             
[INFO DRT-0028]   Complete Cont.                                                
[INFO DRT-0028]   Complete Metal1.                                              
[INFO DRT-0028]   Complete Via1.                                                
[INFO DRT-0028]   Complete Metal2.                                              
[INFO DRT-0028]   Complete Via2.                                                
[INFO DRT-0028]   Complete Metal3.                                              
[INFO DRT-0028]   Complete Via3.                                                
[INFO DRT-0028]   Complete Metal4.                                              
[INFO DRT-0028]   Complete Via4.                                                
[INFO DRT-0028]   Complete Metal5.                                              
[INFO DRT-0028]   Complete TopVia1.                                             
[INFO DRT-0028]   Complete TopMetal1.                                           
[INFO DRT-0028]   Complete TopVia2.                                             
[INFO DRT-0028]   Complete TopMetal2.                                           
[INFO DRT-0178] Init guide query.                                               
[INFO DRT-0035]   Complete GatPoly (guide).                                     
[INFO DRT-0035]   Complete Cont (guide).                                        
[INFO DRT-0035]   Complete Metal1 (guide).                                      
[INFO DRT-0035]   Complete Via1 (guide).                                        
[INFO DRT-0035]   Complete Metal2 (guide).                                      
[INFO DRT-0035]   Complete Via2 (guide).                                        
[INFO DRT-0035]   Complete Metal3 (guide).                                      
[INFO DRT-0035]   Complete Via3 (guide).                                        
[INFO DRT-0035]   Complete Metal4 (guide).                                      
[INFO DRT-0035]   Complete Via4 (guide).                                        
[INFO DRT-0035]   Complete Metal5 (guide).                                      
[INFO DRT-0035]   Complete TopVia1 (guide).                                     
[INFO DRT-0035]   Complete TopMetal1 (guide).                                   
[INFO DRT-0035]   Complete TopVia2 (guide).                                     
[INFO DRT-0035]   Complete TopMetal2 (guide).                                   
[INFO DRT-0036] GatPoly guide region query size = 0.                            
[INFO DRT-0036] Cont guide region query size = 0.                               
[INFO DRT-0036] Metal1 guide region query size = 3142.                          
[INFO DRT-0036] Via1 guide region query size = 0.                               
[INFO DRT-0036] Metal2 guide region query size = 2707.                          
[INFO DRT-0036] Via2 guide region query size = 0.                               
[INFO DRT-0036] Metal3 guide region query size = 1295.                          
[INFO DRT-0036] Via3 guide region query size = 0.                               
[INFO DRT-0036] Metal4 guide region query size = 53.                            
[INFO DRT-0036] Via4 guide region query size = 0.                               
[INFO DRT-0036] Metal5 guide region query size = 0.                             
[INFO DRT-0036] TopVia1 guide region query size = 0.                            
[INFO DRT-0036] TopMetal1 guide region query size = 0.                          
[INFO DRT-0036] TopVia2 guide region query size = 0.                            
[INFO DRT-0036] TopMetal2 guide region query size = 0.                          
[INFO DRT-0179] Init gr pin query.                                              
[INFO DRT-0267] cpu time = 00:00:00, elapsed time = 00:00:00, memory = 116.05   
(MB), peak = 115.07 (MB)                                                        
[INFO DRT-0245] skipped writing guide updates to database.                      
[INFO DRT-0185] Post process initialize RPin region query.                      
[INFO DRT-0181] Start track assignment.                                         
[INFO DRT-0184] Done with 2760 vertical wires in 1 frboxes and 4437 horizontal  
wires in 1 frboxes.                                                             
[INFO DRT-0186] Done with 667 vertical wires in 1 frboxes and 456 horizontal    
wires in 1 frboxes.                                                             
[INFO DRT-0182] Complete track assignment.                                      
[INFO DRT-0267] cpu time = 00:00:03, elapsed time = 00:00:00, memory = 136.15   
(MB), peak = 135.11 (MB)                                                        
[INFO DRT-0187] Start routing data preparation.                                 
[INFO DRT-0267] cpu time = 00:00:00, elapsed time = 00:00:00, memory = 136.75   
(MB), peak = 135.61 (MB)                                                        
[INFO DRT-0194] Start detail routing.                                           
[INFO DRT-0195] Start 0th optimization iteration.                               
    Completing 10% with 0 violations.                                           
    elapsed time = 00:00:00, memory = 242.56 (MB).                              
    Completing 20% with 0 violations.                                           
    elapsed time = 00:00:00, memory = 219.89 (MB).                              
    Completing 30% with 0 violations.                                           
    elapsed time = 00:00:01, memory = 196.91 (MB).                              
    Completing 40% with 16 violations.                                          
    elapsed time = 00:00:02, memory = 239.76 (MB).                              
    Completing 50% with 16 violations.                                          
    elapsed time = 00:00:03, memory = 212.88 (MB).                              
    Completing 60% with 50 violations.                                          
    elapsed time = 00:00:04, memory = 352.39 (MB).                              
    Completing 70% with 50 violations.                                          
    elapsed time = 00:00:05, memory = 331.99 (MB).                              
    Completing 80% with 50 violations.                                          
    elapsed time = 00:00:05, memory = 294.05 (MB).                              
    Completing 90% with 89 violations.                                          
    elapsed time = 00:00:06, memory = 343.31 (MB).                              
    Completing 100% with 129 violations.                                        
    elapsed time = 00:00:06, memory = 303.29 (MB).                              
[INFO DRT-0199]   Number of violations = 230.                                   
Viol/Layer      Metal1   Via1 Metal2   Via2 Metal3 Metal4                       
Metal Spacing        0      0     80      0      0      0                       
Recheck              3      0     68      0     28      2                       
Short                0      3     42      2      2      0                       
[INFO DRT-0267] cpu time = 00:00:24, elapsed time = 00:00:07, memory = 664.68   
(MB), peak = 663.63 (MB)                                                        
Total wire length = 29288 um.                                                   
Total wire length on LAYER Metal1 = 0 um.                                       
Total wire length on LAYER Metal2 = 14828 um.                                   
Total wire length on LAYER Metal3 = 13678 um.                                   
Total wire length on LAYER Metal4 = 782 um.                                     
Total wire length on LAYER Metal5 = 0 um.                                       
Total wire length on LAYER TopMetal1 = 0 um.                                    
Total wire length on LAYER TopMetal2 = 0 um.                                    
Total number of vias = 7044.                                                    
Up-via summary (total 7044):                                                    
                                                                                
------------------                                                              
   GatPoly       0                                                              
    Metal1    3696                                                              
    Metal2    3245                                                              
    Metal3     103                                                              
    Metal4       0                                                              
    Metal5       0                                                              
 TopMetal1       0                                                              
------------------                                                              
          7044                                                                  
                                                                                
                                                                                
[INFO DRT-0195] Start 1st optimization iteration.                               
    Completing 10% with 230 violations.                                         
    elapsed time = 00:00:00, memory = 726.29 (MB).                              
    Completing 20% with 230 violations.                                         
    elapsed time = 00:00:00, memory = 738.35 (MB).                              
    Completing 30% with 230 violations.                                         
    elapsed time = 00:00:01, memory = 704.57 (MB).                              
    Completing 40% with 186 violations.                                         
    elapsed time = 00:00:01, memory = 748.55 (MB).                              
    Completing 50% with 186 violations.                                         
    elapsed time = 00:00:01, memory = 750.17 (MB).                              
    Completing 60% with 186 violations.                                         
    elapsed time = 00:00:02, memory = 714.17 (MB).                              
    Completing 70% with 162 violations.                                         
    elapsed time = 00:00:03, memory = 758.03 (MB).                              
    Completing 80% with 162 violations.                                         
    elapsed time = 00:00:04, memory = 716.17 (MB).                              
    Completing 90% with 97 violations.                                          
    elapsed time = 00:00:05, memory = 791.14 (MB).                              
    Completing 100% with 27 violations.                                         
    elapsed time = 00:00:06, memory = 716.17 (MB).                              
[INFO DRT-0199]   Number of violations = 27.                                    
Viol/Layer      Metal2 Metal3                                                   
Metal Spacing       19      2                                                   
Short                6      0                                                   
[INFO DRT-0267] cpu time = 00:00:22, elapsed time = 00:00:06, memory = 719.17   
(MB), peak = 789.88 (MB)                                                        
Total wire length = 29074 um.                                                   
Total wire length on LAYER Metal1 = 0 um.                                       
Total wire length on LAYER Metal2 = 14642 um.                                   
Total wire length on LAYER Metal3 = 13589 um.                                   
Total wire length on LAYER Metal4 = 836 um.                                     
Total wire length on LAYER Metal5 = 5 um.                                       
Total wire length on LAYER TopMetal1 = 0 um.                                    
Total wire length on LAYER TopMetal2 = 0 um.                                    
Total number of vias = 7023.                                                    
Up-via summary (total 7023):                                                    
                                                                                
------------------                                                              
   GatPoly       0                                                              
    Metal1    3698                                                              
    Metal2    3211                                                              
    Metal3     112                                                              
    Metal4       2                                                              
    Metal5       0                                                              
 TopMetal1       0                                                              
------------------                                                              
          7023                                                                  
                                                                                
                                                                                
[INFO DRT-0195] Start 2nd optimization iteration.                               
    Completing 10% with 27 violations.                                          
    elapsed time = 00:00:00, memory = 719.17 (MB).                              
    Completing 20% with 27 violations.                                          
    elapsed time = 00:00:00, memory = 719.17 (MB).                              
    Completing 30% with 27 violations.                                          
    elapsed time = 00:00:01, memory = 719.17 (MB).                              
    Completing 40% with 27 violations.                                          
    elapsed time = 00:00:01, memory = 719.17 (MB).                              
    Completing 50% with 27 violations.                                          
    elapsed time = 00:00:02, memory = 744.61 (MB).                              
    Completing 60% with 27 violations.                                          
    elapsed time = 00:00:02, memory = 744.61 (MB).                              
    Completing 70% with 37 violations.                                          
    elapsed time = 00:00:02, memory = 744.61 (MB).                              
    Completing 80% with 37 violations.                                          
    elapsed time = 00:00:03, memory = 744.61 (MB).                              
    Completing 90% with 35 violations.                                          
    elapsed time = 00:00:04, memory = 761.30 (MB).                              
    Completing 100% with 30 violations.                                         
    elapsed time = 00:00:04, memory = 761.30 (MB).                              
[INFO DRT-0199]   Number of violations = 30.                                    
Viol/Layer      Metal2 Metal3                                                   
Metal Spacing       15      1                                                   
Short               12      2                                                   
[INFO DRT-0267] cpu time = 00:00:19, elapsed time = 00:00:04, memory = 761.45   
(MB), peak = 789.88 (MB)                                                        
Total wire length = 29075 um.                                                   
Total wire length on LAYER Metal1 = 0 um.                                       
Total wire length on LAYER Metal2 = 14705 um.                                   
Total wire length on LAYER Metal3 = 13538 um.                                   
Total wire length on LAYER Metal4 = 831 um.                                     
Total wire length on LAYER Metal5 = 0 um.                                       
Total wire length on LAYER TopMetal1 = 0 um.                                    
Total wire length on LAYER TopMetal2 = 0 um.                                    
Total number of vias = 6969.                                                    
Up-via summary (total 6969):                                                    
                                                                                
------------------                                                              
   GatPoly       0                                                              
    Metal1    3695                                                              
    Metal2    3175                                                              
    Metal3      99                                                              
    Metal4       0                                                              
    Metal5       0                                                              
 TopMetal1       0                                                              
------------------                                                              
          6969                                                                  
                                                                                
                                                                                
[INFO DRT-0195] Start 3rd guides tiles iteration.                               
    Completing 10% with 30 violations.                                          
    elapsed time = 00:00:00, memory = 805.80 (MB).                              
    Completing 20% with 30 violations.                                          
    elapsed time = 00:00:00, memory = 808.46 (MB).                              
    Completing 30% with 12 violations.                                          
    elapsed time = 00:00:00, memory = 804.61 (MB).                              
    Completing 40% with 12 violations.                                          
    elapsed time = 00:00:00, memory = 804.61 (MB).                              
    Completing 50% with 12 violations.                                          
    elapsed time = 00:00:00, memory = 804.61 (MB).                              
    Completing 60% with 12 violations.                                          
    elapsed time = 00:00:01, memory = 806.49 (MB).                              
    Completing 70% with 5 violations.                                           
    elapsed time = 00:00:01, memory = 806.49 (MB).                              
    Completing 80% with 2 violations.                                           
    elapsed time = 00:00:01, memory = 806.49 (MB).                              
    Completing 90% with 2 violations.                                           
    elapsed time = 00:00:01, memory = 806.49 (MB).                              
    Completing 100% with 0 violations.                                          
    elapsed time = 00:00:01, memory = 806.49 (MB).                              
[INFO DRT-0199]   Number of violations = 0.                                     
[INFO DRT-0267] cpu time = 00:00:07, elapsed time = 00:00:01, memory = 806.49   
(MB), peak = 843.16 (MB)                                                        
Total wire length = 29064 um.                                                   
Total wire length on LAYER Metal1 = 0 um.                                       
Total wire length on LAYER Metal2 = 14483 um.                                   
Total wire length on LAYER Metal3 = 13535 um.                                   
Total wire length on LAYER Metal4 = 1031 um.                                    
Total wire length on LAYER Metal5 = 13 um.                                      
Total wire length on LAYER TopMetal1 = 0 um.                                    
Total wire length on LAYER TopMetal2 = 0 um.                                    
Total number of vias = 6995.                                                    
Up-via summary (total 6995):                                                    
                                                                                
------------------                                                              
   GatPoly       0                                                              
    Metal1    3694                                                              
    Metal2    3175                                                              
    Metal3     124                                                              
    Metal4       2                                                              
    Metal5       0                                                              
 TopMetal1       0                                                              
------------------                                                              
          6995                                                                  
                                                                                
                                                                                
[INFO DRT-0198] Complete detail routing.                                        
Total wire length = 29064 um.                                                   
Total wire length on LAYER Metal1 = 0 um.                                       
Total wire length on LAYER Metal2 = 14483 um.                                   
Total wire length on LAYER Metal3 = 13535 um.                                   
Total wire length on LAYER Metal4 = 1031 um.                                    
Total wire length on LAYER Metal5 = 13 um.                                      
Total wire length on LAYER TopMetal1 = 0 um.                                    
Total wire length on LAYER TopMetal2 = 0 um.                                    
Total number of vias = 6995.                                                    
Up-via summary (total 6995):                                                    
                                                                                
------------------                                                              
   GatPoly       0                                                              
    Metal1    3694                                                              
    Metal2    3175                                                              
    Metal3     124                                                              
    Metal4       2                                                              
    Metal5       0                                                              
 TopMetal1       0                                                              
------------------                                                              
          6995                                                                  
                                                                                
                                                                                
[INFO DRT-0267] cpu time = 00:01:13, elapsed time = 00:00:19, memory = 806.61   
(MB), peak = 843.16 (MB)                                                        
                                                                                
[INFO DRT-0180] Post processing.                                                
+ check_antennas                                                                
[INFO ANT-0002] Found 0 net violations.                                         
[INFO ANT-0001] Found 0 pin violations.                                         
Setting global connections for newly added cells…                               
[INFO] Setting global connections...                                            
[INFO ODB-0403] 0 connections made, 0 conflicts skipped.                        
Updating metrics…                                                               
Cell type report:                       Count       Area                        
  Buffer                                    4      29.03                        
  Clock buffer                             22     627.78                        
  Timing Repair Buffer                    359    5073.06                        
  Inverter                                 30     163.30                        
  Clock inverter                            9      63.50                        
  Sequential cell                         204    9993.72                        
  Multi-Input combinational cell          513    7121.52                        
  Total                                  1141   23071.91                        
Writing OpenROAD database to                                                    
'/Users/yuri/Documents/5_projects/swisschips-fpga/tt-fpga/runs/wokwi/44-openroad
-detailedrouting/tt_um_yuri_fpga.odb'…                                          
Writing netlist to                                                              
'/Users/yuri/Documents/5_projects/swisschips-fpga/tt-fpga/runs/wokwi/44-openroad
-detailedrouting/tt_um_yuri_fpga.nl.v'…                                         
Writing powered netlist to                                                      
'/Users/yuri/Documents/5_projects/swisschips-fpga/tt-fpga/runs/wokwi/44-openroad
-detailedrouting/tt_um_yuri_fpga.pnl.v'…                                        
Writing layout to                                                               
'/Users/yuri/Documents/5_projects/swisschips-fpga/tt-fpga/runs/wokwi/44-openroad
-detailedrouting/tt_um_yuri_fpga.def'…                                          
Writing timing constraints to                                                   
'/Users/yuri/Documents/5_projects/swisschips-fpga/tt-fpga/runs/wokwi/44-openroad
-detailedrouting/tt_um_yuri_fpga.sdc'…                                          
───────────────────────────── Remove Obstructions ──────────────────────────────
[20:33:03] VERBOSE  Running 'Odb.RemoveRoutingObstructions' at      step.py:1138
                    'runs/wokwi/45-odb-removeroutingobstructions'…              
[20:33:03] INFO     'ROUTING_OBSTRUCTIONS' is not defined. Skipping   odb.py:589
                    'Odb.RemoveRoutingObstructions'…                            
──────────────────────────────── Check Antennas ────────────────────────────────
[20:33:03] VERBOSE  Running 'OpenROAD.CheckAntennas-1' at           step.py:1138
                    'runs/wokwi/46-openroad-checkantennas-1'…                   
[20:33:03] VERBOSE  Logging subprocess to                           step.py:1338
                    'runs/wokwi/46-openroad-checkantennas-1/openroa             
                    d-checkantennas-1.log'…                                     
Reading timing models for corner nom_typ_1p20V_25C…                             
Reading timing library for the 'nom_typ_1p20V_25C' corner at                    
'/Users/yuri/ttsetup/pdk/ciel/ihp-sg13g2/versions/c4b8b4e5e7a05f375cca3815d51b3a
37721fbf5c/ihp-sg13g2/libs.ref/sg13g2_stdcell/lib/sg13g2_stdcell_typ_1p20V_25C.l
ib'…                                                                            
Reading timing library for the 'nom_typ_1p20V_25C' corner at                    
'/Users/yuri/ttsetup/pdk/ciel/ihp-sg13g2/versions/c4b8b4e5e7a05f375cca3815d51b3a
37721fbf5c/ihp-sg13g2/libs.ref/sg13g2_io/lib/sg13g2_io_typ_1p2V_3p3V_25C.lib'…  
Reading OpenROAD database at                                                    
'/Users/yuri/Documents/5_projects/swisschips-fpga/tt-fpga/runs/wokwi/44-openroad
-detailedrouting/tt_um_yuri_fpga.odb'…                                          
Reading design constraints file at                                              
'/nix/store/cil34vbqkmknv7wg2qsj1xm4wv8rivpj-python3-3.13.9-env/lib/python3.13/s
ite-packages/librelane/scripts/base.sdc'…                                       
[INFO] Using clock clk…                                                         
[INFO] Setting output delay to: 4                                               
[INFO] Setting input delay to: 4                                                
[INFO] Setting load to: 0.006                                                   
[INFO] Setting clock uncertainty to: 0.25                                       
[INFO] Setting clock transition to: 0.15                                        
[INFO] Setting timing derate to: 5%                                             
───────────────────────── Routing Design Rule Checker ──────────────────────────
[20:33:04] VERBOSE  Running 'Checker.TrDRC' at                      step.py:1138
                    'runs/wokwi/47-checker-trdrc'…                              
[20:33:04] INFO     Check for Routing DRC errors clear.           checker.py:131
─────────────────────────── Report Disconnected Pins ───────────────────────────
[20:33:04] VERBOSE  Running 'Odb.ReportDisconnectedPins' at         step.py:1138
                    'runs/wokwi/48-odb-reportdisconnectedpins'…                 
[20:33:04] VERBOSE  Logging subprocess to                           step.py:1338
                    'runs/wokwi/48-odb-reportdisconnectedpins/odb-r             
                    eportdisconnectedpins.log'…                                 
Found 9 disconnected pin(s), of which 0 are critical.                           
────────────────────────── Disconnected Pins Checker ───────────────────────────
[20:33:04] VERBOSE  Running 'Checker.DisconnectedPins' at           step.py:1138
                    'runs/wokwi/49-checker-disconnectedpins'…                   
[20:33:04] INFO     Check for critical disconnected pins clear.   checker.py:131
────────────────────────────── Report Wire Length ──────────────────────────────
[20:33:04] VERBOSE  Running 'Odb.ReportWireLength' at               step.py:1138
                    'runs/wokwi/50-odb-reportwirelength'…                       
[20:33:04] VERBOSE  Logging subprocess to                           step.py:1338
                    'runs/wokwi/50-odb-reportwirelength/odb-reportw             
                    irelength.log'…                                             
──────────────────────── Wire Length Threshold Checker ─────────────────────────
[20:33:05] VERBOSE  Running 'Checker.WireLength' at                 step.py:1138
                    'runs/wokwi/51-checker-wirelength'…                         
[20:33:05] WARNING  Threshold for Threshold-surpassing long wires checker.py:108
                    is not set. The checker will be skipped.                    
──────────────────────────────── Fill Insertion ────────────────────────────────
[20:33:05] VERBOSE  Running 'OpenROAD.FillInsertion' at             step.py:1138
                    'runs/wokwi/52-openroad-fillinsertion'…                     
[20:33:05] VERBOSE  Logging subprocess to                           step.py:1338
                    'runs/wokwi/52-openroad-fillinsertion/openroad-             
                    fillinsertion.log'…                                         
Reading timing models for corner nom_typ_1p20V_25C…                             
Reading timing library for the 'nom_typ_1p20V_25C' corner at                    
'/Users/yuri/ttsetup/pdk/ciel/ihp-sg13g2/versions/c4b8b4e5e7a05f375cca3815d51b3a
37721fbf5c/ihp-sg13g2/libs.ref/sg13g2_stdcell/lib/sg13g2_stdcell_typ_1p20V_25C.l
ib'…                                                                            
Reading timing library for the 'nom_typ_1p20V_25C' corner at                    
'/Users/yuri/ttsetup/pdk/ciel/ihp-sg13g2/versions/c4b8b4e5e7a05f375cca3815d51b3a
37721fbf5c/ihp-sg13g2/libs.ref/sg13g2_io/lib/sg13g2_io_typ_1p2V_3p3V_25C.lib'…  
Reading OpenROAD database at                                                    
'/Users/yuri/Documents/5_projects/swisschips-fpga/tt-fpga/runs/wokwi/48-odb-repo
rtdisconnectedpins/tt_um_yuri_fpga.odb'…                                        
Reading design constraints file at                                              
'/nix/store/cil34vbqkmknv7wg2qsj1xm4wv8rivpj-python3-3.13.9-env/lib/python3.13/s
ite-packages/librelane/scripts/base.sdc'…                                       
[INFO] Using clock clk…                                                         
[INFO] Setting output delay to: 4                                               
[INFO] Setting input delay to: 4                                                
[INFO] Setting load to: 0.006                                                   
[INFO] Setting clock uncertainty to: 0.25                                       
[INFO] Setting clock transition to: 0.15                                        
[INFO] Setting timing derate to: 5%                                             
sg13g2_decap_* sg13g2_fill_1 sg13g2_fill_2                                      
[INFO DPL-0001] Placed 885 filler instances.                                    
Setting global connections for newly added cells…                               
[INFO] Setting global connections...                                            
[INFO ODB-0403] 1770 connections made, 0 conflicts skipped.                     
Updating metrics…                                                               
Cell type report:                       Count       Area                        
  Fill cell                               885    5869.58                        
  Buffer                                    4      29.03                        
  Clock buffer                             22     627.78                        
  Timing Repair Buffer                    359    5073.06                        
  Inverter                                 30     163.30                        
  Clock inverter                            9      63.50                        
  Sequential cell                         204    9993.72                        
  Multi-Input combinational cell          513    7121.52                        
  Total                                  2026   28941.49                        
Writing OpenROAD database to                                                    
'/Users/yuri/Documents/5_projects/swisschips-fpga/tt-fpga/runs/wokwi/52-openroad
-fillinsertion/tt_um_yuri_fpga.odb'…                                            
Writing netlist to                                                              
'/Users/yuri/Documents/5_projects/swisschips-fpga/tt-fpga/runs/wokwi/52-openroad
-fillinsertion/tt_um_yuri_fpga.nl.v'…                                           
Writing powered netlist to                                                      
'/Users/yuri/Documents/5_projects/swisschips-fpga/tt-fpga/runs/wokwi/52-openroad
-fillinsertion/tt_um_yuri_fpga.pnl.v'…                                          
Writing layout to                                                               
'/Users/yuri/Documents/5_projects/swisschips-fpga/tt-fpga/runs/wokwi/52-openroad
-fillinsertion/tt_um_yuri_fpga.def'…                                            
Writing timing constraints to                                                   
'/Users/yuri/Documents/5_projects/swisschips-fpga/tt-fpga/runs/wokwi/52-openroad
-fillinsertion/tt_um_yuri_fpga.sdc'…                                            
──────────────────────── Generate Cell Frequency Tables ────────────────────────
[20:33:05] VERBOSE  Running 'Odb.CellFrequencyTables' at            step.py:1138
                    'runs/wokwi/53-odb-cellfrequencytables'…                    
[20:33:05] VERBOSE  Logging subprocess to                           step.py:1338
                    'runs/wokwi/53-odb-cellfrequencytables/buffer_l             
                    ist.txt'…                                                   
sg13g2_buf_1                                                                    
sg13g2_buf_16                                                                   
sg13g2_buf_2                                                                    
sg13g2_buf_4                                                                    
sg13g2_buf_8                                                                    
sg13g2_dlygate4sd1_1                                                            
sg13g2_dlygate4sd2_1                                                            
sg13g2_dlygate4sd3_1                                                            
[20:33:05] VERBOSE  Logging subprocess to                           step.py:1338
                    'runs/wokwi/53-odb-cellfrequencytables/odb-cell             
                    frequencytables.log'…                                       
                                Cells by Master                                 
┏━━━━━━━━━━━━━━━━━━━━━━━━━━━━━━━━━━━━━━━━━━━━━━━━━━━━━━━━━━━┳━━━━━━━━━━━━━━━━━━┓
┃ Cell                                                      ┃ Count            ┃
┡━━━━━━━━━━━━━━━━━━━━━━━━━━━━━━━━━━━━━━━━━━━━━━━━━━━━━━━━━━━╇━━━━━━━━━━━━━━━━━━┩
│ sg13g2_a21o_1                                             │ 6                │
│ sg13g2_a21oi_1                                            │ 45               │
│ sg13g2_a221oi_1                                           │ 10               │
│ sg13g2_a22oi_1                                            │ 25               │
│ sg13g2_and2_1                                             │ 10               │
│ sg13g2_and3_1                                             │ 11               │
│ sg13g2_buf_1                                              │ 91               │
│ sg13g2_buf_16                                             │ 5                │
│ sg13g2_buf_8                                              │ 17               │
│ sg13g2_decap_4                                            │ 153              │
│ sg13g2_decap_8                                            │ 280              │
│ sg13g2_dfrbpq_1                                           │ 204              │
│ sg13g2_dlygate4sd3_1                                      │ 272              │
│ sg13g2_fill_1                                             │ 241              │
│ sg13g2_fill_2                                             │ 211              │
│ sg13g2_inv_1                                              │ 33               │
│ sg13g2_inv_2                                              │ 5                │
│ sg13g2_inv_4                                              │ 1                │
│ sg13g2_mux2_1                                             │ 198              │
│ sg13g2_mux4_1                                             │ 20               │
│ sg13g2_nand2_1                                            │ 32               │
│ sg13g2_nand2b_1                                           │ 9                │
│ sg13g2_nand3_1                                            │ 18               │
│ sg13g2_nand3b_1                                           │ 7                │
│ sg13g2_nand4_1                                            │ 2                │
│ sg13g2_nor2_1                                             │ 20               │
│ sg13g2_nor2b_1                                            │ 18               │
│ sg13g2_nor3_1                                             │ 18               │
│ sg13g2_o21ai_1                                            │ 32               │
│ sg13g2_or2_1                                              │ 6                │
│ sg13g2_or3_1                                              │ 1                │
│ sg13g2_tielo                                              │ 20               │
│ sg13g2_xnor2_1                                            │ 4                │
│ sg13g2_xor2_1                                             │ 1                │
└───────────────────────────────────────────────────────────┴──────────────────┘
                               Cells by Function                                
┏━━━━━━━━━━━━━━━━━━━━━━━━━━━━━━━━━━━━━━━━━━━━━━━━━━━━━┳━━━━━━━━━━━━━━━━━━━━━━━━┓
┃ Cell Function                                       ┃ Count                  ┃
┡━━━━━━━━━━━━━━━━━━━━━━━━━━━━━━━━━━━━━━━━━━━━━━━━━━━━━╇━━━━━━━━━━━━━━━━━━━━━━━━┩
└─────────────────────────────────────────────────────┴────────────────────────┘
                                  Cells by SCL                                  
┏━━━━━━━━━━━━━━━━━━━━━━━━━━━━━━━━━┳━━━━━━━━━━━━━━━━━━━━━━━━━━━━━━━━━━━━━━━━━━━━┓
┃ SCL                             ┃ Count                                      ┃
┡━━━━━━━━━━━━━━━━━━━━━━━━━━━━━━━━━╇━━━━━━━━━━━━━━━━━━━━━━━━━━━━━━━━━━━━━━━━━━━━┩
└─────────────────────────────────┴────────────────────────────────────────────┘
                             Buffers by Cell Master                             
┏━━━━━━━━━━━━━━━━━━━━━━━━━━━━━━━━━━━━━━━━━━━━━━━━━━━━━━━━━━━┳━━━━━━━━━━━━━━━━━━┓
┃ Buffer                                                    ┃ Count            ┃
┡━━━━━━━━━━━━━━━━━━━━━━━━━━━━━━━━━━━━━━━━━━━━━━━━━━━━━━━━━━━╇━━━━━━━━━━━━━━━━━━┩
│ sg13g2_buf_1                                              │ 91               │
│ sg13g2_buf_16                                             │ 5                │
│ sg13g2_buf_8                                              │ 17               │
│ sg13g2_dlygate4sd3_1                                      │ 272              │
└───────────────────────────────────────────────────────────┴──────────────────┘
───────────────── Parasitic Resistance/Capacitance Extraction ──────────────────
[20:33:06] VERBOSE  Running 'OpenROAD.RCX' at                       step.py:1138
                    'runs/wokwi/54-openroad-rcx'…                               
[20:33:06] INFO     Running RCX for corners matching nom_*      openroad.py:2145
                    (/Users/yuri/Documents/5_projects/swisschip                 
                    s-fpga/tt-fpga/runs/wokwi/54-openroad-rcx/n                 
                    om/rcx.log)…                                                
[20:33:06] VERBOSE  Logging subprocess to                           step.py:1338
                    'runs/wokwi/54-openroad-rcx/nom/rcx.log'…                   
[20:33:06] INFO     Finished RCX for corners matching nom_*.    openroad.py:2154
────────────────────── Static Timing Analysis (Post-PnR) ───────────────────────
[20:33:06] VERBOSE  Running 'OpenROAD.STAPostPNR' at                step.py:1138
                    'runs/wokwi/55-openroad-stapostpnr'…                        
[20:33:06] INFO     Starting STA for the nom_fast_1p32V_m40C     openroad.py:747
                    timing corner…                                              
[20:33:06] INFO     Starting STA for the nom_slow_1p08V_125C     openroad.py:747
                    timing corner…                                              
[20:33:06] INFO     Starting STA for the nom_typ_1p20V_25C       openroad.py:747
                    timing corner…                                              
[20:33:06] VERBOSE  Logging subprocess to                           step.py:1338
                    'runs/wokwi/55-openroad-stapostpnr/nom_fast_1p3             
                    2V_m40C/sta.log'…                                           
[20:33:06] VERBOSE  Logging subprocess to                           step.py:1338
                    'runs/wokwi/55-openroad-stapostpnr/nom_slow_1p0             
                    8V_125C/sta.log'…                                           
[20:33:06] VERBOSE  Logging subprocess to                           step.py:1338
                    'runs/wokwi/55-openroad-stapostpnr/nom_typ_1p20             
                    V_25C/sta.log'…                                             
[20:33:07] INFO     Finished STA for the nom_fast_1p32V_m40C     openroad.py:762
                    timing corner.                                              
[20:33:07] INFO     Finished STA for the nom_typ_1p20V_25C       openroad.py:762
                    timing corner.                                              
[20:33:07] INFO     Finished STA for the nom_slow_1p08V_125C     openroad.py:762
                    timing corner.                                              
[20:33:07] VERBOSE  Logging subprocess to                           step.py:1338
                    'runs/wokwi/55-openroad-stapostpnr/nom_fast_1p3             
                    2V_m40C/filter_unannotated.log'…                            
[20:33:07] VERBOSE  Logging subprocess to                           step.py:1338
                    'runs/wokwi/55-openroad-stapostpnr/nom_typ_1p20             
                    V_25C/filter_unannotated.log'…                              
[20:33:07] VERBOSE  Logging subprocess to                           step.py:1338
                    'runs/wokwi/55-openroad-stapostpnr/nom_slow_1p0             
                    8V_125C/filter_unannotated.log'…                            
┏━━━━━━━━━━━━━━━━━━━━━━┳━━━━┳━━━━┳━━━━┳━━━━┳━━━━┳━━━┳━━━━┳━━━┳━━━━┳━━━┳━━━━┳━━━┓
┃                      ┃    ┃    ┃    ┃    ┃ of ┃   ┃    ┃   ┃    ┃ … ┃    ┃   ┃
┃                      ┃    ┃ R… ┃    ┃    ┃ w… ┃   ┃ R… ┃   ┃    ┃ … ┃    ┃   ┃
┃                      ┃ H… ┃ to ┃    ┃ H… ┃ r… ┃ … ┃ to ┃   ┃ S… ┃ … ┃ M… ┃ … ┃
┃                      ┃ W… ┃ R… ┃ H… ┃ V… ┃ to ┃ … ┃ R… ┃ … ┃ V… ┃ … ┃ C… ┃ … ┃
┃ Corner/Group         ┃ S… ┃ P… ┃ T… ┃ C… ┃ r… ┃ … ┃ P… ┃ … ┃ C… ┃ … ┃ V… ┃ … ┃
┡━━━━━━━━━━━━━━━━━━━━━━╇━━━━╇━━━━╇━━━━╇━━━━╇━━━━╇━━━╇━━━━╇━━━╇━━━━╇━━━╇━━━━╇━━━┩
│ Overall              │ 0… │ 0… │ 0… │ 0  │ 0  │ … │ N… │ … │ 0  │ 0 │ 0  │ 0 │
│ nom_fast_1p32V_m40C  │ 0… │ 0… │ 0… │ 0  │ 0  │ … │ N… │ … │ 0  │ 0 │ 0  │ 0 │
│ nom_slow_1p08V_125C  │ 0… │ 0… │ 0… │ 0  │ 0  │ … │ N… │ … │ 0  │ 0 │ 0  │ 0 │
│ nom_typ_1p20V_25C    │ 0… │ 0… │ 0… │ 0  │ 0  │ … │ N… │ … │ 0  │ 0 │ 0  │ 0 │
└──────────────────────┴────┴────┴────┴────┴────┴───┴────┴───┴────┴───┴────┴───┘
─────────────────────────── Generate IR Drop Report ────────────────────────────
[20:33:08] VERBOSE  Running 'OpenROAD.IRDropReport' at              step.py:1138
                    'runs/wokwi/56-openroad-irdropreport'…                      
[20:33:08] WARNING  'VSRC_LOC_FILES' was not given a value,     openroad.py:2245
                    which may make the results of IR drop                       
                    analysis inaccurate. If you are not                         
                    integrating a top-level chip for                            
                    manufacture, you may ignore this warning,                   
                    otherwise, see the documentation for                        
                    'VSRC_LOC_FILES'.                                           
[20:33:08] VERBOSE  Logging subprocess to                           step.py:1338
                    'runs/wokwi/56-openroad-irdropreport/openroad-i             
                    rdropreport.log'…                                           
Reading timing models for corner nom_typ_1p20V_25C…                             
Reading timing library for the 'nom_typ_1p20V_25C' corner at                    
'/Users/yuri/ttsetup/pdk/ciel/ihp-sg13g2/versions/c4b8b4e5e7a05f375cca3815d51b3a
37721fbf5c/ihp-sg13g2/libs.ref/sg13g2_stdcell/lib/sg13g2_stdcell_typ_1p20V_25C.l
ib'…                                                                            
Reading timing library for the 'nom_typ_1p20V_25C' corner at                    
'/Users/yuri/ttsetup/pdk/ciel/ihp-sg13g2/versions/c4b8b4e5e7a05f375cca3815d51b3a
37721fbf5c/ihp-sg13g2/libs.ref/sg13g2_io/lib/sg13g2_io_typ_1p2V_3p3V_25C.lib'…  
Reading OpenROAD database at                                                    
'/Users/yuri/Documents/5_projects/swisschips-fpga/tt-fpga/runs/wokwi/53-odb-cell
frequencytables/tt_um_yuri_fpga.odb'…                                           
Reading design constraints file at                                              
'/nix/store/cil34vbqkmknv7wg2qsj1xm4wv8rivpj-python3-3.13.9-env/lib/python3.13/s
ite-packages/librelane/scripts/base.sdc'…                                       
[INFO] Using clock clk…                                                         
[INFO] Setting output delay to: 4                                               
[INFO] Setting input delay to: 4                                                
[INFO] Setting load to: 0.006                                                   
[INFO] Setting clock uncertainty to: 0.25                                       
[INFO] Setting clock transition to: 0.15                                        
[INFO] Setting timing derate to: 5%                                             
[INFO] Using voltage extracted from lib (1.2V) for power nets and 0V for ground 
nets…                                                                           
[20:33:08] VERBOSE  + analyze_power_grid -net VPWR              openroad.py:2257
                    -voltage_file                                               
                    /Users/yuri/Documents/5_projects/swisschips                 
                    -fpga/tt-fpga/runs/wokwi/56-openroad-irdrop                 
                    report/net-VPWR.csv                                         
                    [INFO PSM-0040] All shapes on net VPWR are                  
                    connected.                                                  
                    ########## IR report #################                      
                    Net              : VPWR                                     
                    Corner           : nom_typ_1p20V_25C                        
                    Total power      : 1.87e-03 W                               
                    Supply voltage   : 1.20e+00 V                               
                    Worstcase voltage: 1.20e+00 V                               
                    Average voltage  : 1.20e+00 V                               
                    Average IR drop  : 8.85e-05 V                               
                    Worstcase IR drop: 2.33e-03 V                               
                    Percentage drop  : 0.19 %                                   
                    ######################################                      
                    + analyze_power_grid -net VGND                              
                    -voltage_file                                               
                    /Users/yuri/Documents/5_projects/swisschips                 
                    -fpga/tt-fpga/runs/wokwi/56-openroad-irdrop                 
                    report/net-VGND.csv                                         
                    [INFO PSM-0040] All shapes on net VGND are                  
                    connected.                                                  
                    ########## IR report #################                      
                    Net              : VGND                                     
                    Corner           : nom_typ_1p20V_25C                        
                    Total power      : 1.87e-03 W                               
                    Supply voltage   : 0.00e+00 V                               
                    Worstcase voltage: 4.64e-04 V                               
                    Average voltage  : 6.51e-05 V                               
                    Average IR drop  : 6.51e-05 V                               
                    Worstcase IR drop: 4.64e-04 V                               
                    Percentage drop  : 0.04 %                                   
                    ######################################                      
                                                                                
─────────────────────────── GDSII Stream Out (Magic) ───────────────────────────
[20:33:08] VERBOSE  Running 'Magic.StreamOut' at                    step.py:1138
                    'runs/wokwi/57-magic-streamout'…                            
[20:33:08] VERBOSE  Logging subprocess to                           step.py:1338
                    'runs/wokwi/57-magic-streamout/magic-streamout.             
                    log'…                                                       
                                                                                
Magic 8.3 revision 623 - Compiled on Tue Mar 17 08:19:43 UTC 2026.              
Starting magic under Tcl interpreter                                            
Using the terminal as the console.                                              
WARNING: RLIMIT_NOFILE is above 1024 and Tcl_Version<9 this may cause runtime   
issues [rlim_cur=1048576]                                                       
Using NULL graphics device.                                                     
Processing system .magicrc file                                                 
Switching to WIRING tool.                                                       
Switching to NETLIST tool.                                                      
Switching to PICK tool.                                                         
Switching to BOX tool.                                                          
Sourcing design .magicrc for technology ihp-sg13g2 ...                          
2 Magic internal units = 1 Lambda                                               
Input style sg13g2(): scaleFactor=2, multiplier=2                               
The following types are not handled by extraction and will be treated as        
non-electrical types:                                                           
    pblock sealcont difffill nemitter hvnemitter hvisodiffres sealvia1 sealvia2 
sealvia3 sealvia4 sealvia5 sealvia6 pillar solder seal glass thruvia inductor   
Scaled tech values by 2 / 1 to match internal grid scaling                      
Loading ihp-sg13g2 Device Generator Menu ...                                    
Loading                                                                         
"/nix/store/cil34vbqkmknv7wg2qsj1xm4wv8rivpj-python3-3.13.9-env/lib/python3.13/s
ite-packages/librelane/scripts/magic/wrapper.tcl" from command line.            
> gds read                                                                      
/Users/yuri/ttsetup/pdk/ciel/ihp-sg13g2/versions/c4b8b4e5e7a05f375cca3815d51b3a3
7721fbf5c/ihp-sg13g2/libs.ref/sg13g2_stdcell/gds/sg13g2_stdcell.gds             
Warning: Calma reading is not undoable!  I hope that's OK.                      
Library written using GDS-II Release 5.0                                        
Library name: sg13g2_stdcell                                                    
Reading "sg13g2_a21o_1".                                                        
Reading "sg13g2_a21o_2".                                                        
Reading "sg13g2_a21oi_1".                                                       
CIF file read warning: CIF style sg13g2(): units rescaled by factor of 5 / 1    
Reading "sg13g2_a21oi_2".                                                       
Reading "sg13g2_a221oi_1".                                                      
Reading "sg13g2_a22oi_1".                                                       
Reading "sg13g2_and2_1".                                                        
Reading "sg13g2_and2_2".                                                        
Reading "sg13g2_and3_1".                                                        
Reading "sg13g2_and3_2".                                                        
Reading "sg13g2_and4_1".                                                        
Reading "sg13g2_and4_2".                                                        
Reading "sg13g2_antennanp".                                                     
Reading "sg13g2_buf_1".                                                         
Reading "sg13g2_buf_16".                                                        
Reading "sg13g2_buf_2".                                                         
Reading "sg13g2_buf_4".                                                         
Reading "sg13g2_buf_8".                                                         
Reading "sg13g2_decap_4".                                                       
Reading "sg13g2_decap_8".                                                       
Reading "sg13g2_dfrbp_1".                                                       
Reading "sg13g2_dfrbp_2".                                                       
Reading "sg13g2_dfrbpq_1".                                                      
Reading "sg13g2_dfrbpq_2".                                                      
Reading "sg13g2_dlhq_1".                                                        
Reading "sg13g2_dlhr_1".                                                        
Reading "sg13g2_dlhrq_1".                                                       
Reading "sg13g2_dllr_1".                                                        
Reading "sg13g2_dllrq_1".                                                       
Reading "sg13g2_dlygate4sd1_1".                                                 
Reading "sg13g2_dlygate4sd2_1".                                                 
Reading "sg13g2_dlygate4sd3_1".                                                 
Reading "sg13g2_ebufn_2".                                                       
Reading "sg13g2_ebufn_4".                                                       
Reading "sg13g2_ebufn_8".                                                       
Reading "sg13g2_einvn_2".                                                       
Reading "sg13g2_einvn_4".                                                       
Reading "sg13g2_einvn_8".                                                       
Reading "sg13g2_fill_1".                                                        
Reading "sg13g2_fill_2".                                                        
Reading "sg13g2_fill_4".                                                        
Reading "sg13g2_fill_8".                                                        
Reading "sg13g2_inv_1".                                                         
Reading "sg13g2_inv_16".                                                        
Reading "sg13g2_inv_2".                                                         
Reading "sg13g2_inv_4".                                                         
Reading "sg13g2_inv_8".                                                         
Reading "sg13g2_lgcp_1".                                                        
Reading "sg13g2_mux2_1".                                                        
Reading "sg13g2_mux2_2".                                                        
Reading "sg13g2_mux4_1".                                                        
Reading "sg13g2_nand2_1".                                                       
Reading "sg13g2_nand2_2".                                                       
Reading "sg13g2_nand2b_1".                                                      
Reading "sg13g2_nand2b_2".                                                      
Reading "sg13g2_nand3_1".                                                       
Reading "sg13g2_nand3b_1".                                                      
Reading "sg13g2_nand4_1".                                                       
Reading "sg13g2_nor2_1".                                                        
Reading "sg13g2_nor2_2".                                                        
Reading "sg13g2_nor2b_1".                                                       
Reading "sg13g2_nor2b_2".                                                       
Reading "sg13g2_nor3_1".                                                        
Reading "sg13g2_nor3_2".                                                        
Reading "sg13g2_nor4_1".                                                        
Reading "sg13g2_nor4_2".                                                        
Reading "sg13g2_o21ai_1".                                                       
Reading "sg13g2_or2_1".                                                         
Reading "sg13g2_or2_2".                                                         
Reading "sg13g2_or3_1".                                                         
Reading "sg13g2_or3_2".                                                         
Reading "sg13g2_or4_1".                                                         
Reading "sg13g2_or4_2".                                                         
Reading "sg13g2_sdfbbp_1".                                                      
Reading "sg13g2_sdfrbp_1".                                                      
Reading "sg13g2_sdfrbp_2".                                                      
Reading "sg13g2_sdfrbpq_1".                                                     
Reading "sg13g2_sdfrbpq_2".                                                     
Reading "sg13g2_sighold".                                                       
Reading "sg13g2_slgcp_1".                                                       
Reading "sg13g2_tiehi".                                                         
Reading "sg13g2_tielo".                                                         
Reading "sg13g2_xnor2_1".                                                       
Reading "sg13g2_xor2_1".                                                        
> lef read                                                                      
/Users/yuri/ttsetup/pdk/ciel/ihp-sg13g2/versions/c4b8b4e5e7a05f375cca3815d51b3a3
7721fbf5c/ihp-sg13g2/libs.ref/sg13g2_stdcell/lef/sg13g2_stdcell.lef             
Reading LEF data from file                                                      
/Users/yuri/ttsetup/pdk/ciel/ihp-sg13g2/versions/c4b8b4e5e7a05f375cca3815d51b3a3
7721fbf5c/ihp-sg13g2/libs.ref/sg13g2_stdcell/lef/sg13g2_stdcell.lef.            
This action cannot be undone.                                                   
LEF read, Line 6473 (Message): Unknown keyword "ANTENNAMAXCUTCAR" in LEF file;  
ignoring.                                                                       
LEF read: Processed 7927 lines.                                                 
> gds read                                                                      
/Users/yuri/ttsetup/pdk/ciel/ihp-sg13g2/versions/c4b8b4e5e7a05f375cca3815d51b3a3
7721fbf5c/ihp-sg13g2/libs.ref/sg13g2_io/gds/sg13g2_io.gds                       
Warning: Calma reading is not undoable!  I hope that's OK.                      
Library written using GDS-II Release 5.0                                        
Library name: sg13g2_io                                                         
Reading "sg13g2_Clamp_N43N43D4R".                                               
Reading "sg13g2_RCClampResistor".                                               
Reading "sg13g2_RCClampInverter".                                               
Reading "sg13g2_IOPadVdd".                                                      
Reading "sg13g2_IOPadIOVdd".                                                    
Reading "sg13g2_Filler4000".                                                    
Reading "sg13g2_DCNDiode".                                                      
Reading "sg13g2_DCPDiode".                                                      
Reading "sg13g2_IOPadIOVss".                                                    
Reading "sg13g2_IOPadVss".                                                      
Reading "sg13g2_SecondaryProtection".                                           
Reading "sg13g2_LevelDown".                                                     
Reading "sg13g2_IOPadIn".                                                       
Reading "sg13g2_io_inv_x1".                                                     
Reading "sg13g2_LevelUp".                                                       
Reading "sg13g2_io_nor2_x1".                                                    
Reading "sg13g2_io_tie".                                                        
Reading "sg13g2_io_nand2_x1".                                                   
Reading "sg13g2_GateDecode".                                                    
Reading "sg13g2_Clamp_N2N2D".                                                   
Reading "sg13g2_Clamp_P2N2D".                                                   
Reading "sg13g2_IOPadInOut4mA".                                                 
Reading "sg13g2_Clamp_P15N15D".                                                 
Reading "sg13g2_Clamp_N15N15D".                                                 
Reading "sg13g2_IOPadInOut30mA".                                                
Reading "sg13g2_LevelUpInv".                                                    
Reading "sg13g2_GateLevelUpInv".                                                
Reading "sg13g2_IOPadOut4mA".                                                   
Reading "sg13g2_IOPadOut30mA".                                                  
Reading "sg13g2_Clamp_N8N8D".                                                   
Reading "sg13g2_Clamp_P8N8D".                                                   
Reading "sg13g2_IOPadInOut16mA".                                                
Reading "sg13g2_IOPadOut16mA".                                                  
Reading "sg13g2_IOPadTriOut4mA".                                                
Reading "sg13g2_IOPadTriOut16mA".                                               
Reading "sg13g2_IOPadTriOut30mA".                                               
Reading "sg13g2_Corner".                                                        
Reading "sg13g2_Filler200".                                                     
Reading "sg13g2_Filler400".                                                     
Reading "sg13g2_Filler1000".                                                    
Reading "sg13g2_Filler2000".                                                    
Reading "sg13g2_Filler10000".                                                   
Reading "sg13g2_Clamp_N20N0D".                                                  
Reading "sg13g2_Clamp_P20N0D".                                                  
Reading "sg13g2_IOPadAnalog".                                                   
Reading "sg12g2_Gallery".                                                       
> lef read                                                                      
/Users/yuri/ttsetup/pdk/ciel/ihp-sg13g2/versions/c4b8b4e5e7a05f375cca3815d51b3a3
7721fbf5c/ihp-sg13g2/libs.ref/sg13g2_io/lef/sg13g2_io.lef                       
Reading LEF data from file                                                      
/Users/yuri/ttsetup/pdk/ciel/ihp-sg13g2/versions/c4b8b4e5e7a05f375cca3815d51b3a3
7721fbf5c/ihp-sg13g2/libs.ref/sg13g2_io/lef/sg13g2_io.lef.                      
This action cannot be undone.                                                   
LEF read: Processed 4552 lines.                                                 
Cell (NEWCELL) couldn't be read                                                 
No such file or directory                                                       
Creating new cell                                                               
> lef read                                                                      
/Users/yuri/ttsetup/pdk/ciel/ihp-sg13g2/versions/c4b8b4e5e7a05f375cca3815d51b3a3
7721fbf5c/ihp-sg13g2/libs.ref/sg13g2_stdcell/lef/sg13g2_tech.lef                
Reading LEF data from file                                                      
/Users/yuri/ttsetup/pdk/ciel/ihp-sg13g2/versions/c4b8b4e5e7a05f375cca3815d51b3a3
7721fbf5c/ihp-sg13g2/libs.ref/sg13g2_stdcell/lef/sg13g2_tech.lef.               
This action cannot be undone.                                                   
LEF read, Line 79 (Message): Unknown keyword "MAXIMUMDENSITY" in LEF file;      
ignoring.                                                                       
LEF read, Line 80 (Message): Unknown keyword "DENSITYCHECKSTEP" in LEF file;    
ignoring.                                                                       
LEF read, Line 81 (Message): Unknown keyword "DENSITYCHECKWINDOW" in LEF file;  
ignoring.                                                                       
LEF read, Line 87 (Message): Unknown keyword "MINIMUMCUT" in LEF file; ignoring.
LEF read, Line 91 (Message): Unknown keyword "ANTENNACUMAREARATIO" in LEF file; 
ignoring.                                                                       
LEF read, Line 92 (Message): Unknown keyword "ANTENNACUMDIFFAREARATIO" in LEF   
file; ignoring.                                                                 
LEF read, Line 121 (Message): Unknown keyword "MAXIMUMDENSITY" in LEF file;     
ignoring.                                                                       
LEF read, Line 122 (Message): Unknown keyword "DENSITYCHECKSTEP" in LEF file;   
ignoring.                                                                       
LEF read, Line 123 (Message): Unknown keyword "DENSITYCHECKWINDOW" in LEF file; 
ignoring.                                                                       
LEF read, Line 129 (Message): Unknown keyword "MINIMUMCUT" in LEF file;         
ignoring.                                                                       
LEF read, Line 134 (Message): Unknown keyword "ANTENNACUMAREARATIO" in LEF file;
ignoring.                                                                       
LEF read, Line 135 (Message): Unknown keyword "ANTENNACUMDIFFAREARATIO" in LEF  
file; ignoring.                                                                 
LEF read, Line 163 (Message): Unknown keyword "MAXIMUMDENSITY" in LEF file;     
ignoring.                                                                       
LEF read, Line 164 (Message): Unknown keyword "DENSITYCHECKSTEP" in LEF file;   
ignoring.                                                                       
LEF read, Line 165 (Message): Unknown keyword "DENSITYCHECKWINDOW" in LEF file; 
ignoring.                                                                       
LEF read, Line 171 (Message): Unknown keyword "MINIMUMCUT" in LEF file;         
ignoring.                                                                       
LEF read, Line 176 (Message): Unknown keyword "ANTENNACUMAREARATIO" in LEF file;
ignoring.                                                                       
LEF read, Line 177 (Message): Unknown keyword "ANTENNACUMDIFFAREARATIO" in LEF  
file; ignoring.                                                                 
LEF read, Line 205 (Message): Unknown keyword "MAXIMUMDENSITY" in LEF file;     
ignoring.                                                                       
LEF read, Line 206 (Message): Unknown keyword "DENSITYCHECKSTEP" in LEF file;   
ignoring.                                                                       
LEF read, Line 207 (Message): Unknown keyword "DENSITYCHECKWINDOW" in LEF file; 
ignoring.                                                                       
LEF read, Line 213 (Message): Unknown keyword "MINIMUMCUT" in LEF file;         
ignoring.                                                                       
LEF read, Line 218 (Message): Unknown keyword "ANTENNACUMAREARATIO" in LEF file;
ignoring.                                                                       
LEF read, Line 219 (Message): Unknown keyword "ANTENNACUMDIFFAREARATIO" in LEF  
file; ignoring.                                                                 
LEF read, Line 246 (Message): Unknown keyword "MAXIMUMDENSITY" in LEF file;     
ignoring.                                                                       
LEF read, Line 247 (Message): Unknown keyword "DENSITYCHECKSTEP" in LEF file;   
ignoring.                                                                       
LEF read, Line 248 (Message): Unknown keyword "DENSITYCHECKWINDOW" in LEF file; 
ignoring.                                                                       
LEF read, Line 254 (Message): Unknown keyword "MINIMUMCUT" in LEF file;         
ignoring.                                                                       
LEF read, Line 259 (Message): Unknown keyword "ANTENNACUMAREARATIO" in LEF file;
ignoring.                                                                       
LEF read, Line 260 (Message): Unknown keyword "ANTENNACUMDIFFAREARATIO" in LEF  
file; ignoring.                                                                 
LEF read, Line 286 (Message): Unknown keyword "MAXIMUMDENSITY" in LEF file;     
ignoring.                                                                       
LEF read, Line 287 (Message): Unknown keyword "DENSITYCHECKSTEP" in LEF file;   
ignoring.                                                                       
LEF read, Line 288 (Message): Unknown keyword "DENSITYCHECKWINDOW" in LEF file; 
ignoring.                                                                       
LEF read, Line 293 (Message): Unknown keyword "ANTENNACUMAREARATIO" in LEF file;
ignoring.                                                                       
LEF read, Line 294 (Message): Unknown keyword "ANTENNACUMDIFFAREARATIO" in LEF  
file; ignoring.                                                                 
LEF read, Line 320 (Message): Unknown keyword "MAXIMUMDENSITY" in LEF file;     
ignoring.                                                                       
LEF read, Line 321 (Message): Unknown keyword "DENSITYCHECKSTEP" in LEF file;   
ignoring.                                                                       
LEF read, Line 322 (Message): Unknown keyword "DENSITYCHECKWINDOW" in LEF file; 
ignoring.                                                                       
LEF read, Line 327 (Message): Unknown keyword "ANTENNACUMAREARATIO" in LEF file;
ignoring.                                                                       
LEF read, Line 328 (Message): Unknown keyword "ANTENNACUMDIFFAREARATIO" in LEF  
file; ignoring.                                                                 
LEF read: Processed 1197 lines.                                                 
> def read                                                                      
/Users/yuri/Documents/5_projects/swisschips-fpga/tt-fpga/runs/wokwi/53-odb-cellf
requencytables/tt_um_yuri_fpga.def -noblockage                                  
Reading DEF data from file                                                      
/Users/yuri/Documents/5_projects/swisschips-fpga/tt-fpga/runs/wokwi/53-odb-cellf
requencytables/tt_um_yuri_fpga.def.                                             
This action cannot be undone.                                                   
  Processed 5 vias total.                                                       
  Processed 1 non-default rules total.                                          
  Processed 2026 subcell instances total.                                       
  Processed 45 pins total.                                                      
  Processed 2 special nets total.                                               
  Processed 1149 nets total.                                                    
DEF read: Processed 19867 lines.                                                
   Copying output for cell sg13g2_decap_8 from                                  
$PDKPATH/libs.ref/sg13g2_stdcell/gds/sg13g2_stdcell.gds                         
   Copying output for cell sg13g2_fill_1 from                                   
$PDKPATH/libs.ref/sg13g2_stdcell/gds/sg13g2_stdcell.gds                         
   Copying output for cell sg13g2_decap_4 from                                  
$PDKPATH/libs.ref/sg13g2_stdcell/gds/sg13g2_stdcell.gds                         
   Copying output for cell sg13g2_dfrbpq_1 from                                 
$PDKPATH/libs.ref/sg13g2_stdcell/gds/sg13g2_stdcell.gds                         
   Copying output for cell sg13g2_mux2_1 from                                   
$PDKPATH/libs.ref/sg13g2_stdcell/gds/sg13g2_stdcell.gds                         
   Copying output for cell sg13g2_dlygate4sd3_1 from                            
$PDKPATH/libs.ref/sg13g2_stdcell/gds/sg13g2_stdcell.gds                         
   Copying output for cell sg13g2_fill_2 from                                   
$PDKPATH/libs.ref/sg13g2_stdcell/gds/sg13g2_stdcell.gds                         
   Copying output for cell sg13g2_a21oi_1 from                                  
$PDKPATH/libs.ref/sg13g2_stdcell/gds/sg13g2_stdcell.gds                         
   Copying output for cell sg13g2_buf_8 from                                    
$PDKPATH/libs.ref/sg13g2_stdcell/gds/sg13g2_stdcell.gds                         
   Copying output for cell sg13g2_mux4_1 from                                   
$PDKPATH/libs.ref/sg13g2_stdcell/gds/sg13g2_stdcell.gds                         
   Copying output for cell sg13g2_o21ai_1 from                                  
$PDKPATH/libs.ref/sg13g2_stdcell/gds/sg13g2_stdcell.gds                         
   Copying output for cell sg13g2_inv_1 from                                    
$PDKPATH/libs.ref/sg13g2_stdcell/gds/sg13g2_stdcell.gds                         
   Copying output for cell sg13g2_nand2_1 from                                  
$PDKPATH/libs.ref/sg13g2_stdcell/gds/sg13g2_stdcell.gds                         
   Copying output for cell sg13g2_inv_2 from                                    
$PDKPATH/libs.ref/sg13g2_stdcell/gds/sg13g2_stdcell.gds                         
   Copying output for cell sg13g2_inv_4 from                                    
$PDKPATH/libs.ref/sg13g2_stdcell/gds/sg13g2_stdcell.gds                         
   Copying output for cell sg13g2_nor2_1 from                                   
$PDKPATH/libs.ref/sg13g2_stdcell/gds/sg13g2_stdcell.gds                         
   Copying output for cell sg13g2_buf_1 from                                    
$PDKPATH/libs.ref/sg13g2_stdcell/gds/sg13g2_stdcell.gds                         
   Copying output for cell sg13g2_nand2b_1 from                                 
$PDKPATH/libs.ref/sg13g2_stdcell/gds/sg13g2_stdcell.gds                         
   Copying output for cell sg13g2_a22oi_1 from                                  
$PDKPATH/libs.ref/sg13g2_stdcell/gds/sg13g2_stdcell.gds                         
   Copying output for cell sg13g2_xnor2_1 from                                  
$PDKPATH/libs.ref/sg13g2_stdcell/gds/sg13g2_stdcell.gds                         
   Copying output for cell sg13g2_or2_1 from                                    
$PDKPATH/libs.ref/sg13g2_stdcell/gds/sg13g2_stdcell.gds                         
   Copying output for cell sg13g2_nor2b_1 from                                  
$PDKPATH/libs.ref/sg13g2_stdcell/gds/sg13g2_stdcell.gds                         
   Copying output for cell sg13g2_a21o_1 from                                   
$PDKPATH/libs.ref/sg13g2_stdcell/gds/sg13g2_stdcell.gds                         
   Copying output for cell sg13g2_and3_1 from                                   
$PDKPATH/libs.ref/sg13g2_stdcell/gds/sg13g2_stdcell.gds                         
   Copying output for cell sg13g2_nand3_1 from                                  
$PDKPATH/libs.ref/sg13g2_stdcell/gds/sg13g2_stdcell.gds                         
   Copying output for cell sg13g2_a221oi_1 from                                 
$PDKPATH/libs.ref/sg13g2_stdcell/gds/sg13g2_stdcell.gds                         
   Copying output for cell sg13g2_nand3b_1 from                                 
$PDKPATH/libs.ref/sg13g2_stdcell/gds/sg13g2_stdcell.gds                         
   Copying output for cell sg13g2_and2_1 from                                   
$PDKPATH/libs.ref/sg13g2_stdcell/gds/sg13g2_stdcell.gds                         
   Copying output for cell sg13g2_nor3_1 from                                   
$PDKPATH/libs.ref/sg13g2_stdcell/gds/sg13g2_stdcell.gds                         
   Copying output for cell sg13g2_buf_16 from                                   
$PDKPATH/libs.ref/sg13g2_stdcell/gds/sg13g2_stdcell.gds                         
   Copying output for cell sg13g2_xor2_1 from                                   
$PDKPATH/libs.ref/sg13g2_stdcell/gds/sg13g2_stdcell.gds                         
   Copying output for cell sg13g2_nand4_1 from                                  
$PDKPATH/libs.ref/sg13g2_stdcell/gds/sg13g2_stdcell.gds                         
   Copying output for cell sg13g2_or3_1 from                                    
$PDKPATH/libs.ref/sg13g2_stdcell/gds/sg13g2_stdcell.gds                         
   Copying output for cell sg13g2_tielo from                                    
$PDKPATH/libs.ref/sg13g2_stdcell/gds/sg13g2_stdcell.gds                         
   Generating output for cell tt_um_yuri_fpga                                   
[INFO] GDS Write Complete                                                       
────────────────────────── GDSII Stream Out (KLayout) ──────────────────────────
[20:33:17] VERBOSE  Running 'KLayout.StreamOut' at                  step.py:1138
                    'runs/wokwi/58-klayout-streamout'…                          
[20:33:17] VERBOSE  Logging subprocess to                           step.py:1338
                    'runs/wokwi/58-klayout-streamout/klayout-stream             
                    out.log'…                                                   
[INFO] Clearing cells…                                                          
[INFO] Merging GDS files…                                                       
[INFO] Copying top level cell 'tt_um_yuri_fpga'…                                
[INFO] Checking for missing GDS…                                                
[INFO] All LEF cells have matching GDS cells.                                   
[INFO] Writing out GDS                                                          
'/Users/yuri/Documents/5_projects/swisschips-fpga/tt-fpga/runs/wokwi/58-klayout-
streamout/tt_um_yuri_fpga.klayout.gds'…                                         
[INFO] Done.                                                                    
────────────────────────── Render Image (w/ KLayout) ───────────────────────────
[20:33:18] VERBOSE  Running 'KLayout.Render' at                     step.py:1138
                    'runs/wokwi/59-klayout-render'…                             
[20:33:18] VERBOSE  Logging subprocess to                           step.py:1338
                    'runs/wokwi/59-klayout-render/klayout-render.lo             
                    g'…                                                         
────────────────────────────── Write LEF (Magic) ───────────────────────────────
[20:33:19] VERBOSE  Running 'Magic.WriteLEF' at                     step.py:1138
                    'runs/wokwi/60-magic-writelef'…                             
[20:33:19] VERBOSE  Logging subprocess to                           step.py:1338
                    'runs/wokwi/60-magic-writelef/magic-writelef.lo             
                    g'…                                                         
                                                                                
Magic 8.3 revision 623 - Compiled on Tue Mar 17 08:19:43 UTC 2026.              
Starting magic under Tcl interpreter                                            
Using the terminal as the console.                                              
WARNING: RLIMIT_NOFILE is above 1024 and Tcl_Version<9 this may cause runtime   
issues [rlim_cur=1048576]                                                       
Using NULL graphics device.                                                     
Processing system .magicrc file                                                 
Switching to WIRING tool.                                                       
Switching to NETLIST tool.                                                      
Switching to PICK tool.                                                         
Switching to BOX tool.                                                          
Sourcing design .magicrc for technology ihp-sg13g2 ...                          
2 Magic internal units = 1 Lambda                                               
Input style sg13g2(): scaleFactor=2, multiplier=2                               
The following types are not handled by extraction and will be treated as        
non-electrical types:                                                           
    pblock sealcont difffill nemitter hvnemitter hvisodiffres sealvia1 sealvia2 
sealvia3 sealvia4 sealvia5 sealvia6 pillar solder seal glass thruvia inductor   
Scaled tech values by 2 / 1 to match internal grid scaling                      
Loading ihp-sg13g2 Device Generator Menu ...                                    
Loading                                                                         
"/nix/store/cil34vbqkmknv7wg2qsj1xm4wv8rivpj-python3-3.13.9-env/lib/python3.13/s
ite-packages/librelane/scripts/magic/wrapper.tcl" from command line.            
> lef read                                                                      
/Users/yuri/ttsetup/pdk/ciel/ihp-sg13g2/versions/c4b8b4e5e7a05f375cca3815d51b3a3
7721fbf5c/ihp-sg13g2/libs.ref/sg13g2_stdcell/lef/sg13g2_tech.lef                
Reading LEF data from file                                                      
/Users/yuri/ttsetup/pdk/ciel/ihp-sg13g2/versions/c4b8b4e5e7a05f375cca3815d51b3a3
7721fbf5c/ihp-sg13g2/libs.ref/sg13g2_stdcell/lef/sg13g2_tech.lef.               
This action cannot be undone.                                                   
LEF read, Line 79 (Message): Unknown keyword "MAXIMUMDENSITY" in LEF file;      
ignoring.                                                                       
LEF read, Line 80 (Message): Unknown keyword "DENSITYCHECKSTEP" in LEF file;    
ignoring.                                                                       
LEF read, Line 81 (Message): Unknown keyword "DENSITYCHECKWINDOW" in LEF file;  
ignoring.                                                                       
LEF read, Line 87 (Message): Unknown keyword "MINIMUMCUT" in LEF file; ignoring.
LEF read, Line 91 (Message): Unknown keyword "ANTENNACUMAREARATIO" in LEF file; 
ignoring.                                                                       
LEF read, Line 92 (Message): Unknown keyword "ANTENNACUMDIFFAREARATIO" in LEF   
file; ignoring.                                                                 
LEF read, Line 121 (Message): Unknown keyword "MAXIMUMDENSITY" in LEF file;     
ignoring.                                                                       
LEF read, Line 122 (Message): Unknown keyword "DENSITYCHECKSTEP" in LEF file;   
ignoring.                                                                       
LEF read, Line 123 (Message): Unknown keyword "DENSITYCHECKWINDOW" in LEF file; 
ignoring.                                                                       
LEF read, Line 129 (Message): Unknown keyword "MINIMUMCUT" in LEF file;         
ignoring.                                                                       
LEF read, Line 134 (Message): Unknown keyword "ANTENNACUMAREARATIO" in LEF file;
ignoring.                                                                       
LEF read, Line 135 (Message): Unknown keyword "ANTENNACUMDIFFAREARATIO" in LEF  
file; ignoring.                                                                 
LEF read, Line 163 (Message): Unknown keyword "MAXIMUMDENSITY" in LEF file;     
ignoring.                                                                       
LEF read, Line 164 (Message): Unknown keyword "DENSITYCHECKSTEP" in LEF file;   
ignoring.                                                                       
LEF read, Line 165 (Message): Unknown keyword "DENSITYCHECKWINDOW" in LEF file; 
ignoring.                                                                       
LEF read, Line 171 (Message): Unknown keyword "MINIMUMCUT" in LEF file;         
ignoring.                                                                       
LEF read, Line 176 (Message): Unknown keyword "ANTENNACUMAREARATIO" in LEF file;
ignoring.                                                                       
LEF read, Line 177 (Message): Unknown keyword "ANTENNACUMDIFFAREARATIO" in LEF  
file; ignoring.                                                                 
LEF read, Line 205 (Message): Unknown keyword "MAXIMUMDENSITY" in LEF file;     
ignoring.                                                                       
LEF read, Line 206 (Message): Unknown keyword "DENSITYCHECKSTEP" in LEF file;   
ignoring.                                                                       
LEF read, Line 207 (Message): Unknown keyword "DENSITYCHECKWINDOW" in LEF file; 
ignoring.                                                                       
LEF read, Line 213 (Message): Unknown keyword "MINIMUMCUT" in LEF file;         
ignoring.                                                                       
LEF read, Line 218 (Message): Unknown keyword "ANTENNACUMAREARATIO" in LEF file;
ignoring.                                                                       
LEF read, Line 219 (Message): Unknown keyword "ANTENNACUMDIFFAREARATIO" in LEF  
file; ignoring.                                                                 
LEF read, Line 246 (Message): Unknown keyword "MAXIMUMDENSITY" in LEF file;     
ignoring.                                                                       
LEF read, Line 247 (Message): Unknown keyword "DENSITYCHECKSTEP" in LEF file;   
ignoring.                                                                       
LEF read, Line 248 (Message): Unknown keyword "DENSITYCHECKWINDOW" in LEF file; 
ignoring.                                                                       
LEF read, Line 254 (Message): Unknown keyword "MINIMUMCUT" in LEF file;         
ignoring.                                                                       
LEF read, Line 259 (Message): Unknown keyword "ANTENNACUMAREARATIO" in LEF file;
ignoring.                                                                       
LEF read, Line 260 (Message): Unknown keyword "ANTENNACUMDIFFAREARATIO" in LEF  
file; ignoring.                                                                 
LEF read, Line 286 (Message): Unknown keyword "MAXIMUMDENSITY" in LEF file;     
ignoring.                                                                       
LEF read, Line 287 (Message): Unknown keyword "DENSITYCHECKSTEP" in LEF file;   
ignoring.                                                                       
LEF read, Line 288 (Message): Unknown keyword "DENSITYCHECKWINDOW" in LEF file; 
ignoring.                                                                       
LEF read, Line 293 (Message): Unknown keyword "ANTENNACUMAREARATIO" in LEF file;
ignoring.                                                                       
LEF read, Line 294 (Message): Unknown keyword "ANTENNACUMDIFFAREARATIO" in LEF  
file; ignoring.                                                                 
LEF read, Line 320 (Message): Unknown keyword "MAXIMUMDENSITY" in LEF file;     
ignoring.                                                                       
LEF read, Line 321 (Message): Unknown keyword "DENSITYCHECKSTEP" in LEF file;   
ignoring.                                                                       
LEF read, Line 322 (Message): Unknown keyword "DENSITYCHECKWINDOW" in LEF file; 
ignoring.                                                                       
LEF read, Line 327 (Message): Unknown keyword "ANTENNACUMAREARATIO" in LEF file;
ignoring.                                                                       
LEF read, Line 328 (Message): Unknown keyword "ANTENNACUMDIFFAREARATIO" in LEF  
file; ignoring.                                                                 
LEF read: Processed 1197 lines.                                                 
> gds read                                                                      
/Users/yuri/ttsetup/pdk/ciel/ihp-sg13g2/versions/c4b8b4e5e7a05f375cca3815d51b3a3
7721fbf5c/ihp-sg13g2/libs.ref/sg13g2_stdcell/gds/sg13g2_stdcell.gds             
Warning: Calma reading is not undoable!  I hope that's OK.                      
Library written using GDS-II Release 5.0                                        
Library name: sg13g2_stdcell                                                    
Reading "sg13g2_a21o_1".                                                        
Reading "sg13g2_a21o_2".                                                        
Reading "sg13g2_a21oi_1".                                                       
CIF file read warning: CIF style sg13g2(): units rescaled by factor of 5 / 1    
Reading "sg13g2_a21oi_2".                                                       
Reading "sg13g2_a221oi_1".                                                      
Reading "sg13g2_a22oi_1".                                                       
Reading "sg13g2_and2_1".                                                        
Reading "sg13g2_and2_2".                                                        
Reading "sg13g2_and3_1".                                                        
Reading "sg13g2_and3_2".                                                        
Reading "sg13g2_and4_1".                                                        
Reading "sg13g2_and4_2".                                                        
Reading "sg13g2_antennanp".                                                     
Reading "sg13g2_buf_1".                                                         
Reading "sg13g2_buf_16".                                                        
Reading "sg13g2_buf_2".                                                         
Reading "sg13g2_buf_4".                                                         
Reading "sg13g2_buf_8".                                                         
Reading "sg13g2_decap_4".                                                       
Reading "sg13g2_decap_8".                                                       
Reading "sg13g2_dfrbp_1".                                                       
Reading "sg13g2_dfrbp_2".                                                       
Reading "sg13g2_dfrbpq_1".                                                      
Reading "sg13g2_dfrbpq_2".                                                      
Reading "sg13g2_dlhq_1".                                                        
Reading "sg13g2_dlhr_1".                                                        
Reading "sg13g2_dlhrq_1".                                                       
Reading "sg13g2_dllr_1".                                                        
Reading "sg13g2_dllrq_1".                                                       
Reading "sg13g2_dlygate4sd1_1".                                                 
Reading "sg13g2_dlygate4sd2_1".                                                 
Reading "sg13g2_dlygate4sd3_1".                                                 
Reading "sg13g2_ebufn_2".                                                       
Reading "sg13g2_ebufn_4".                                                       
Reading "sg13g2_ebufn_8".                                                       
Reading "sg13g2_einvn_2".                                                       
Reading "sg13g2_einvn_4".                                                       
Reading "sg13g2_einvn_8".                                                       
Reading "sg13g2_fill_1".                                                        
Reading "sg13g2_fill_2".                                                        
Reading "sg13g2_fill_4".                                                        
Reading "sg13g2_fill_8".                                                        
Reading "sg13g2_inv_1".                                                         
Reading "sg13g2_inv_16".                                                        
Reading "sg13g2_inv_2".                                                         
Reading "sg13g2_inv_4".                                                         
Reading "sg13g2_inv_8".                                                         
Reading "sg13g2_lgcp_1".                                                        
Reading "sg13g2_mux2_1".                                                        
Reading "sg13g2_mux2_2".                                                        
Reading "sg13g2_mux4_1".                                                        
Reading "sg13g2_nand2_1".                                                       
Reading "sg13g2_nand2_2".                                                       
Reading "sg13g2_nand2b_1".                                                      
Reading "sg13g2_nand2b_2".                                                      
Reading "sg13g2_nand3_1".                                                       
Reading "sg13g2_nand3b_1".                                                      
Reading "sg13g2_nand4_1".                                                       
Reading "sg13g2_nor2_1".                                                        
Reading "sg13g2_nor2_2".                                                        
Reading "sg13g2_nor2b_1".                                                       
Reading "sg13g2_nor2b_2".                                                       
Reading "sg13g2_nor3_1".                                                        
Reading "sg13g2_nor3_2".                                                        
Reading "sg13g2_nor4_1".                                                        
Reading "sg13g2_nor4_2".                                                        
Reading "sg13g2_o21ai_1".                                                       
Reading "sg13g2_or2_1".                                                         
Reading "sg13g2_or2_2".                                                         
Reading "sg13g2_or3_1".                                                         
Reading "sg13g2_or3_2".                                                         
Reading "sg13g2_or4_1".                                                         
Reading "sg13g2_or4_2".                                                         
Reading "sg13g2_sdfbbp_1".                                                      
Reading "sg13g2_sdfrbp_1".                                                      
Reading "sg13g2_sdfrbp_2".                                                      
Reading "sg13g2_sdfrbpq_1".                                                     
Reading "sg13g2_sdfrbpq_2".                                                     
Reading "sg13g2_sighold".                                                       
Reading "sg13g2_slgcp_1".                                                       
Reading "sg13g2_tiehi".                                                         
Reading "sg13g2_tielo".                                                         
Reading "sg13g2_xnor2_1".                                                       
Reading "sg13g2_xor2_1".                                                        
> gds read                                                                      
/Users/yuri/ttsetup/pdk/ciel/ihp-sg13g2/versions/c4b8b4e5e7a05f375cca3815d51b3a3
7721fbf5c/ihp-sg13g2/libs.ref/sg13g2_io/gds/sg13g2_io.gds                       
Warning: Calma reading is not undoable!  I hope that's OK.                      
Library written using GDS-II Release 5.0                                        
Library name: sg13g2_io                                                         
Reading "sg13g2_Clamp_N43N43D4R".                                               
Reading "sg13g2_RCClampResistor".                                               
Reading "sg13g2_RCClampInverter".                                               
Reading "sg13g2_IOPadVdd".                                                      
Reading "sg13g2_IOPadIOVdd".                                                    
Reading "sg13g2_Filler4000".                                                    
Reading "sg13g2_DCNDiode".                                                      
Reading "sg13g2_DCPDiode".                                                      
Reading "sg13g2_IOPadIOVss".                                                    
Reading "sg13g2_IOPadVss".                                                      
Reading "sg13g2_SecondaryProtection".                                           
Reading "sg13g2_LevelDown".                                                     
Reading "sg13g2_IOPadIn".                                                       
Reading "sg13g2_io_inv_x1".                                                     
Reading "sg13g2_LevelUp".                                                       
Reading "sg13g2_io_nor2_x1".                                                    
Reading "sg13g2_io_tie".                                                        
Reading "sg13g2_io_nand2_x1".                                                   
Reading "sg13g2_GateDecode".                                                    
Reading "sg13g2_Clamp_N2N2D".                                                   
Reading "sg13g2_Clamp_P2N2D".                                                   
Reading "sg13g2_IOPadInOut4mA".                                                 
Reading "sg13g2_Clamp_P15N15D".                                                 
Reading "sg13g2_Clamp_N15N15D".                                                 
Reading "sg13g2_IOPadInOut30mA".                                                
Reading "sg13g2_LevelUpInv".                                                    
Reading "sg13g2_GateLevelUpInv".                                                
Reading "sg13g2_IOPadOut4mA".                                                   
Reading "sg13g2_IOPadOut30mA".                                                  
Reading "sg13g2_Clamp_N8N8D".                                                   
Reading "sg13g2_Clamp_P8N8D".                                                   
Reading "sg13g2_IOPadInOut16mA".                                                
Reading "sg13g2_IOPadOut16mA".                                                  
Reading "sg13g2_IOPadTriOut4mA".                                                
Reading "sg13g2_IOPadTriOut16mA".                                               
Reading "sg13g2_IOPadTriOut30mA".                                               
Reading "sg13g2_Corner".                                                        
Reading "sg13g2_Filler200".                                                     
Reading "sg13g2_Filler400".                                                     
Reading "sg13g2_Filler1000".                                                    
Reading "sg13g2_Filler2000".                                                    
Reading "sg13g2_Filler10000".                                                   
Reading "sg13g2_Clamp_N20N0D".                                                  
Reading "sg13g2_Clamp_P20N0D".                                                  
Reading "sg13g2_IOPadAnalog".                                                   
Reading "sg12g2_Gallery".                                                       
Cell (REFRESHLAYOUT?) couldn't be read                                          
No such file or directory                                                       
Creating new cell                                                               
> def read                                                                      
/Users/yuri/Documents/5_projects/swisschips-fpga/tt-fpga/runs/wokwi/53-odb-cellf
requencytables/tt_um_yuri_fpga.def -noblockage                                  
Reading DEF data from file                                                      
/Users/yuri/Documents/5_projects/swisschips-fpga/tt-fpga/runs/wokwi/53-odb-cellf
requencytables/tt_um_yuri_fpga.def.                                             
This action cannot be undone.                                                   
  Processed 5 vias total.                                                       
  Processed 1 non-default rules total.                                          
  Processed 2026 subcell instances total.                                       
  Processed 45 pins total.                                                      
  Processed 2 special nets total.                                               
  Processed 1149 nets total.                                                    
DEF read: Processed 19867 lines.                                                
[INFO] Ignoring 'VPWR VGND'                                                     
[INFO] Writing abstract LEF…                                                    
[INFO] Specifying -pinonly (nets connected to pins on the same layer are        
declared as obstructions)…                                                      
Generating LEF output                                                           
/Users/yuri/Documents/5_projects/swisschips-fpga/tt-fpga/runs/wokwi/60-magic-wri
telef/tt_um_yuri_fpga.lef for cell tt_um_yuri_fpga:                             
Diagnostic:  Write LEF header for cell tt_um_yuri_fpga                          
Diagnostic:  Writing LEF output for cell tt_um_yuri_fpga                        
Diagnostic:  Scale value is 0.005000                                            
[INFO] LEF Write Complete.                                                      
────── Check Antenna Properties of Pins in The Generated Design LEF view ───────
[20:33:28] VERBOSE  Running 'Odb.CheckDesignAntennaProperties' at   step.py:1138
                    'runs/wokwi/61-odb-checkdesignantennaproperties             
                    '…                                                          
[20:33:28] VERBOSE  Logging subprocess to                           step.py:1338
                    'runs/wokwi/61-odb-checkdesignantennaproperties             
                    /odb-checkdesignantennaproperties.log'…                     
[INFO ODB-0227] LEF file:                                                       
/Users/yuri/ttsetup/pdk/ciel/ihp-sg13g2/versions/c4b8b4e5e7a05f375cca3815d51b3a3
7721fbf5c/ihp-sg13g2/libs.ref/sg13g2_stdcell/lef/sg13g2_tech.lef, created 19    
layers, 70 vias                                                                 
[INFO ODB-0227] LEF file:                                                       
/Users/yuri/ttsetup/pdk/ciel/ihp-sg13g2/versions/c4b8b4e5e7a05f375cca3815d51b3a3
7721fbf5c/ihp-sg13g2/libs.ref/sg13g2_stdcell/lef/sg13g2_stdcell.lef, created 84 
library cells                                                                   
[INFO ODB-0227] LEF file:                                                       
/Users/yuri/ttsetup/pdk/ciel/ihp-sg13g2/versions/c4b8b4e5e7a05f375cca3815d51b3a3
7721fbf5c/ihp-sg13g2/libs.ref/sg13g2_io/lef/sg13g2_io.lef, created 22 library   
cells                                                                           
The NOWIREEXTENSIONATPIN statement will be ignored. See file                    
/Users/yuri/Documents/5_projects/swisschips-fpga/tt-fpga/runs/wokwi/60-magic-wri
telef/tt_um_yuri_fpga.lef at line 2.                                            
                                                                                
[INFO ODB-0227] LEF file:                                                       
/Users/yuri/Documents/5_projects/swisschips-fpga/tt-fpga/runs/wokwi/60-magic-wri
telef/tt_um_yuri_fpga.lef, created 1 library cells                              
[INFO ODB-0127] Reading DEF file: /tmp/tmpdfoy8q16                              
[INFO ODB-0128] Design: empty                                                   
[INFO ODB-0134] Finished DEF file: /tmp/tmpdfoy8q16                             
[20:33:28] WARNING  Cell 'tt_um_yuri_fpga' has (9) input pin(s)        odb.py:71
                    without antenna gate information. They might not            
                    be connected to a gate.                                     
[20:33:28] INFO     Gating variable for step 'KLayout.XOR' set sequential.py:362
                    to 'False'- the step will be skipped.                       
[20:33:28] INFO     Skipping step 'KLayout vs. Magic XOR'…     sequential.py:370
[20:33:28] INFO     Gating variable for step 'Checker.XOR' set sequential.py:362
                    to 'False'- the step will be skipped.                       
[20:33:28] INFO     Skipping step 'XOR Difference Checker'…    sequential.py:370
────────────────────────────── Design Rule Checks ──────────────────────────────
[20:33:28] VERBOSE  Running 'Magic.DRC' at                          step.py:1138
                    'runs/wokwi/62-magic-drc'…                                  
[20:33:28] VERBOSE  Logging subprocess to                           step.py:1338
                    'runs/wokwi/62-magic-drc/magic-drc.log'…                    
                                                                                
Magic 8.3 revision 623 - Compiled on Tue Mar 17 08:19:43 UTC 2026.              
Starting magic under Tcl interpreter                                            
Using the terminal as the console.                                              
WARNING: RLIMIT_NOFILE is above 1024 and Tcl_Version<9 this may cause runtime   
issues [rlim_cur=1048576]                                                       
Using NULL graphics device.                                                     
Processing system .magicrc file                                                 
Switching to WIRING tool.                                                       
Switching to NETLIST tool.                                                      
Switching to PICK tool.                                                         
Switching to BOX tool.                                                          
Sourcing design .magicrc for technology ihp-sg13g2 ...                          
2 Magic internal units = 1 Lambda                                               
Input style sg13g2(): scaleFactor=2, multiplier=2                               
The following types are not handled by extraction and will be treated as        
non-electrical types:                                                           
    pblock sealcont difffill nemitter hvnemitter hvisodiffres sealvia1 sealvia2 
sealvia3 sealvia4 sealvia5 sealvia6 pillar solder seal glass thruvia inductor   
Scaled tech values by 2 / 1 to match internal grid scaling                      
Loading ihp-sg13g2 Device Generator Menu ...                                    
Loading                                                                         
"/nix/store/cil34vbqkmknv7wg2qsj1xm4wv8rivpj-python3-3.13.9-env/lib/python3.13/s
ite-packages/librelane/scripts/magic/wrapper.tcl" from command line.            
Warning: Calma reading is not undoable!  I hope that's OK.                      
Library written using GDS-II Release 3.0                                        
Library name: tt_um_yuri_fpga                                                   
Reading "sg13g2_decap_8".                                                       
Reading "sg13g2_fill_1".                                                        
Reading "sg13g2_decap_4".                                                       
Reading "sg13g2_dfrbpq_1".                                                      
Reading "sg13g2_mux2_1".                                                        
Reading "sg13g2_dlygate4sd3_1".                                                 
Reading "sg13g2_fill_2".                                                        
Reading "sg13g2_a21oi_1".                                                       
CIF file read warning: CIF style sg13g2(): units rescaled by factor of 5 / 1    
Reading "sg13g2_buf_8".                                                         
Reading "sg13g2_mux4_1".                                                        
Reading "sg13g2_o21ai_1".                                                       
Reading "sg13g2_inv_1".                                                         
Reading "sg13g2_nand2_1".                                                       
Reading "sg13g2_inv_2".                                                         
Reading "sg13g2_inv_4".                                                         
Reading "sg13g2_nor2_1".                                                        
Reading "sg13g2_buf_1".                                                         
Reading "sg13g2_nand2b_1".                                                      
Reading "sg13g2_a22oi_1".                                                       
Reading "sg13g2_xnor2_1".                                                       
Reading "sg13g2_or2_1".                                                         
Reading "sg13g2_nor2b_1".                                                       
Reading "sg13g2_a21o_1".                                                        
Reading "sg13g2_and3_1".                                                        
Reading "sg13g2_nand3_1".                                                       
Reading "sg13g2_a221oi_1".                                                      
Reading "sg13g2_nand3b_1".                                                      
Reading "sg13g2_and2_1".                                                        
Reading "sg13g2_nor3_1".                                                        
Reading "sg13g2_buf_16".                                                        
Reading "sg13g2_xor2_1".                                                        
Reading "sg13g2_nand4_1".                                                       
Reading "sg13g2_or3_1".                                                         
Reading "sg13g2_tielo".                                                         
Reading "tt_um_yuri_fpga".                                                      
[INFO] Loading tt_um_yuri_fpga                                                  
                                                                                
DRC style is now "drc(full)"                                                    
Loading DRC CIF style.                                                          
No errors found.                                                                
[INFO] COUNT: 0                                                                 
[INFO] Should be divided by 3 or 4                                              
[INFO] DRC Checking DONE                                                        
(/Users/yuri/Documents/5_projects/swisschips-fpga/tt-fpga/runs/wokwi/62-magic-dr
c/reports/drc.magic.rpt)                                                        
[INFO] Saving mag view with DRC errors                                          
(/Users/yuri/Documents/5_projects/swisschips-fpga/tt-fpga/runs/wokwi/62-magic-dr
c/views/tt_um_yuri_fpga.drc.mag)                                                
[INFO] Saved                                                                    
[20:33:40] INFO     Gating variable for step 'KLayout.DRC' set sequential.py:362
                    to 'False'- the step will be skipped.                       
[20:33:40] INFO     Skipping step 'Design Rule Check           sequential.py:370
                    (KLayout)'…                                                 
────────────────────────── Magic Design Rule Checker ───────────────────────────
[20:33:40] VERBOSE  Running 'Checker.MagicDRC' at                   step.py:1138
                    'runs/wokwi/63-checker-magicdrc'…                           
[20:33:40] INFO     Check for Magic DRC errors clear.             checker.py:131
[20:33:40] INFO     Gating variable for step                   sequential.py:362
                    'Checker.KLayoutDRC' set to 'False'- the                    
                    step will be skipped.                                       
[20:33:40] INFO     Skipping step 'KLayout DRC Checker'…       sequential.py:370
──────────────────────────── SPICE Model Extraction ────────────────────────────
[20:33:40] VERBOSE  Running 'Magic.SpiceExtraction' at              step.py:1138
                    'runs/wokwi/64-magic-spiceextraction'…                      
[20:33:40] VERBOSE  Logging subprocess to                           step.py:1338
                    'runs/wokwi/64-magic-spiceextraction/magic-spic             
                    eextraction.log'…                                           
                                                                                
Magic 8.3 revision 623 - Compiled on Tue Mar 17 08:19:43 UTC 2026.              
Starting magic under Tcl interpreter                                            
Using the terminal as the console.                                              
WARNING: RLIMIT_NOFILE is above 1024 and Tcl_Version<9 this may cause runtime   
issues [rlim_cur=1048576]                                                       
Using NULL graphics device.                                                     
Processing system .magicrc file                                                 
Switching to WIRING tool.                                                       
Switching to NETLIST tool.                                                      
Switching to PICK tool.                                                         
Switching to BOX tool.                                                          
Sourcing design .magicrc for technology ihp-sg13g2 ...                          
2 Magic internal units = 1 Lambda                                               
Input style sg13g2(): scaleFactor=2, multiplier=2                               
The following types are not handled by extraction and will be treated as        
non-electrical types:                                                           
    pblock sealcont difffill nemitter hvnemitter hvisodiffres sealvia1 sealvia2 
sealvia3 sealvia4 sealvia5 sealvia6 pillar solder seal glass thruvia inductor   
Scaled tech values by 2 / 1 to match internal grid scaling                      
Loading ihp-sg13g2 Device Generator Menu ...                                    
Loading                                                                         
"/nix/store/cil34vbqkmknv7wg2qsj1xm4wv8rivpj-python3-3.13.9-env/lib/python3.13/s
ite-packages/librelane/scripts/magic/wrapper.tcl" from command line.            
> lef read                                                                      
/Users/yuri/ttsetup/pdk/ciel/ihp-sg13g2/versions/c4b8b4e5e7a05f375cca3815d51b3a3
7721fbf5c/ihp-sg13g2/libs.ref/sg13g2_stdcell/lef/sg13g2_tech.lef                
Reading LEF data from file                                                      
/Users/yuri/ttsetup/pdk/ciel/ihp-sg13g2/versions/c4b8b4e5e7a05f375cca3815d51b3a3
7721fbf5c/ihp-sg13g2/libs.ref/sg13g2_stdcell/lef/sg13g2_tech.lef.               
This action cannot be undone.                                                   
LEF read, Line 79 (Message): Unknown keyword "MAXIMUMDENSITY" in LEF file;      
ignoring.                                                                       
LEF read, Line 80 (Message): Unknown keyword "DENSITYCHECKSTEP" in LEF file;    
ignoring.                                                                       
LEF read, Line 81 (Message): Unknown keyword "DENSITYCHECKWINDOW" in LEF file;  
ignoring.                                                                       
LEF read, Line 87 (Message): Unknown keyword "MINIMUMCUT" in LEF file; ignoring.
LEF read, Line 91 (Message): Unknown keyword "ANTENNACUMAREARATIO" in LEF file; 
ignoring.                                                                       
LEF read, Line 92 (Message): Unknown keyword "ANTENNACUMDIFFAREARATIO" in LEF   
file; ignoring.                                                                 
LEF read, Line 121 (Message): Unknown keyword "MAXIMUMDENSITY" in LEF file;     
ignoring.                                                                       
LEF read, Line 122 (Message): Unknown keyword "DENSITYCHECKSTEP" in LEF file;   
ignoring.                                                                       
LEF read, Line 123 (Message): Unknown keyword "DENSITYCHECKWINDOW" in LEF file; 
ignoring.                                                                       
LEF read, Line 129 (Message): Unknown keyword "MINIMUMCUT" in LEF file;         
ignoring.                                                                       
LEF read, Line 134 (Message): Unknown keyword "ANTENNACUMAREARATIO" in LEF file;
ignoring.                                                                       
LEF read, Line 135 (Message): Unknown keyword "ANTENNACUMDIFFAREARATIO" in LEF  
file; ignoring.                                                                 
LEF read, Line 163 (Message): Unknown keyword "MAXIMUMDENSITY" in LEF file;     
ignoring.                                                                       
LEF read, Line 164 (Message): Unknown keyword "DENSITYCHECKSTEP" in LEF file;   
ignoring.                                                                       
LEF read, Line 165 (Message): Unknown keyword "DENSITYCHECKWINDOW" in LEF file; 
ignoring.                                                                       
LEF read, Line 171 (Message): Unknown keyword "MINIMUMCUT" in LEF file;         
ignoring.                                                                       
LEF read, Line 176 (Message): Unknown keyword "ANTENNACUMAREARATIO" in LEF file;
ignoring.                                                                       
LEF read, Line 177 (Message): Unknown keyword "ANTENNACUMDIFFAREARATIO" in LEF  
file; ignoring.                                                                 
LEF read, Line 205 (Message): Unknown keyword "MAXIMUMDENSITY" in LEF file;     
ignoring.                                                                       
LEF read, Line 206 (Message): Unknown keyword "DENSITYCHECKSTEP" in LEF file;   
ignoring.                                                                       
LEF read, Line 207 (Message): Unknown keyword "DENSITYCHECKWINDOW" in LEF file; 
ignoring.                                                                       
LEF read, Line 213 (Message): Unknown keyword "MINIMUMCUT" in LEF file;         
ignoring.                                                                       
LEF read, Line 218 (Message): Unknown keyword "ANTENNACUMAREARATIO" in LEF file;
ignoring.                                                                       
LEF read, Line 219 (Message): Unknown keyword "ANTENNACUMDIFFAREARATIO" in LEF  
file; ignoring.                                                                 
LEF read, Line 246 (Message): Unknown keyword "MAXIMUMDENSITY" in LEF file;     
ignoring.                                                                       
LEF read, Line 247 (Message): Unknown keyword "DENSITYCHECKSTEP" in LEF file;   
ignoring.                                                                       
LEF read, Line 248 (Message): Unknown keyword "DENSITYCHECKWINDOW" in LEF file; 
ignoring.                                                                       
LEF read, Line 254 (Message): Unknown keyword "MINIMUMCUT" in LEF file;         
ignoring.                                                                       
LEF read, Line 259 (Message): Unknown keyword "ANTENNACUMAREARATIO" in LEF file;
ignoring.                                                                       
LEF read, Line 260 (Message): Unknown keyword "ANTENNACUMDIFFAREARATIO" in LEF  
file; ignoring.                                                                 
LEF read, Line 286 (Message): Unknown keyword "MAXIMUMDENSITY" in LEF file;     
ignoring.                                                                       
LEF read, Line 287 (Message): Unknown keyword "DENSITYCHECKSTEP" in LEF file;   
ignoring.                                                                       
LEF read, Line 288 (Message): Unknown keyword "DENSITYCHECKWINDOW" in LEF file; 
ignoring.                                                                       
LEF read, Line 293 (Message): Unknown keyword "ANTENNACUMAREARATIO" in LEF file;
ignoring.                                                                       
LEF read, Line 294 (Message): Unknown keyword "ANTENNACUMDIFFAREARATIO" in LEF  
file; ignoring.                                                                 
LEF read, Line 320 (Message): Unknown keyword "MAXIMUMDENSITY" in LEF file;     
ignoring.                                                                       
LEF read, Line 321 (Message): Unknown keyword "DENSITYCHECKSTEP" in LEF file;   
ignoring.                                                                       
LEF read, Line 322 (Message): Unknown keyword "DENSITYCHECKWINDOW" in LEF file; 
ignoring.                                                                       
LEF read, Line 327 (Message): Unknown keyword "ANTENNACUMAREARATIO" in LEF file;
ignoring.                                                                       
LEF read, Line 328 (Message): Unknown keyword "ANTENNACUMDIFFAREARATIO" in LEF  
file; ignoring.                                                                 
LEF read: Processed 1197 lines.                                                 
> lef read                                                                      
/Users/yuri/ttsetup/pdk/ciel/ihp-sg13g2/versions/c4b8b4e5e7a05f375cca3815d51b3a3
7721fbf5c/ihp-sg13g2/libs.ref/sg13g2_stdcell/lef/sg13g2_stdcell.lef             
Reading LEF data from file                                                      
/Users/yuri/ttsetup/pdk/ciel/ihp-sg13g2/versions/c4b8b4e5e7a05f375cca3815d51b3a3
7721fbf5c/ihp-sg13g2/libs.ref/sg13g2_stdcell/lef/sg13g2_stdcell.lef.            
This action cannot be undone.                                                   
LEF read, Line 6473 (Message): Unknown keyword "ANTENNAMAXCUTCAR" in LEF file;  
ignoring.                                                                       
LEF read: Processed 7927 lines.                                                 
> lef read                                                                      
/Users/yuri/ttsetup/pdk/ciel/ihp-sg13g2/versions/c4b8b4e5e7a05f375cca3815d51b3a3
7721fbf5c/ihp-sg13g2/libs.ref/sg13g2_io/lef/sg13g2_io.lef                       
Reading LEF data from file                                                      
/Users/yuri/ttsetup/pdk/ciel/ihp-sg13g2/versions/c4b8b4e5e7a05f375cca3815d51b3a3
7721fbf5c/ihp-sg13g2/libs.ref/sg13g2_io/lef/sg13g2_io.lef.                      
This action cannot be undone.                                                   
LEF read: Processed 4552 lines.                                                 
> def read                                                                      
/Users/yuri/Documents/5_projects/swisschips-fpga/tt-fpga/runs/wokwi/53-odb-cellf
requencytables/tt_um_yuri_fpga.def -noblockage                                  
Reading DEF data from file                                                      
/Users/yuri/Documents/5_projects/swisschips-fpga/tt-fpga/runs/wokwi/53-odb-cellf
requencytables/tt_um_yuri_fpga.def.                                             
This action cannot be undone.                                                   
  Processed 5 vias total.                                                       
  Processed 1 non-default rules total.                                          
  Processed 2026 subcell instances total.                                       
  Processed 45 pins total.                                                      
  Processed 2 special nets total.                                               
  Processed 1149 nets total.                                                    
DEF read: Processed 19867 lines.                                                
> spice read                                                                    
/Users/yuri/ttsetup/pdk/ciel/ihp-sg13g2/versions/c4b8b4e5e7a05f375cca3815d51b3a3
7721fbf5c/ihp-sg13g2/libs.ref/sg13g2_stdcell/spice/sg13g2_stdcell.spice         
Annotating port orders from                                                     
/Users/yuri/ttsetup/pdk/ciel/ihp-sg13g2/versions/c4b8b4e5e7a05f375cca3815d51b3a3
7721fbf5c/ihp-sg13g2/libs.ref/sg13g2_stdcell/spice/sg13g2_stdcell.spice         
Annotating cell sg13g2_a21o_1                                                   
Cell sg13g2_a21o_1 port order was modified.                                     
Annotating cell sg13g2_a21o_2                                                   
Cell sg13g2_a21o_2 port order was modified.                                     
Annotating cell sg13g2_a21oi_1                                                  
Cell sg13g2_a21oi_1 port order was modified.                                    
Annotating cell sg13g2_a21oi_2                                                  
Cell sg13g2_a21oi_2 port order was modified.                                    
Annotating cell sg13g2_a221oi_1                                                 
Cell sg13g2_a221oi_1 port order was modified.                                   
Annotating cell sg13g2_and2_1                                                   
Cell sg13g2_and2_1 port order was modified.                                     
Annotating cell sg13g2_and2_2                                                   
Cell sg13g2_and2_2 port order was modified.                                     
Annotating cell sg13g2_and3_1                                                   
Cell sg13g2_and3_1 port order was modified.                                     
Annotating cell sg13g2_and3_2                                                   
Cell sg13g2_and3_2 port order was modified.                                     
Annotating cell sg13g2_and4_1                                                   
Cell sg13g2_and4_1 port order was modified.                                     
Annotating cell sg13g2_and4_2                                                   
Cell sg13g2_and4_2 port order was modified.                                     
Annotating cell sg13g2_antennanp                                                
Cell sg13g2_antennanp port order was modified.                                  
Annotating cell sg13g2_buf_1                                                    
Cell sg13g2_buf_1 port order was modified.                                      
Annotating cell sg13g2_buf_16                                                   
Cell sg13g2_buf_16 port order was modified.                                     
Annotating cell sg13g2_buf_2                                                    
Cell sg13g2_buf_2 port order was modified.                                      
Annotating cell sg13g2_buf_4                                                    
Cell sg13g2_buf_4 port order was modified.                                      
Annotating cell sg13g2_buf_8                                                    
Cell sg13g2_buf_8 port order was modified.                                      
Annotating cell sg13g2_decap_4                                                  
Cell sg13g2_decap_4 port order was modified.                                    
Annotating cell sg13g2_decap_8                                                  
Cell sg13g2_decap_8 port order was modified.                                    
Annotating cell sg13g2_dfrbp_1                                                  
Cell sg13g2_dfrbp_1 port order was modified.                                    
Annotating cell sg13g2_dfrbp_2                                                  
Cell sg13g2_dfrbp_2 port order was modified.                                    
Annotating cell sg13g2_dlhq_1                                                   
Cell sg13g2_dlhq_1 port order was modified.                                     
Annotating cell sg13g2_dlhr_1                                                   
Cell sg13g2_dlhr_1 port order was modified.                                     
Annotating cell sg13g2_dlhrq_1                                                  
Cell sg13g2_dlhrq_1 port order was modified.                                    
Annotating cell sg13g2_dllr_1                                                   
Cell sg13g2_dllr_1 port order was modified.                                     
Annotating cell sg13g2_dllrq_1                                                  
Cell sg13g2_dllrq_1 port order was modified.                                    
Annotating cell sg13g2_dlygate4sd1_1                                            
Cell sg13g2_dlygate4sd1_1 port order was modified.                              
Annotating cell sg13g2_dlygate4sd2_1                                            
Cell sg13g2_dlygate4sd2_1 port order was modified.                              
Annotating cell sg13g2_dlygate4sd3_1                                            
Cell sg13g2_dlygate4sd3_1 port order was modified.                              
Annotating cell sg13g2_ebufn_2                                                  
Cell sg13g2_ebufn_2 port order was modified.                                    
Annotating cell sg13g2_ebufn_4                                                  
Cell sg13g2_ebufn_4 port order was modified.                                    
Annotating cell sg13g2_ebufn_8                                                  
Cell sg13g2_ebufn_8 port order was modified.                                    
Annotating cell sg13g2_einvn_2                                                  
Cell sg13g2_einvn_2 port order was modified.                                    
Annotating cell sg13g2_einvn_4                                                  
Cell sg13g2_einvn_4 port order was modified.                                    
Annotating cell sg13g2_einvn_8                                                  
Cell sg13g2_einvn_8 port order was modified.                                    
Annotating cell sg13g2_inv_1                                                    
Cell sg13g2_inv_1 port order was modified.                                      
Annotating cell sg13g2_inv_16                                                   
Cell sg13g2_inv_16 port order was modified.                                     
Annotating cell sg13g2_inv_2                                                    
Cell sg13g2_inv_2 port order was modified.                                      
Annotating cell sg13g2_inv_4                                                    
Cell sg13g2_inv_4 port order was modified.                                      
Annotating cell sg13g2_inv_8                                                    
Cell sg13g2_inv_8 port order was modified.                                      
Annotating cell sg13g2_lgcp_1                                                   
Cell sg13g2_lgcp_1 port order was modified.                                     
Annotating cell sg13g2_mux2_1                                                   
Cell sg13g2_mux2_1 port order was modified.                                     
Annotating cell sg13g2_mux2_2                                                   
Cell sg13g2_mux2_2 port order was modified.                                     
Annotating cell sg13g2_mux4_1                                                   
Cell sg13g2_mux4_1 port order was modified.                                     
Annotating cell sg13g2_nand2_1                                                  
Cell sg13g2_nand2_1 port order was modified.                                    
Annotating cell sg13g2_nand2_2                                                  
Cell sg13g2_nand2_2 port order was modified.                                    
Annotating cell sg13g2_nand2b_1                                                 
Cell sg13g2_nand2b_1 port order was modified.                                   
Annotating cell sg13g2_nand2b_2                                                 
Cell sg13g2_nand2b_2 port order was modified.                                   
Annotating cell sg13g2_nand3_1                                                  
Cell sg13g2_nand3_1 port order was modified.                                    
Annotating cell sg13g2_nand3b_1                                                 
Cell sg13g2_nand3b_1 port order was modified.                                   
Annotating cell sg13g2_nand4_1                                                  
Cell sg13g2_nand4_1 port order was modified.                                    
Annotating cell sg13g2_nor2_1                                                   
Cell sg13g2_nor2_1 port order was modified.                                     
Annotating cell sg13g2_nor2_2                                                   
Cell sg13g2_nor2_2 port order was modified.                                     
Annotating cell sg13g2_nor2b_1                                                  
Cell sg13g2_nor2b_1 port order was modified.                                    
Annotating cell sg13g2_nor2b_2                                                  
Cell sg13g2_nor2b_2 port order was modified.                                    
Annotating cell sg13g2_nor3_1                                                   
Cell sg13g2_nor3_1 port order was modified.                                     
Annotating cell sg13g2_nor3_2                                                   
Cell sg13g2_nor3_2 port order was modified.                                     
Annotating cell sg13g2_nor4_1                                                   
Cell sg13g2_nor4_1 port order was modified.                                     
Annotating cell sg13g2_nor4_2                                                   
Cell sg13g2_nor4_2 port order was modified.                                     
Annotating cell sg13g2_o21ai_1                                                  
Cell sg13g2_o21ai_1 port order was modified.                                    
Annotating cell sg13g2_or2_1                                                    
Cell sg13g2_or2_1 port order was modified.                                      
Annotating cell sg13g2_or2_2                                                    
Cell sg13g2_or2_2 port order was modified.                                      
Annotating cell sg13g2_or3_1                                                    
Cell sg13g2_or3_1 port order was modified.                                      
Annotating cell sg13g2_or3_2                                                    
Cell sg13g2_or3_2 port order was modified.                                      
Annotating cell sg13g2_or4_1                                                    
Cell sg13g2_or4_1 port order was modified.                                      
Annotating cell sg13g2_or4_2                                                    
Cell sg13g2_or4_2 port order was modified.                                      
Annotating cell sg13g2_sdfbbp_1                                                 
Cell sg13g2_sdfbbp_1 port order was modified.                                   
Annotating cell sg13g2_sighold                                                  
Cell sg13g2_sighold port order was modified.                                    
Annotating cell sg13g2_slgcp_1                                                  
Cell sg13g2_slgcp_1 port order was modified.                                    
Annotating cell sg13g2_tiehi                                                    
Cell sg13g2_tiehi port order was modified.                                      
Annotating cell sg13g2_tielo                                                    
Cell sg13g2_tielo port order was modified.                                      
Annotating cell sg13g2_xnor2_1                                                  
Cell sg13g2_xnor2_1 port order was modified.                                    
Annotating cell sg13g2_xor2_1                                                   
Cell sg13g2_xor2_1 port order was modified.                                     
Annotating cell sg13g2_a22oi_1                                                  
Cell sg13g2_a22oi_1 port order was modified.                                    
Annotating cell sg13g2_sdfrbpq_2                                                
Cell sg13g2_sdfrbpq_2 port order was modified.                                  
Annotating cell sg13g2_sdfrbpq_1                                                
Cell sg13g2_sdfrbpq_1 port order was modified.                                  
Annotating cell sg13g2_sdfrbp_2                                                 
Cell sg13g2_sdfrbp_2 port order was modified.                                   
Annotating cell sg13g2_sdfrbp_1                                                 
Cell sg13g2_sdfrbp_1 port order was modified.                                   
Annotating cell sg13g2_dfrbpq_2                                                 
Cell sg13g2_dfrbpq_2 port order was modified.                                   
Annotating cell sg13g2_dfrbpq_1                                                 
Cell sg13g2_dfrbpq_1 port order was modified.                                   
Annotating cell sg13g2_fill_1                                                   
Cell sg13g2_fill_1 port order was modified.                                     
Annotating cell sg13g2_fill_2                                                   
Cell sg13g2_fill_2 port order was modified.                                     
Annotating cell sg13g2_fill_4                                                   
Cell sg13g2_fill_4 port order was modified.                                     
Annotating cell sg13g2_fill_8                                                   
Cell sg13g2_fill_8 port order was modified.                                     
Processing tt_um_yuri_fpga                                                      
Extracting sg13g2_decap_8 into sg13g2_decap_8.ext:                              
Extracting sg13g2_decap_4 into sg13g2_decap_4.ext:                              
Extracting sg13g2_fill_1 into sg13g2_fill_1.ext:                                
Extracting sg13g2_dfrbpq_1 into sg13g2_dfrbpq_1.ext:                            
Extracting sg13g2_mux2_1 into sg13g2_mux2_1.ext:                                
Extracting sg13g2_dlygate4sd3_1 into sg13g2_dlygate4sd3_1.ext:                  
Extracting sg13g2_fill_2 into sg13g2_fill_2.ext:                                
Extracting sg13g2_a21oi_1 into sg13g2_a21oi_1.ext:                              
Extracting sg13g2_buf_8 into sg13g2_buf_8.ext:                                  
Extracting sg13g2_mux4_1 into sg13g2_mux4_1.ext:                                
Extracting sg13g2_o21ai_1 into sg13g2_o21ai_1.ext:                              
Extracting sg13g2_inv_1 into sg13g2_inv_1.ext:                                  
Extracting sg13g2_nand2_1 into sg13g2_nand2_1.ext:                              
Extracting sg13g2_inv_2 into sg13g2_inv_2.ext:                                  
Extracting sg13g2_inv_4 into sg13g2_inv_4.ext:                                  
Extracting sg13g2_nor2_1 into sg13g2_nor2_1.ext:                                
Extracting sg13g2_buf_1 into sg13g2_buf_1.ext:                                  
Extracting sg13g2_nand2b_1 into sg13g2_nand2b_1.ext:                            
Extracting sg13g2_a22oi_1 into sg13g2_a22oi_1.ext:                              
Extracting sg13g2_xnor2_1 into sg13g2_xnor2_1.ext:                              
Extracting sg13g2_or2_1 into sg13g2_or2_1.ext:                                  
Extracting sg13g2_nor2b_1 into sg13g2_nor2b_1.ext:                              
Extracting sg13g2_a21o_1 into sg13g2_a21o_1.ext:                                
Extracting sg13g2_and3_1 into sg13g2_and3_1.ext:                                
Extracting sg13g2_nand3_1 into sg13g2_nand3_1.ext:                              
Extracting sg13g2_a221oi_1 into sg13g2_a221oi_1.ext:                            
Extracting sg13g2_nand3b_1 into sg13g2_nand3b_1.ext:                            
Extracting sg13g2_and2_1 into sg13g2_and2_1.ext:                                
Extracting sg13g2_nor3_1 into sg13g2_nor3_1.ext:                                
Extracting sg13g2_buf_16 into sg13g2_buf_16.ext:                                
Extracting sg13g2_xor2_1 into sg13g2_xor2_1.ext:                                
Extracting sg13g2_nand4_1 into sg13g2_nand4_1.ext:                              
Extracting sg13g2_or3_1 into sg13g2_or3_1.ext:                                  
Extracting sg13g2_tielo into sg13g2_tielo.ext:                                  
Extracting tt_um_yuri_fpga into tt_um_yuri_fpga.ext:                            
exttospice finished.                                                            
──────────────── Spice Extraction-based Illegal Overlap Checker ────────────────
[20:33:41] VERBOSE  Running 'Checker.IllegalOverlap' at             step.py:1138
                    'runs/wokwi/65-checker-illegaloverlap'…                     
[20:33:41] INFO     Check for Magic Illegal Overlap errors clear. checker.py:131
────────────────────────────────── Netgen LVS ──────────────────────────────────
[20:33:41] VERBOSE  Running 'Netgen.LVS' at                         step.py:1138
                    'runs/wokwi/66-netgen-lvs'…                                 
[20:33:41] VERBOSE  Logging subprocess to                           step.py:1338
                    'runs/wokwi/66-netgen-lvs/netgen-lvs.log'…                  
Netgen 1.5.316 compiled on Tue Feb 10 10:44:29 UTC 2026                         
Warning: netgen command 'format' use fully-qualified name '::netgen::format'    
Warning: netgen command 'global' use fully-qualified name '::netgen::global'    
Warning:  A case-insensitive file has been read and so the      verilog file    
must be treated case-insensitive to match.                                      
Reading SPICE netlist file                                                      
'/Users/yuri/ttsetup/pdk/ciel/ihp-sg13g2/versions/c4b8b4e5e7a05f375cca3815d51b3a
37721fbf5c/ihp-sg13g2/libs.ref/sg13g2_stdcell/spice/sg13g2_stdcell.spice'...    
Call to undefined subcircuit sg13_lv_nmos                                       
Creating placeholder cell definition.                                           
Call to undefined subcircuit sg13_lv_pmos                                       
Creating placeholder cell definition.                                           
Call to undefined subcircuit dantenna                                           
Creating placeholder cell definition.                                           
Call to undefined subcircuit dpantenna                                          
Creating placeholder cell definition.                                           
Reading SPICE netlist file                                                      
'/Users/yuri/ttsetup/pdk/ciel/ihp-sg13g2/versions/c4b8b4e5e7a05f375cca3815d51b3a
37721fbf5c/ihp-sg13g2/libs.ref/sg13g2_io/spice/sg13g2_io.spi'...                
Call to undefined subcircuit sg13_hv_nmos                                       
Creating placeholder cell definition.                                           
Call to undefined subcircuit sg13_hv_pmos                                       
Creating placeholder cell definition.                                           
Call to undefined subcircuit rppd                                               
Creating placeholder cell definition.                                           
Reading Verilog netlist file                                                    
'/Users/yuri/Documents/5_projects/swisschips-fpga/tt-fpga/runs/wokwi/52-openroad
-fillinsertion/tt_um_yuri_fpga.pnl.v'...                                        
Warning:  A case-insensitive file has been read and so the      verilog file    
must be treated case-insensitive to match.                                      
Note:  Implicit pin X in instance clkload0 of sg13g2_buf_8 in cell              
tt_um_yuri_fpga                                                                 
Note:  Implicit pin Y in instance clkload1 of sg13g2_inv_1 in cell              
tt_um_yuri_fpga                                                                 
Note:  Implicit pin Y in instance clkload10 of sg13g2_inv_2 in cell             
tt_um_yuri_fpga                                                                 
Note:  Implicit pin Y in instance clkload2 of sg13g2_inv_1 in cell              
tt_um_yuri_fpga                                                                 
Note:  Implicit pin Y in instance clkload3 of sg13g2_inv_4 in cell              
tt_um_yuri_fpga                                                                 
Note:  Implicit pin X in instance clkload4 of sg13g2_buf_8 in cell              
tt_um_yuri_fpga                                                                 
Note:  Implicit pin Y in instance clkload5 of sg13g2_inv_1 in cell              
tt_um_yuri_fpga                                                                 
Note:  Implicit pin Y in instance clkload6 of sg13g2_inv_2 in cell              
tt_um_yuri_fpga                                                                 
Note:  Implicit pin Y in instance clkload7 of sg13g2_inv_2 in cell              
tt_um_yuri_fpga                                                                 
Note:  Implicit pin Y in instance clkload8 of sg13g2_inv_2 in cell              
tt_um_yuri_fpga                                                                 
Note:  Implicit pin Y in instance clkload9 of sg13g2_inv_2 in cell              
tt_um_yuri_fpga                                                                 
Treating empty subcircuits as black-box cells                                   
Generating JSON file result                                                     
                                                                                
Reading setup file                                                              
/nix/store/cil34vbqkmknv7wg2qsj1xm4wv8rivpj-python3-3.13.9-env/lib/python3.13/si
te-packages/librelane/scripts/netgen/setup.tcl                                  
                                                                                
Model rppd pin 1 == 2                                                           
No property b found for device rppd                                             
Model sg13_hv_nmos pin 1 == 3                                                   
No property ng found for device sg13_hv_nmos                                    
No property as found for device sg13_hv_nmos                                    
No property ad found for device sg13_hv_nmos                                    
No property pd found for device sg13_hv_nmos                                    
No property ps found for device sg13_hv_nmos                                    
No property trise found for device sg13_hv_nmos                                 
No property z1 found for device sg13_hv_nmos                                    
No property z2 found for device sg13_hv_nmos                                    
No property wmin found for device sg13_hv_nmos                                  
No property rfmode found for device sg13_hv_nmos                                
No property pre_layout found for device sg13_hv_nmos                            
Model sg13_hv_pmos pin 1 == 3                                                   
No property ng found for device sg13_hv_pmos                                    
No property as found for device sg13_hv_pmos                                    
No property ad found for device sg13_hv_pmos                                    
No property pd found for device sg13_hv_pmos                                    
No property ps found for device sg13_hv_pmos                                    
No property trise found for device sg13_hv_pmos                                 
No property z1 found for device sg13_hv_pmos                                    
No property z2 found for device sg13_hv_pmos                                    
No property wmin found for device sg13_hv_pmos                                  
No property rfmode found for device sg13_hv_pmos                                
No property pre_layout found for device sg13_hv_pmos                            
Model sg13_lv_nmos pin 1 == 3                                                   
No property trise found for device sg13_lv_nmos                                 
No property z1 found for device sg13_lv_nmos                                    
No property z2 found for device sg13_lv_nmos                                    
No property wmin found for device sg13_lv_nmos                                  
No property rfmode found for device sg13_lv_nmos                                
No property pre_layout found for device sg13_lv_nmos                            
Model sg13_lv_pmos pin 1 == 3                                                   
No property trise found for device sg13_lv_pmos                                 
No property z1 found for device sg13_lv_pmos                                    
No property z2 found for device sg13_lv_pmos                                    
No property wmin found for device sg13_lv_pmos                                  
No property rfmode found for device sg13_lv_pmos                                
No property pre_layout found for device sg13_lv_pmos                            
No property DEV_A found for device dantenna                                     
No property DEV_P found for device dantenna                                     
No property DEV_C found for device dantenna                                     
No property DEV_A found for device dpantenna                                    
No property DEV_P found for device dpantenna                                    
No property DEV_C found for device dpantenna                                    
Comparison output logged to file                                                
/Users/yuri/Documents/5_projects/swisschips-fpga/tt-fpga/runs/wokwi/66-netgen-lv
s/reports/lvs.netgen.rpt                                                        
Logging to file                                                                 
"/Users/yuri/Documents/5_projects/swisschips-fpga/tt-fpga/runs/wokwi/66-netgen-l
vs/reports/lvs.netgen.rpt" enabled                                              
                                                                                
Contents of circuit 1:  Circuit: 'sg13g2_dlygate4sd3_1'                         
Circuit sg13g2_dlygate4sd3_1 contains 0 device instances.                       
Circuit contains 0 nets, and 4 disconnected pins.                               
Contents of circuit 2:  Circuit: 'sg13g2_dlygate4sd3_1'                         
Circuit sg13g2_dlygate4sd3_1 contains 8 device instances.                       
  Class: sg13_lv_pmos          instances:   4                                   
  Class: sg13_lv_nmos          instances:   4                                   
Circuit contains 7 nets.                                                        
                                                                                
Circuit sg13g2_dlygate4sd3_1 contains no devices.                               
                                                                                
Contents of circuit 1:  Circuit: 'sg13g2_fill_1'                                
Circuit sg13g2_fill_1 contains 0 device instances.                              
Circuit contains 0 nets, and 2 disconnected pins.                               
Contents of circuit 2:  Circuit: 'sg13g2_fill_1'                                
Circuit sg13g2_fill_1 contains 0 device instances.                              
Circuit contains 0 nets, and 2 disconnected pins.                               
                                                                                
Circuit sg13g2_fill_1 contains no devices.                                      
                                                                                
Contents of circuit 1:  Circuit: 'sg13g2_decap_8'                               
Circuit sg13g2_decap_8 contains 0 device instances.                             
Circuit contains 0 nets, and 2 disconnected pins.                               
Contents of circuit 2:  Circuit: 'sg13g2_decap_8'                               
Circuit sg13g2_decap_8 contains 2 device instances.                             
  Class: sg13_lv_pmos          instances:   1                                   
  Class: sg13_lv_nmos          instances:   1                                   
Circuit contains 2 nets.                                                        
                                                                                
Circuit sg13g2_decap_8 contains no devices.                                     
                                                                                
Contents of circuit 1:  Circuit: 'sg13g2_mux2_1'                                
Circuit sg13g2_mux2_1 contains 0 device instances.                              
Circuit contains 0 nets, and 6 disconnected pins.                               
Contents of circuit 2:  Circuit: 'sg13g2_mux2_1'                                
Circuit sg13g2_mux2_1 contains 12 device instances.                             
  Class: sg13_lv_pmos          instances:   6                                   
  Class: sg13_lv_nmos          instances:   6                                   
Circuit contains 12 nets.                                                       
                                                                                
Circuit sg13g2_mux2_1 contains no devices.                                      
                                                                                
Contents of circuit 1:  Circuit: 'sg13g2_fill_2'                                
Circuit sg13g2_fill_2 contains 0 device instances.                              
Circuit contains 0 nets, and 2 disconnected pins.                               
Contents of circuit 2:  Circuit: 'sg13g2_fill_2'                                
Circuit sg13g2_fill_2 contains 0 device instances.                              
Circuit contains 0 nets, and 2 disconnected pins.                               
                                                                                
Circuit sg13g2_fill_2 contains no devices.                                      
                                                                                
Contents of circuit 1:  Circuit: 'sg13g2_nor2_1'                                
Circuit sg13g2_nor2_1 contains 0 device instances.                              
Circuit contains 0 nets, and 5 disconnected pins.                               
Contents of circuit 2:  Circuit: 'sg13g2_nor2_1'                                
Circuit sg13g2_nor2_1 contains 4 device instances.                              
  Class: sg13_lv_pmos          instances:   2                                   
  Class: sg13_lv_nmos          instances:   2                                   
Circuit contains 6 nets.                                                        
                                                                                
Circuit sg13g2_nor2_1 contains no devices.                                      
                                                                                
Contents of circuit 1:  Circuit: 'sg13g2_dfrbpq_1'                              
Circuit sg13g2_dfrbpq_1 contains 0 device instances.                            
Circuit contains 0 nets, and 6 disconnected pins.                               
Contents of circuit 2:  Circuit: 'sg13g2_dfrbpq_1'                              
Circuit sg13g2_dfrbpq_1 contains 32 device instances.                           
  Class: sg13_lv_pmos          instances:  16                                   
  Class: sg13_lv_nmos          instances:  16                                   
Circuit contains 21 nets.                                                       
                                                                                
Circuit sg13g2_dfrbpq_1 contains no devices.                                    
                                                                                
Contents of circuit 1:  Circuit: 'sg13g2_o21ai_1'                               
Circuit sg13g2_o21ai_1 contains 0 device instances.                             
Circuit contains 0 nets, and 6 disconnected pins.                               
Contents of circuit 2:  Circuit: 'sg13g2_o21ai_1'                               
Circuit sg13g2_o21ai_1 contains 6 device instances.                             
  Class: sg13_lv_pmos          instances:   3                                   
  Class: sg13_lv_nmos          instances:   3                                   
Circuit contains 8 nets.                                                        
                                                                                
Circuit sg13g2_o21ai_1 contains no devices.                                     
                                                                                
Contents of circuit 1:  Circuit: 'sg13g2_nor3_1'                                
Circuit sg13g2_nor3_1 contains 0 device instances.                              
Circuit contains 0 nets, and 6 disconnected pins.                               
Contents of circuit 2:  Circuit: 'sg13g2_nor3_1'                                
Circuit sg13g2_nor3_1 contains 6 device instances.                              
  Class: sg13_lv_pmos          instances:   3                                   
  Class: sg13_lv_nmos          instances:   3                                   
Circuit contains 8 nets.                                                        
                                                                                
Circuit sg13g2_nor3_1 contains no devices.                                      
                                                                                
Contents of circuit 1:  Circuit: 'sg13g2_a21o_1'                                
Circuit sg13g2_a21o_1 contains 0 device instances.                              
Circuit contains 0 nets, and 6 disconnected pins.                               
Contents of circuit 2:  Circuit: 'sg13g2_a21o_1'                                
Circuit sg13g2_a21o_1 contains 8 device instances.                              
  Class: sg13_lv_pmos          instances:   4                                   
  Class: sg13_lv_nmos          instances:   4                                   
Circuit contains 9 nets.                                                        
                                                                                
Circuit sg13g2_a21o_1 contains no devices.                                      
                                                                                
Contents of circuit 1:  Circuit: 'sg13g2_decap_4'                               
Circuit sg13g2_decap_4 contains 0 device instances.                             
Circuit contains 0 nets, and 2 disconnected pins.                               
Contents of circuit 2:  Circuit: 'sg13g2_decap_4'                               
Circuit sg13g2_decap_4 contains 2 device instances.                             
  Class: sg13_lv_pmos          instances:   1                                   
  Class: sg13_lv_nmos          instances:   1                                   
Circuit contains 2 nets.                                                        
                                                                                
Circuit sg13g2_decap_4 contains no devices.                                     
                                                                                
Contents of circuit 1:  Circuit: 'sg13g2_a22oi_1'                               
Circuit sg13g2_a22oi_1 contains 0 device instances.                             
Circuit contains 0 nets, and 7 disconnected pins.                               
Contents of circuit 2:  Circuit: 'sg13g2_a22oi_1'                               
Circuit sg13g2_a22oi_1 contains 8 device instances.                             
  Class: sg13_lv_pmos          instances:   4                                   
  Class: sg13_lv_nmos          instances:   4                                   
Circuit contains 10 nets.                                                       
                                                                                
Circuit sg13g2_a22oi_1 contains no devices.                                     
                                                                                
Contents of circuit 1:  Circuit: 'sg13g2_nand3b_1'                              
Circuit sg13g2_nand3b_1 contains 0 device instances.                            
Circuit contains 0 nets, and 6 disconnected pins.                               
Contents of circuit 2:  Circuit: 'sg13g2_nand3b_1'                              
Circuit sg13g2_nand3b_1 contains 8 device instances.                            
  Class: sg13_lv_pmos          instances:   4                                   
  Class: sg13_lv_nmos          instances:   4                                   
Circuit contains 9 nets.                                                        
                                                                                
Circuit sg13g2_nand3b_1 contains no devices.                                    
                                                                                
Contents of circuit 1:  Circuit: 'sg13g2_a21oi_1'                               
Circuit sg13g2_a21oi_1 contains 0 device instances.                             
Circuit contains 0 nets, and 6 disconnected pins.                               
Contents of circuit 2:  Circuit: 'sg13g2_a21oi_1'                               
Circuit sg13g2_a21oi_1 contains 6 device instances.                             
  Class: sg13_lv_pmos          instances:   3                                   
  Class: sg13_lv_nmos          instances:   3                                   
Circuit contains 8 nets.                                                        
                                                                                
Circuit sg13g2_a21oi_1 contains no devices.                                     
                                                                                
Contents of circuit 1:  Circuit: 'sg13g2_inv_1'                                 
Circuit sg13g2_inv_1 contains 0 device instances.                               
Circuit contains 0 nets, and 4 disconnected pins.                               
Contents of circuit 2:  Circuit: 'sg13g2_inv_1'                                 
Circuit sg13g2_inv_1 contains 2 device instances.                               
  Class: sg13_lv_pmos          instances:   1                                   
  Class: sg13_lv_nmos          instances:   1                                   
Circuit contains 4 nets.                                                        
                                                                                
Circuit sg13g2_inv_1 contains no devices.                                       
                                                                                
Contents of circuit 1:  Circuit: 'sg13g2_buf_1'                                 
Circuit sg13g2_buf_1 contains 0 device instances.                               
Circuit contains 0 nets, and 4 disconnected pins.                               
Contents of circuit 2:  Circuit: 'sg13g2_buf_1'                                 
Circuit sg13g2_buf_1 contains 4 device instances.                               
  Class: sg13_lv_pmos          instances:   2                                   
  Class: sg13_lv_nmos          instances:   2                                   
Circuit contains 5 nets.                                                        
                                                                                
Circuit sg13g2_buf_1 contains no devices.                                       
                                                                                
Contents of circuit 1:  Circuit: 'sg13g2_nand2_1'                               
Circuit sg13g2_nand2_1 contains 0 device instances.                             
Circuit contains 0 nets, and 5 disconnected pins.                               
Contents of circuit 2:  Circuit: 'sg13g2_nand2_1'                               
Circuit sg13g2_nand2_1 contains 4 device instances.                             
  Class: sg13_lv_pmos          instances:   2                                   
  Class: sg13_lv_nmos          instances:   2                                   
Circuit contains 6 nets.                                                        
                                                                                
Circuit sg13g2_nand2_1 contains no devices.                                     
                                                                                
Contents of circuit 1:  Circuit: 'sg13g2_mux4_1'                                
Circuit sg13g2_mux4_1 contains 0 device instances.                              
Circuit contains 0 nets, and 9 disconnected pins.                               
Contents of circuit 2:  Circuit: 'sg13g2_mux4_1'                                
Circuit sg13g2_mux4_1 contains 26 device instances.                             
  Class: sg13_lv_pmos          instances:  13                                   
  Class: sg13_lv_nmos          instances:  13                                   
Circuit contains 22 nets.                                                       
                                                                                
Circuit sg13g2_mux4_1 contains no devices.                                      
                                                                                
Contents of circuit 1:  Circuit: 'sg13g2_nand3_1'                               
Circuit sg13g2_nand3_1 contains 0 device instances.                             
Circuit contains 0 nets, and 6 disconnected pins.                               
Contents of circuit 2:  Circuit: 'sg13g2_nand3_1'                               
Circuit sg13g2_nand3_1 contains 6 device instances.                             
  Class: sg13_lv_pmos          instances:   3                                   
  Class: sg13_lv_nmos          instances:   3                                   
Circuit contains 8 nets.                                                        
                                                                                
Circuit sg13g2_nand3_1 contains no devices.                                     
                                                                                
Contents of circuit 1:  Circuit: 'sg13g2_nand2b_1'                              
Circuit sg13g2_nand2b_1 contains 0 device instances.                            
Circuit contains 0 nets, and 5 disconnected pins.                               
Contents of circuit 2:  Circuit: 'sg13g2_nand2b_1'                              
Circuit sg13g2_nand2b_1 contains 6 device instances.                            
  Class: sg13_lv_pmos          instances:   3                                   
  Class: sg13_lv_nmos          instances:   3                                   
Circuit contains 7 nets.                                                        
                                                                                
Circuit sg13g2_nand2b_1 contains no devices.                                    
                                                                                
Contents of circuit 1:  Circuit: 'sg13g2_and3_1'                                
Circuit sg13g2_and3_1 contains 0 device instances.                              
Circuit contains 0 nets, and 6 disconnected pins.                               
Contents of circuit 2:  Circuit: 'sg13g2_and3_1'                                
Circuit sg13g2_and3_1 contains 8 device instances.                              
  Class: sg13_lv_pmos          instances:   4                                   
  Class: sg13_lv_nmos          instances:   4                                   
Circuit contains 9 nets.                                                        
                                                                                
Circuit sg13g2_and3_1 contains no devices.                                      
                                                                                
Contents of circuit 1:  Circuit: 'sg13g2_and2_1'                                
Circuit sg13g2_and2_1 contains 0 device instances.                              
Circuit contains 0 nets, and 5 disconnected pins.                               
Contents of circuit 2:  Circuit: 'sg13g2_and2_1'                                
Circuit sg13g2_and2_1 contains 6 device instances.                              
  Class: sg13_lv_pmos          instances:   3                                   
  Class: sg13_lv_nmos          instances:   3                                   
Circuit contains 7 nets.                                                        
                                                                                
Circuit sg13g2_and2_1 contains no devices.                                      
                                                                                
Contents of circuit 1:  Circuit: 'sg13g2_buf_8'                                 
Circuit sg13g2_buf_8 contains 0 device instances.                               
Circuit contains 0 nets, and 4 disconnected pins.                               
Contents of circuit 2:  Circuit: 'sg13g2_buf_8'                                 
Circuit sg13g2_buf_8 contains 4 device instances.                               
  Class: sg13_lv_pmos          instances:   2                                   
  Class: sg13_lv_nmos          instances:   2                                   
Circuit contains 5 nets.                                                        
                                                                                
Circuit sg13g2_buf_8 contains no devices.                                       
                                                                                
Contents of circuit 1:  Circuit: 'sg13g2_tielo'                                 
Circuit sg13g2_tielo contains 0 device instances.                               
Circuit contains 0 nets, and 3 disconnected pins.                               
Contents of circuit 2:  Circuit: 'sg13g2_tielo'                                 
Circuit sg13g2_tielo contains 4 device instances.                               
  Class: sg13_lv_pmos          instances:   2                                   
  Class: sg13_lv_nmos          instances:   2                                   
Circuit contains 6 nets.                                                        
                                                                                
Circuit sg13g2_tielo contains no devices.                                       
                                                                                
Contents of circuit 1:  Circuit: 'sg13g2_xnor2_1'                               
Circuit sg13g2_xnor2_1 contains 0 device instances.                             
Circuit contains 0 nets, and 5 disconnected pins.                               
Contents of circuit 2:  Circuit: 'sg13g2_xnor2_1'                               
Circuit sg13g2_xnor2_1 contains 10 device instances.                            
  Class: sg13_lv_pmos          instances:   5                                   
  Class: sg13_lv_nmos          instances:   5                                   
Circuit contains 9 nets.                                                        
                                                                                
Circuit sg13g2_xnor2_1 contains no devices.                                     
                                                                                
Contents of circuit 1:  Circuit: 'sg13g2_nor2b_1'                               
Circuit sg13g2_nor2b_1 contains 0 device instances.                             
Circuit contains 0 nets, and 5 disconnected pins.                               
Contents of circuit 2:  Circuit: 'sg13g2_nor2b_1'                               
Circuit sg13g2_nor2b_1 contains 6 device instances.                             
  Class: sg13_lv_pmos          instances:   3                                   
  Class: sg13_lv_nmos          instances:   3                                   
Circuit contains 7 nets.                                                        
                                                                                
Circuit sg13g2_nor2b_1 contains no devices.                                     
                                                                                
Contents of circuit 1:  Circuit: 'sg13g2_a221oi_1'                              
Circuit sg13g2_a221oi_1 contains 0 device instances.                            
Circuit contains 0 nets, and 8 disconnected pins.                               
Contents of circuit 2:  Circuit: 'sg13g2_a221oi_1'                              
Circuit sg13g2_a221oi_1 contains 10 device instances.                           
  Class: sg13_lv_pmos          instances:   5                                   
  Class: sg13_lv_nmos          instances:   5                                   
Circuit contains 12 nets.                                                       
                                                                                
Circuit sg13g2_a221oi_1 contains no devices.                                    
                                                                                
Contents of circuit 1:  Circuit: 'sg13g2_or2_1'                                 
Circuit sg13g2_or2_1 contains 0 device instances.                               
Circuit contains 0 nets, and 5 disconnected pins.                               
Contents of circuit 2:  Circuit: 'sg13g2_or2_1'                                 
Circuit sg13g2_or2_1 contains 6 device instances.                               
  Class: sg13_lv_pmos          instances:   3                                   
  Class: sg13_lv_nmos          instances:   3                                   
Circuit contains 7 nets.                                                        
                                                                                
Circuit sg13g2_or2_1 contains no devices.                                       
                                                                                
Contents of circuit 1:  Circuit: 'sg13g2_inv_4'                                 
Circuit sg13g2_inv_4 contains 0 device instances.                               
Circuit contains 0 nets, and 4 disconnected pins.                               
Contents of circuit 2:  Circuit: 'sg13g2_inv_4'                                 
Circuit sg13g2_inv_4 contains 2 device instances.                               
  Class: sg13_lv_pmos          instances:   1                                   
  Class: sg13_lv_nmos          instances:   1                                   
Circuit contains 4 nets.                                                        
                                                                                
Circuit sg13g2_inv_4 contains no devices.                                       
                                                                                
Contents of circuit 1:  Circuit: 'sg13g2_buf_16'                                
Circuit sg13g2_buf_16 contains 0 device instances.                              
Circuit contains 0 nets, and 4 disconnected pins.                               
Contents of circuit 2:  Circuit: 'sg13g2_buf_16'                                
Circuit sg13g2_buf_16 contains 4 device instances.                              
  Class: sg13_lv_pmos          instances:   2                                   
  Class: sg13_lv_nmos          instances:   2                                   
Circuit contains 5 nets.                                                        
                                                                                
Circuit sg13g2_buf_16 contains no devices.                                      
                                                                                
Contents of circuit 1:  Circuit: 'sg13g2_inv_2'                                 
Circuit sg13g2_inv_2 contains 0 device instances.                               
Circuit contains 0 nets, and 4 disconnected pins.                               
Contents of circuit 2:  Circuit: 'sg13g2_inv_2'                                 
Circuit sg13g2_inv_2 contains 2 device instances.                               
  Class: sg13_lv_pmos          instances:   1                                   
  Class: sg13_lv_nmos          instances:   1                                   
Circuit contains 4 nets.                                                        
                                                                                
Circuit sg13g2_inv_2 contains no devices.                                       
                                                                                
Contents of circuit 1:  Circuit: 'sg13g2_or3_1'                                 
Circuit sg13g2_or3_1 contains 0 device instances.                               
Circuit contains 0 nets, and 6 disconnected pins.                               
Contents of circuit 2:  Circuit: 'sg13g2_or3_1'                                 
Circuit sg13g2_or3_1 contains 8 device instances.                               
  Class: sg13_lv_pmos          instances:   4                                   
  Class: sg13_lv_nmos          instances:   4                                   
Circuit contains 9 nets.                                                        
                                                                                
Circuit sg13g2_or3_1 contains no devices.                                       
                                                                                
Contents of circuit 1:  Circuit: 'sg13g2_xor2_1'                                
Circuit sg13g2_xor2_1 contains 0 device instances.                              
Circuit contains 0 nets, and 5 disconnected pins.                               
Contents of circuit 2:  Circuit: 'sg13g2_xor2_1'                                
Circuit sg13g2_xor2_1 contains 10 device instances.                             
  Class: sg13_lv_pmos          instances:   5                                   
  Class: sg13_lv_nmos          instances:   5                                   
Circuit contains 9 nets.                                                        
                                                                                
Circuit sg13g2_xor2_1 contains no devices.                                      
                                                                                
Contents of circuit 1:  Circuit: 'sg13g2_nand4_1'                               
Circuit sg13g2_nand4_1 contains 0 device instances.                             
Circuit contains 0 nets, and 7 disconnected pins.                               
Contents of circuit 2:  Circuit: 'sg13g2_nand4_1'                               
Circuit sg13g2_nand4_1 contains 8 device instances.                             
  Class: sg13_lv_pmos          instances:   4                                   
  Class: sg13_lv_nmos          instances:   4                                   
Circuit contains 10 nets.                                                       
                                                                                
Circuit sg13g2_nand4_1 contains no devices.                                     
                                                                                
Contents of circuit 1:  Circuit: 'tt_um_yuri_fpga'                              
Circuit tt_um_yuri_fpga contains 2026 device instances.                         
  Class: sg13g2_dlygate4sd3_1  instances: 272                                   
  Class: sg13g2_buf_16         instances:   5                                   
  Class: sg13g2_dfrbpq_1       instances: 204                                   
  Class: sg13g2_and3_1         instances:  11                                   
  Class: sg13g2_or2_1          instances:   6                                   
  Class: sg13g2_nor2b_1        instances:  18                                   
  Class: sg13g2_nand3_1        instances:  18                                   
  Class: sg13g2_mux2_1         instances: 198                                   
  Class: sg13g2_decap_4        instances: 153                                   
  Class: sg13g2_decap_8        instances: 280                                   
  Class: sg13g2_and2_1         instances:  10                                   
  Class: sg13g2_nand2_1        instances:  32                                   
  Class: sg13g2_nor3_1         instances:  18                                   
  Class: sg13g2_nand3b_1       instances:   7                                   
  Class: sg13g2_fill_1         instances: 241                                   
  Class: sg13g2_fill_2         instances: 211                                   
  Class: sg13g2_tielo          instances:  20                                   
  Class: sg13g2_nor2_1         instances:  20                                   
  Class: sg13g2_buf_1          instances:  91                                   
  Class: sg13g2_buf_8          instances:  17                                   
  Class: sg13g2_a22oi_1        instances:  25                                   
  Class: sg13g2_o21ai_1        instances:  32                                   
  Class: sg13g2_a21oi_1        instances:  45                                   
  Class: sg13g2_a21o_1         instances:   6                                   
  Class: sg13g2_nand2b_1       instances:   9                                   
  Class: sg13g2_a221oi_1       instances:  10                                   
  Class: sg13g2_inv_1          instances:  33                                   
  Class: sg13g2_inv_2          instances:   5                                   
  Class: sg13g2_inv_4          instances:   1                                   
  Class: sg13g2_xor2_1         instances:   1                                   
  Class: sg13g2_mux4_1         instances:  20                                   
  Class: sg13g2_xnor2_1        instances:   4                                   
  Class: sg13g2_or3_1          instances:   1                                   
  Class: sg13g2_nand4_1        instances:   2                                   
Circuit contains 1153 nets, and 9 disconnected pins.                            
Contents of circuit 2:  Circuit: 'tt_um_yuri_fpga'                              
Circuit tt_um_yuri_fpga contains 2026 device instances.                         
  Class: sg13g2_dlygate4sd3_1  instances: 272                                   
  Class: sg13g2_buf_16         instances:   5                                   
  Class: sg13g2_dfrbpq_1       instances: 204                                   
  Class: sg13g2_and3_1         instances:  11                                   
  Class: sg13g2_or2_1          instances:   6                                   
  Class: sg13g2_nor2b_1        instances:  18                                   
  Class: sg13g2_nand3_1        instances:  18                                   
  Class: sg13g2_mux2_1         instances: 198                                   
  Class: sg13g2_decap_4        instances: 153                                   
  Class: sg13g2_decap_8        instances: 280                                   
  Class: sg13g2_and2_1         instances:  10                                   
  Class: sg13g2_nand2_1        instances:  32                                   
  Class: sg13g2_nor3_1         instances:  18                                   
  Class: sg13g2_nand3b_1       instances:   7                                   
  Class: sg13g2_fill_1         instances: 241                                   
  Class: sg13g2_fill_2         instances: 211                                   
  Class: sg13g2_tielo          instances:  20                                   
  Class: sg13g2_nor2_1         instances:  20                                   
  Class: sg13g2_buf_1          instances:  91                                   
  Class: sg13g2_buf_8          instances:  17                                   
  Class: sg13g2_a22oi_1        instances:  25                                   
  Class: sg13g2_o21ai_1        instances:  32                                   
  Class: sg13g2_a21oi_1        instances:  45                                   
  Class: sg13g2_a21o_1         instances:   6                                   
  Class: sg13g2_nand2b_1       instances:   9                                   
  Class: sg13g2_a221oi_1       instances:  10                                   
  Class: sg13g2_inv_1          instances:  33                                   
  Class: sg13g2_inv_2          instances:   5                                   
  Class: sg13g2_inv_4          instances:   1                                   
  Class: sg13g2_xor2_1         instances:   1                                   
  Class: sg13g2_mux4_1         instances:  20                                   
  Class: sg13g2_xnor2_1        instances:   4                                   
  Class: sg13g2_or3_1          instances:   1                                   
  Class: sg13g2_nand4_1        instances:   2                                   
Circuit contains 1153 nets, and 9 disconnected pins.                            
                                                                                
Circuit was modified by parallel/series device merging.                         
New circuit summary:                                                            
                                                                                
Contents of circuit 1:  Circuit: 'tt_um_yuri_fpga'                              
Circuit tt_um_yuri_fpga contains 1145 device instances.                         
  Class: sg13g2_dlygate4sd3_1  instances: 272                                   
  Class: sg13g2_buf_16         instances:   5                                   
  Class: sg13g2_dfrbpq_1       instances: 204                                   
  Class: sg13g2_and3_1         instances:  11                                   
  Class: sg13g2_or2_1          instances:   6                                   
  Class: sg13g2_nor2b_1        instances:  18                                   
  Class: sg13g2_nand3_1        instances:  18                                   
  Class: sg13g2_mux2_1         instances: 198                                   
  Class: sg13g2_decap_4        instances:   1                                   
  Class: sg13g2_decap_8        instances:   1                                   
  Class: sg13g2_and2_1         instances:  10                                   
  Class: sg13g2_nand2_1        instances:  32                                   
  Class: sg13g2_nor3_1         instances:  18                                   
  Class: sg13g2_nand3b_1       instances:   7                                   
  Class: sg13g2_fill_1         instances:   1                                   
  Class: sg13g2_fill_2         instances:   1                                   
  Class: sg13g2_tielo          instances:  20                                   
  Class: sg13g2_nor2_1         instances:  20                                   
  Class: sg13g2_buf_1          instances:  91                                   
  Class: sg13g2_buf_8          instances:  17                                   
  Class: sg13g2_a22oi_1        instances:  25                                   
  Class: sg13g2_o21ai_1        instances:  32                                   
  Class: sg13g2_a21oi_1        instances:  45                                   
  Class: sg13g2_a21o_1         instances:   6                                   
  Class: sg13g2_nand2b_1       instances:   9                                   
  Class: sg13g2_a221oi_1       instances:  10                                   
  Class: sg13g2_inv_1          instances:  33                                   
  Class: sg13g2_inv_2          instances:   5                                   
  Class: sg13g2_inv_4          instances:   1                                   
  Class: sg13g2_xor2_1         instances:   1                                   
  Class: sg13g2_mux4_1         instances:  20                                   
  Class: sg13g2_xnor2_1        instances:   4                                   
  Class: sg13g2_or3_1          instances:   1                                   
  Class: sg13g2_nand4_1        instances:   2                                   
Circuit contains 1153 nets, and 9 disconnected pins.                            
Contents of circuit 2:  Circuit: 'tt_um_yuri_fpga'                              
Circuit tt_um_yuri_fpga contains 1145 device instances.                         
  Class: sg13g2_dlygate4sd3_1  instances: 272                                   
  Class: sg13g2_buf_16         instances:   5                                   
  Class: sg13g2_dfrbpq_1       instances: 204                                   
  Class: sg13g2_and3_1         instances:  11                                   
  Class: sg13g2_or2_1          instances:   6                                   
  Class: sg13g2_nor2b_1        instances:  18                                   
  Class: sg13g2_nand3_1        instances:  18                                   
  Class: sg13g2_mux2_1         instances: 198                                   
  Class: sg13g2_decap_4        instances:   1                                   
  Class: sg13g2_decap_8        instances:   1                                   
  Class: sg13g2_and2_1         instances:  10                                   
  Class: sg13g2_nand2_1        instances:  32                                   
  Class: sg13g2_nor3_1         instances:  18                                   
  Class: sg13g2_nand3b_1       instances:   7                                   
  Class: sg13g2_fill_1         instances:   1                                   
  Class: sg13g2_fill_2         instances:   1                                   
  Class: sg13g2_tielo          instances:  20                                   
  Class: sg13g2_nor2_1         instances:  20                                   
  Class: sg13g2_buf_1          instances:  91                                   
  Class: sg13g2_buf_8          instances:  17                                   
  Class: sg13g2_a22oi_1        instances:  25                                   
  Class: sg13g2_o21ai_1        instances:  32                                   
  Class: sg13g2_a21oi_1        instances:  45                                   
  Class: sg13g2_a21o_1         instances:   6                                   
  Class: sg13g2_nand2b_1       instances:   9                                   
  Class: sg13g2_a221oi_1       instances:  10                                   
  Class: sg13g2_inv_1          instances:  33                                   
  Class: sg13g2_inv_2          instances:   5                                   
  Class: sg13g2_inv_4          instances:   1                                   
  Class: sg13g2_xor2_1         instances:   1                                   
  Class: sg13g2_mux4_1         instances:  20                                   
  Class: sg13g2_xnor2_1        instances:   4                                   
  Class: sg13g2_or3_1          instances:   1                                   
  Class: sg13g2_nand4_1        instances:   2                                   
Circuit contains 1153 nets, and 9 disconnected pins.                            
                                                                                
Circuit 1 contains 1145 devices, Circuit 2 contains 1145 devices.               
Circuit 1 contains 1153 nets,    Circuit 2 contains 1153 nets.                  
                                                                                
                                                                                
Final result:                                                                   
Circuits match uniquely.                                                        
.                                                                               
Logging to file                                                                 
"/Users/yuri/Documents/5_projects/swisschips-fpga/tt-fpga/runs/wokwi/66-netgen-l
vs/reports/lvs.netgen.rpt" disabled                                             
LVS Done.                                                                       
────────────────────── Layout vs. Schematic Error Checker ──────────────────────
[20:33:41] VERBOSE  Running 'Checker.LVS' at                        step.py:1138
                    'runs/wokwi/67-checker-lvs'…                                
[20:33:41] INFO     Check for LVS errors clear.                   checker.py:131
[20:33:41] INFO     Gating variable for step 'Yosys.EQY' set   sequential.py:362
                    to 'False'- the step will be skipped.                       
[20:33:41] INFO     Skipping step 'Equivalence Check'…         sequential.py:370
─────────────────────── Setup Timing Violations Checker ────────────────────────
[20:33:41] VERBOSE  Running 'Checker.SetupViolations' at            step.py:1138
                    'runs/wokwi/68-checker-setupviolations'…                    
[20:33:41] VERBOSE  No setup violations found                     checker.py:628
──────────────────────── Hold Timing Violations Checker ────────────────────────
[20:33:41] VERBOSE  Running 'Checker.HoldViolations' at             step.py:1138
                    'runs/wokwi/69-checker-holdviolations'…                     
[20:33:41] VERBOSE  No hold violations found                      checker.py:628
─────────────────────── Maximum Slew Violations Checker ────────────────────────
[20:33:41] VERBOSE  Running 'Checker.MaxSlewViolations' at          step.py:1138
                    'runs/wokwi/70-checker-maxslewviolations'…                  
[20:33:41] VERBOSE  No max slew violations found                  checker.py:628
──────────────────── Maximum Capacitance Violations Checker ────────────────────
[20:33:41] VERBOSE  Running 'Checker.MaxCapViolations' at           step.py:1138
                    'runs/wokwi/71-checker-maxcapviolations'…                   
[20:33:41] VERBOSE  No max cap violations found                   checker.py:628
───────────────── Report Manufacturability (DRC, LVS, Antenna) ─────────────────
[20:33:41] VERBOSE  Running 'Misc.ReportManufacturability' at       step.py:1138
                    'runs/wokwi/72-misc-reportmanufacturability'…               
[20:33:41] WARNING  klayout__drc_error__count not reported.          misc.py:102
                    KLayout.DRC may have been skipped.                          
* Antenna
Passed ✅

* LVS
Passed ✅

* DRC
Passed ✅

[20:33:41] INFO     Saving views to                                 state.py:209
                    '/Users/yuri/Documents/5_projects/swisschips-fp             
                    ga/tt-fpga/runs/wokwi/final'…                               
[20:33:41] INFO     Flow complete.                             sequential.py:413
Classic - Stage 80 - Report Manufacturability ━━━━━━━━━━━━━━━━━━━━ 80/80 0:01:18

[20:33:41] WARNING  The following warnings were generated by the     flow.py:699
                    flow:                                                       
[20:33:41] WARNING  [Checker.LintWarnings] 5 Lint warnings found.    flow.py:701
[20:33:41] WARNING  [OpenROAD.CheckSDCFiles] 'PNR_SDC_FILE' is not   flow.py:701
                    defined. Using generic fallback SDC for OpenROAD            
                    PnR steps.                                                  
[20:33:41] WARNING  [OpenROAD.CheckSDCFiles] 'SIGNOFF_SDC_FILE' is   flow.py:701
                    not defined. Using generic fallback SDC for                 
                    OpenROAD PnR steps.                                         
[20:33:41] WARNING  [Odb.ApplyDEFTemplate] Bterm VPWR is declared as flow.py:701
                    a 'POWER' pin. It will be ignored. (and 2                   
                    similar warnings)                                           
[20:33:41] WARNING  [OpenROAD.GlobalPlacement] [GPL-0302] Target     flow.py:701
                    density 0.6000 is too low for the available free            
                    area.                                                       
[20:33:41] WARNING  [OpenROAD.DetailedRouting] [DRT-0349]            flow.py:701
                    LEF58_ENCLOSURE with no CUTCLASS is not                     
                    supported. Skipping for layer Cont (and 9                   
                    similar warnings)                                           
[20:33:41] WARNING  [Checker.WireLength] Threshold for               flow.py:701
                    Threshold-surpassing long wires is not set. The             
                    checker will be skipped.                                    
[20:33:41] WARNING  [OpenROAD.IRDropReport] 'VSRC_LOC_FILES' was not flow.py:701
                    given a value, which may make the results of IR             
                    drop analysis inaccurate. If you are not                    
                    integrating a top-level chip for manufacture,               
                    you may ignore this warning, otherwise, see the             
                    documentation for 'VSRC_LOC_FILES'.                         
[20:33:41] WARNING  [Misc.ReportManufacturability]                   flow.py:701
                    klayout__drc_error__count not reported.                     
                    KLayout.DRC may have been skipped.                          
